# Gene Familys	demo_Abundance-RPKs
UNMAPPED	118306.0000000000
UniRef90_I9EJJ4	853.9682539683
UniRef90_I9EJJ4|g__Bacteroides.s__Bacteroides_vulgatus	853.9682539683
UniRef90_B5D0V1	454.2685520331
UniRef90_B5D0V1|g__Bacteroides.s__Bacteroides_vulgatus	454.2685520331
UniRef90_A0A395VP60	315.5374087047
UniRef90_A0A395VP60|g__Bacteroides.s__Bacteroides_vulgatus	315.5374087047
UniRef90_A0A3E4PLE2	280.3652717582
UniRef90_A0A3E4PLE2|g__Bacteroides.s__Bacteroides_vulgatus	280.3652717582
UniRef90_A0A078RIU7	233.5992907801
UniRef90_A0A078RIU7|g__Bacteroides.s__Bacteroides_vulgatus	233.5992907801
UniRef90_C6ZAS2	217.7908733931
UniRef90_C6ZAS2|g__Bacteroides.s__Bacteroides_vulgatus	217.7908733931
UniRef90_A0A3E4XFQ6	200.6107912997
UniRef90_A0A3E4XFQ6|g__Bacteroides.s__Bacteroides_vulgatus	200.6107912997
UniRef90_G1UM91	200.0000000000
UniRef90_G1UM91|g__Bacteroides.s__Bacteroides_vulgatus	200.0000000000
UniRef90_A0A396E449	198.4870406363
UniRef90_A0A396E449|g__Bacteroides.s__Bacteroides_vulgatus	198.4870406363
UniRef90_A6KZR2	186.0265191586
UniRef90_A6KZR2|g__Bacteroides.s__Bacteroides_vulgatus	186.0265191586
UniRef90_I9J2Y0	177.6315789474
UniRef90_I9J2Y0|g__Bacteroides.s__Bacteroides_vulgatus	177.6315789474
UniRef90_D4V549	169.0830993748
UniRef90_D4V549|g__Bacteroides.s__Bacteroides_vulgatus	169.0830993748
UniRef90_A0A3E4XFK9	166.2058113914
UniRef90_A0A3E4XFK9|g__Bacteroides.s__Bacteroides_vulgatus	166.2058113914
UniRef90_B5D0U7	157.6892361978
UniRef90_B5D0U7|g__Bacteroides.s__Bacteroides_vulgatus	157.6892361978
UniRef90_A0A015X489	157.3600563068
UniRef90_A0A015X489|g__Bacteroides.s__Bacteroides_vulgatus	157.3600563068
UniRef90_A0A396E704	155.3846529439
UniRef90_A0A396E704|g__Bacteroides.s__Bacteroides_vulgatus	155.3846529439
UniRef90_A0A3E4XFK3	153.6000425914
UniRef90_A0A3E4XFK3|g__Bacteroides.s__Bacteroides_vulgatus	153.6000425914
UniRef90_A0A3E4XFK5	143.3710925137
UniRef90_A0A3E4XFK5|g__Bacteroides.s__Bacteroides_vulgatus	143.3710925137
UniRef90_C6ZAN6	132.6849953508
UniRef90_C6ZAN6|g__Bacteroides.s__Bacteroides_vulgatus	132.6849953508
UniRef90_C6ZAL1	131.5547977719
UniRef90_C6ZAL1|g__Bacteroides.s__Bacteroides_vulgatus	131.5547977719
UniRef90_B5D0N0	131.2482639080
UniRef90_B5D0N0|g__Bacteroides.s__Bacteroides_vulgatus	131.2482639080
UniRef90_A0A0P0M2E3	123.4339693086
UniRef90_A0A0P0M2E3|g__Bacteroides.s__Bacteroides_vulgatus	123.4339693086
UniRef90_I9UBB8	120.6081081081
UniRef90_I9UBB8|g__Bacteroides.s__Bacteroides_vulgatus	120.6081081081
UniRef90_C6ZAR3	117.0779997359
UniRef90_C6ZAR3|g__Bacteroides.s__Bacteroides_vulgatus	117.0779997359
UniRef90_A0A0P0LI08	108.4281175686
UniRef90_A0A0P0LI08|g__Bacteroides.s__Bacteroides_vulgatus	108.4281175686
UniRef90_A0A3E4XFT8	108.0949349624
UniRef90_A0A3E4XFT8|g__Bacteroides.s__Bacteroides_vulgatus	108.0949349624
UniRef90_A0A3E4XFQ9	105.6849612540
UniRef90_A0A3E4XFQ9|g__Bacteroides.s__Bacteroides_vulgatus	105.6849612540
UniRef90_A0A076IWK0	103.3096167308
UniRef90_A0A076IWK0|g__Bacteroides.s__Bacteroides_vulgatus	103.3096167308
UniRef90_B6W1I3	102.6958244987
UniRef90_B6W1I3|g__Bacteroides.s__Bacteroides_vulgatus	102.6958244987
UniRef90_A0A076ITS7	100.1983246333
UniRef90_A0A076ITS7|g__Bacteroides.s__Bacteroides_vulgatus	100.1983246333
UniRef90_C9KTE0	100.0889684553
UniRef90_C9KTE0|g__Bacteroides.s__Bacteroides_vulgatus	100.0889684553
UniRef90_D1JWR6	98.2957562794
UniRef90_D1JWR6|g__Bacteroides.s__Bacteroides_vulgatus	98.2957562794
UniRef90_A0A069S2P7	96.6877973578
UniRef90_A0A069S2P7|g__Bacteroides.s__Bacteroides_vulgatus	96.6877973578
UniRef90_A0A3E4JCP7	95.7747732439
UniRef90_A0A3E4JCP7|g__Bacteroides.s__Bacteroides_vulgatus	95.7747732439
UniRef90_B6VXB6	95.3560996529
UniRef90_B6VXB6|g__Bacteroides.s__Bacteroides_vulgatus	95.3560996529
UniRef90_F7LXM2	93.7500000000
UniRef90_F7LXM2|g__Bacteroides.s__Bacteroides_vulgatus	93.7500000000
UniRef90_A0A1Q6IXK0	89.4470617573
UniRef90_A0A1Q6IXK0|g__Bacteroides.s__Bacteroides_vulgatus	89.4470617573
UniRef90_A0A3E4XFJ9	87.0530759019
UniRef90_A0A3E4XFJ9|g__Bacteroides.s__Bacteroides_vulgatus	87.0530759019
UniRef90_R5CD91	86.7000589538
UniRef90_R5CD91|g__Bacteroides.s__Bacteroides_vulgatus	86.7000589538
UniRef90_Q64SH0	85.7302658840
UniRef90_Q64SH0|g__Bacteroides.s__Bacteroides_vulgatus	85.7302658840
UniRef90_A0A3E4ZV70	85.1859498509
UniRef90_A0A3E4ZV70|g__Bacteroides.s__Bacteroides_vulgatus	85.1859498509
UniRef90_A0A069S3S3	84.1325021763
UniRef90_A0A069S3S3|g__Bacteroides.s__Bacteroides_vulgatus	84.1325021763
UniRef90_D4V4V0	83.4782608696
UniRef90_D4V4V0|g__Bacteroides.s__Bacteroides_vulgatus	83.4782608696
UniRef90_A0A076IQ49	82.7554021913
UniRef90_A0A076IQ49|g__Bacteroides.s__Bacteroides_vulgatus	82.7554021913
UniRef90_A0A174R7U9	82.6825176944
UniRef90_A0A174R7U9|g__Bacteroides.s__Bacteroides_vulgatus	82.6825176944
UniRef90_A0A174KU74	80.4542251157
UniRef90_A0A174KU74|g__Bacteroides.s__Bacteroides_vulgatus	80.4542251157
UniRef90_C6ZAS8	80.4512416982
UniRef90_C6ZAS8|g__Bacteroides.s__Bacteroides_vulgatus	80.4512416982
UniRef90_A0A078TAG6	79.4956963708
UniRef90_A0A078TAG6|g__Bacteroides.s__Bacteroides_vulgatus	79.4956963708
UniRef90_A0A076J5I1	79.3655989850
UniRef90_A0A076J5I1|g__Bacteroides.s__Bacteroides_vulgatus	79.3655989850
UniRef90_D4VEG4	78.7188700875
UniRef90_D4VEG4|g__Bacteroides.s__Bacteroides_vulgatus	78.7188700875
UniRef90_A0A1Q6IXL9	78.7049460811
UniRef90_A0A1Q6IXL9|g__Bacteroides.s__Bacteroides_vulgatus	78.7049460811
UniRef90_A0A0P0LHQ9	78.3165295592
UniRef90_A0A0P0LHQ9|g__Bacteroides.s__Bacteroides_vulgatus	78.3165295592
UniRef90_C6ZAL8	77.7995435241
UniRef90_C6ZAL8|g__Bacteroides.s__Bacteroides_vulgatus	77.7995435241
UniRef90_A0A0P0L353	77.6270482915
UniRef90_A0A0P0L353|g__Bacteroides.s__Bacteroides_vulgatus	77.6270482915
UniRef90_D1K9I6	75.0188138091
UniRef90_D1K9I6|g__Bacteroides.s__Bacteroides_vulgatus	75.0188138091
UniRef90_A0A395UK03	74.4204762355
UniRef90_A0A395UK03|g__Bacteroides.s__Bacteroides_vulgatus	74.4204762355
UniRef90_A0A174QUM5	74.2946145824
UniRef90_A0A174QUM5|g__Bacteroides.s__Bacteroides_vulgatus	74.2946145824
UniRef90_A0A076J5U1	74.0622594952
UniRef90_A0A076J5U1|g__Bacteroides.s__Bacteroides_vulgatus	74.0622594952
UniRef90_D4V7E2	72.4346617630
UniRef90_D4V7E2|g__Bacteroides.s__Bacteroides_vulgatus	72.4346617630
UniRef90_A0A0K2HIA2	72.4008976926
UniRef90_A0A0K2HIA2|g__Bacteroides.s__Bacteroides_vulgatus	72.4008976926
UniRef90_E5UZP2	71.7460128319
UniRef90_E5UZP2|g__Bacteroides.s__Bacteroides_vulgatus	71.7460128319
UniRef90_A0A0P0M5L3	71.3305718818
UniRef90_A0A0P0M5L3|g__Bacteroides.s__Bacteroides_vulgatus	71.3305718818
UniRef90_A0A069S4W8	68.7103594080
UniRef90_A0A069S4W8|g__Bacteroides.s__Bacteroides_vulgatus	68.7103594080
UniRef90_A0A0P0LCY3	67.3873258298
UniRef90_A0A0P0LCY3|g__Bacteroides.s__Bacteroides_vulgatus	67.3873258298
UniRef90_A0A174N3R8	66.9468043959
UniRef90_A0A174N3R8|g__Bacteroides.s__Bacteroides_vulgatus	66.9468043959
UniRef90_A6L5G7	66.4802654448
UniRef90_A6L5G7|g__Bacteroides.s__Bacteroides_vulgatus	66.4802654448
UniRef90_A0A076J5W7	66.2463314313
UniRef90_A0A076J5W7|g__Bacteroides.s__Bacteroides_vulgatus	66.2463314313
UniRef90_A0A0P0LHJ3	64.5439667982
UniRef90_A0A0P0LHJ3|g__Bacteroides.s__Bacteroides_vulgatus	64.5439667982
UniRef90_A6L083	64.2101294083
UniRef90_A6L083|g__Bacteroides.s__Bacteroides_vulgatus	64.2101294083
UniRef90_A0A380ZJN2	64.1247649832
UniRef90_A0A380ZJN2|g__Bacteroides.s__Bacteroides_vulgatus	64.1247649832
UniRef90_A0A0P0LK20	63.5927980676
UniRef90_A0A0P0LK20|g__Bacteroides.s__Bacteroides_vulgatus	63.5927980676
UniRef90_A0A396ARN2	62.3456790123
UniRef90_A0A396ARN2|g__Bacteroides.s__Bacteroides_vulgatus	62.3456790123
UniRef90_D4V7C3	61.0719494409
UniRef90_D4V7C3|g__Bacteroides.s__Bacteroides_vulgatus	61.0719494409
UniRef90_A0A1H7HSD9	60.8346900014
UniRef90_A0A1H7HSD9|g__Bacteroides.s__Bacteroides_vulgatus	60.8346900014
UniRef90_R7P2X9	60.5100291941
UniRef90_R7P2X9|g__Bacteroides.s__Bacteroides_vulgatus	60.5100291941
UniRef90_A0A1Y3ZIE4	60.3998211371
UniRef90_A0A1Y3ZIE4|g__Bacteroides.s__Bacteroides_vulgatus	60.3998211371
UniRef90_A0A396F407	59.2865425428
UniRef90_A0A396F407|g__Bacteroides.s__Bacteroides_vulgatus	59.2865425428
UniRef90_C3R9T2	59.1397386455
UniRef90_C3R9T2|g__Bacteroides.s__Bacteroides_vulgatus	59.1397386455
UniRef90_A0A174J4M2	59.0650053125
UniRef90_A0A174J4M2|g__Bacteroides.s__Bacteroides_vulgatus	59.0650053125
UniRef90_Q650G5	59.0304468756
UniRef90_Q650G5|g__Bacteroides.s__Bacteroides_vulgatus	59.0304468756
UniRef90_A0A1H7IC77	58.4498561233
UniRef90_A0A1H7IC77|g__Bacteroides.s__Bacteroides_vulgatus	58.4498561233
UniRef90_A0A0K2HIG2	57.9181957904
UniRef90_A0A0K2HIG2|g__Bacteroides.s__Bacteroides_vulgatus	57.9181957904
UniRef90_E5UQ30	57.5851242413
UniRef90_E5UQ30|g__Bacteroides.s__Bacteroides_vulgatus	57.5851242413
UniRef90_I8ZQ06	57.4821371114
UniRef90_I8ZQ06|g__Bacteroides.s__Bacteroides_vulgatus	57.4821371114
UniRef90_B0NQA3	57.1242339291
UniRef90_B0NQA3|g__Bacteroides.s__Bacteroides_vulgatus	57.1242339291
UniRef90_A0A0P0M1A3	56.5448239609
UniRef90_A0A0P0M1A3|g__Bacteroides.s__Bacteroides_vulgatus	56.5448239609
UniRef90_A0A1T4IYC5	56.1814593547
UniRef90_A0A1T4IYC5|g__Bacteroides.s__Bacteroides_vulgatus	56.1814593547
UniRef90_S0F753	55.7977498066
UniRef90_S0F753|g__Bacteroides.s__Bacteroides_vulgatus	55.7977498066
UniRef90_A0A076IME4	55.2961716796
UniRef90_A0A076IME4|g__Bacteroides.s__Bacteroides_vulgatus	55.2961716796
UniRef90_A6L5J5	55.1890630097
UniRef90_A6L5J5|g__Bacteroides.s__Bacteroides_vulgatus	55.1890630097
UniRef90_A0A0M0N1A8	55.1851913863
UniRef90_A0A0M0N1A8|g__Bacteroides.s__Bacteroides_vulgatus	55.1851913863
UniRef90_A0A076J6J3	54.7975011700
UniRef90_A0A076J6J3|g__Bacteroides.s__Bacteroides_vulgatus	54.7975011700
UniRef90_A0A076IPF6	54.4528240566
UniRef90_A0A076IPF6|g__Bacteroides.s__Bacteroides_vulgatus	54.4528240566
UniRef90_A0A3E5EGN1	54.3982614707
UniRef90_A0A3E5EGN1|g__Bacteroides.s__Bacteroides_vulgatus	54.3982614707
UniRef90_E6SQG4	54.2709048849
UniRef90_E6SQG4|g__Bacteroides.s__Bacteroides_vulgatus	54.2709048849
UniRef90_A0A174Q9Z0	54.1439980722
UniRef90_A0A174Q9Z0|g__Bacteroides.s__Bacteroides_vulgatus	54.1439980722
UniRef90_A0A174L9Z9	54.0658832530
UniRef90_A0A174L9Z9|g__Bacteroides.s__Bacteroides_vulgatus	54.0658832530
UniRef90_A6L2V6	54.0332753380
UniRef90_A6L2V6|g__Bacteroides.s__Bacteroides_vulgatus	54.0332753380
UniRef90_A0A3E5HCD5	53.6682275268
UniRef90_A0A3E5HCD5|g__Bacteroides.s__Bacteroides_vulgatus	53.6682275268
UniRef90_A6L2W9	52.9953838021
UniRef90_A6L2W9|g__Bacteroides.s__Bacteroides_vulgatus	52.9953838021
UniRef90_A0A076J249	52.6801183401
UniRef90_A0A076J249|g__Bacteroides.s__Bacteroides_vulgatus	52.6801183401
UniRef90_A0A078QYJ8	52.6315789474
UniRef90_A0A078QYJ8|g__Bacteroides.s__Bacteroides_vulgatus	52.6315789474
UniRef90_A6L6X5	52.5723214847
UniRef90_A6L6X5|g__Bacteroides.s__Bacteroides_vulgatus	52.5723214847
UniRef90_A0A174LZM2	52.1924280601
UniRef90_A0A174LZM2|g__Bacteroides.s__Bacteroides_vulgatus	52.1924280601
UniRef90_A0A0M1W4E7	52.1389467062
UniRef90_A0A0M1W4E7|g__Bacteroides.s__Bacteroides_vulgatus	52.1389467062
UniRef90_D4VDF7	51.6559211700
UniRef90_D4VDF7|g__Bacteroides.s__Bacteroides_vulgatus	51.6559211700
UniRef90_A0A0N7J836	51.6030472173
UniRef90_A0A0N7J836|g__Bacteroides.s__Bacteroides_vulgatus	51.6030472173
UniRef90_A0A076IMM1	51.1553427944
UniRef90_A0A076IMM1|g__Bacteroides.s__Bacteroides_vulgatus	51.1553427944
UniRef90_A0A1Y3ZL52	51.1197424856
UniRef90_A0A1Y3ZL52|g__Bacteroides.s__Bacteroides_vulgatus	51.1197424856
UniRef90_B5D0L4	50.7593195672
UniRef90_B5D0L4|g__Bacteroides.s__Bacteroides_vulgatus	50.7593195672
UniRef90_A0A397WCV4	50.5854642557
UniRef90_A0A397WCV4|g__Bacteroides.s__Bacteroides_vulgatus	50.5854642557
UniRef90_A0A078SXL7	50.4682707151
UniRef90_A0A078SXL7|g__Bacteroides.s__Bacteroides_vulgatus	50.4682707151
UniRef90_A0A0K2HHQ4	50.4088168519
UniRef90_A0A0K2HHQ4|g__Bacteroides.s__Bacteroides_vulgatus	50.4088168519
UniRef90_A6L2M8	49.8824550822
UniRef90_A6L2M8|g__Bacteroides.s__Bacteroides_vulgatus	49.8824550822
UniRef90_D4V4L9	49.6182932548
UniRef90_D4V4L9|g__Bacteroides.s__Bacteroides_vulgatus	49.6182932548
UniRef90_I8VP64	49.4643012130
UniRef90_I8VP64|g__Bacteroides.s__Bacteroides_vulgatus	49.4643012130
UniRef90_D4V7L7	49.4384272146
UniRef90_D4V7L7|g__Bacteroides.s__Bacteroides_vulgatus	49.4384272146
UniRef90_A0A174UG67	48.9871425162
UniRef90_A0A174UG67|g__Bacteroides.s__Bacteroides_vulgatus	48.9871425162
UniRef90_A6L3C5	48.9353443716
UniRef90_A6L3C5|g__Bacteroides.s__Bacteroides_vulgatus	48.9353443716
UniRef90_A0A1Y4PBJ5	48.9155716922
UniRef90_A0A1Y4PBJ5|g__Bacteroides.s__Bacteroides_vulgatus	48.9155716922
UniRef90_A6L168	48.8186804047
UniRef90_A6L168|g__Bacteroides.s__Bacteroides_vulgatus	48.8186804047
UniRef90_A0A1Q6I1C1	48.5750270932
UniRef90_A0A1Q6I1C1|g__Bacteroides.s__Bacteroides_vulgatus	48.5750270932
UniRef90_A0A396DX97	48.4663144345
UniRef90_A0A396DX97|g__Bacteroides.s__Bacteroides_vulgatus	48.4663144345
UniRef90_A6KZL8	48.4552056898
UniRef90_A6KZL8|g__Bacteroides.s__Bacteroides_vulgatus	48.4552056898
UniRef90_A0A0E2AWP1	48.3263422706
UniRef90_A0A0E2AWP1|g__Bacteroides.s__Bacteroides_vulgatus	48.3263422706
UniRef90_A0A0P0M574	48.2463867816
UniRef90_A0A0P0M574|g__Bacteroides.s__Bacteroides_vulgatus	48.2463867816
UniRef90_I8WTV5	48.1927710843
UniRef90_I8WTV5|g__Bacteroides.s__Bacteroides_vulgatus	48.1927710843
UniRef90_A0A076IM12	47.9521954960
UniRef90_A0A076IM12|g__Bacteroides.s__Bacteroides_vulgatus	47.9521954960
UniRef90_A0A0P0M4I6	47.8733092118
UniRef90_A0A0P0M4I6|g__Bacteroides.s__Bacteroides_vulgatus	47.8733092118
UniRef90_A0A069SNW9	47.8131882131
UniRef90_A0A069SNW9|g__Bacteroides.s__Bacteroides_vulgatus	47.8131882131
UniRef90_A0A076ILA9	47.5386276762
UniRef90_A0A076ILA9|g__Bacteroides.s__Bacteroides_vulgatus	47.5386276762
UniRef90_A0A076J8Y4	47.5009093341
UniRef90_A0A076J8Y4|g__Bacteroides.s__Bacteroides_vulgatus	47.5009093341
UniRef90_A6L4N0	47.2864345236
UniRef90_A6L4N0|g__Bacteroides.s__Bacteroides_vulgatus	47.2864345236
UniRef90_A0A076J5M4	46.8907802609
UniRef90_A0A076J5M4|g__Bacteroides.s__Bacteroides_vulgatus	46.8907802609
UniRef90_D4V3P6	46.7541560708
UniRef90_D4V3P6|g__Bacteroides.s__Bacteroides_vulgatus	46.7541560708
UniRef90_A0A076ITD9	46.6976952542
UniRef90_A0A076ITD9|g__Bacteroides.s__Bacteroides_vulgatus	46.6976952542
UniRef90_A0A0P0M2V7	46.3994547793
UniRef90_A0A0P0M2V7|g__Bacteroides.s__Bacteroides_vulgatus	46.3994547793
UniRef90_A0A076IIN4	46.1309827077
UniRef90_A0A076IIN4|g__Bacteroides.s__Bacteroides_vulgatus	46.1309827077
UniRef90_A0A076J475	45.6419125827
UniRef90_A0A076J475|g__Bacteroides.s__Bacteroides_vulgatus	45.6419125827
UniRef90_A0A076IRA9	45.6396609458
UniRef90_A0A076IRA9|g__Bacteroides.s__Bacteroides_vulgatus	45.6396609458
UniRef90_A6L2V8	45.4354993778
UniRef90_A6L2V8|g__Bacteroides.s__Bacteroides_vulgatus	45.4354993778
UniRef90_D4V870	45.2972774035
UniRef90_D4V870|g__Bacteroides.s__Bacteroides_vulgatus	45.2972774035
UniRef90_A0A076J355	44.9441774894
UniRef90_A0A076J355|g__Bacteroides.s__Bacteroides_vulgatus	44.9441774894
UniRef90_U6RCW1	44.8421563194
UniRef90_U6RCW1|g__Bacteroides.s__Bacteroides_vulgatus	44.8421563194
UniRef90_A0A174TGW6	44.7687374710
UniRef90_A0A174TGW6|g__Bacteroides.s__Bacteroides_vulgatus	44.7687374710
UniRef90_A0A076J0M1	44.7374226691
UniRef90_A0A076J0M1|g__Bacteroides.s__Bacteroides_vulgatus	44.7374226691
UniRef90_A0A396ESL5	44.2033201374
UniRef90_A0A396ESL5|g__Bacteroides.s__Bacteroides_vulgatus	44.2033201374
UniRef90_A0A0P0LPA8	44.0734507702
UniRef90_A0A0P0LPA8|g__Bacteroides.s__Bacteroides_vulgatus	44.0734507702
UniRef90_A0A076IWI5	44.0373048310
UniRef90_A0A076IWI5|g__Bacteroides.s__Bacteroides_vulgatus	44.0373048310
UniRef90_A0A069SHN4	43.8520339442
UniRef90_A0A069SHN4|g__Bacteroides.s__Bacteroides_vulgatus	43.8520339442
UniRef90_A6L7T5	43.6767048752
UniRef90_A6L7T5|g__Bacteroides.s__Bacteroides_vulgatus	43.6767048752
UniRef90_A0A078R0W0	43.4782608696
UniRef90_A0A078R0W0|g__Bacteroides.s__Bacteroides_vulgatus	43.4782608696
UniRef90_A0A076IQI3	43.4282350539
UniRef90_A0A076IQI3|g__Bacteroides.s__Bacteroides_vulgatus	43.4282350539
UniRef90_D1KAH7	43.2551046974
UniRef90_D1KAH7|g__Bacteroides.s__Bacteroides_vulgatus	43.2551046974
UniRef90_A6L330	43.0571605350
UniRef90_A6L330|g__Bacteroides.s__Bacteroides_vulgatus	43.0571605350
UniRef90_A0A174NQE1	43.0090924646
UniRef90_A0A174NQE1|g__Bacteroides.s__Bacteroides_vulgatus	43.0090924646
UniRef90_A0A395UIQ2	42.9758092666
UniRef90_A0A395UIQ2|g__Bacteroides.s__Bacteroides_vulgatus	42.9758092666
UniRef90_D4V3D2	42.7525196067
UniRef90_D4V3D2|g__Bacteroides.s__Bacteroides_vulgatus	42.7525196067
UniRef90_A6KXA6	42.4972880594
UniRef90_A6KXA6|g__Bacteroides.s__Bacteroides_vulgatus	42.4972880594
UniRef90_A0A1Q6HYS0	42.2662908408
UniRef90_A0A1Q6HYS0|g__Bacteroides.s__Bacteroides_vulgatus	42.2662908408
UniRef90_A6L5J0	42.1992574253
UniRef90_A6L5J0|g__Bacteroides.s__Bacteroides_vulgatus	42.1992574253
UniRef90_C3R9S9	42.0916024778
UniRef90_C3R9S9|g__Bacteroides.s__Bacteroides_vulgatus	42.0916024778
UniRef90_A0A0P0LH34	41.8035138400
UniRef90_A0A0P0LH34|g__Bacteroides.s__Bacteroides_vulgatus	41.8035138400
UniRef90_A0A076IYH9	41.6912098920
UniRef90_A0A076IYH9|g__Bacteroides.s__Bacteroides_vulgatus	41.6912098920
UniRef90_A0A076IND8	41.5709679070
UniRef90_A0A076IND8|g__Bacteroides.s__Bacteroides_vulgatus	41.5709679070
UniRef90_C3R8X7	41.3968636871
UniRef90_C3R8X7|g__Bacteroides.s__Bacteroides_vulgatus	41.3968636871
UniRef90_A6L391	41.2321579789
UniRef90_A6L391|g__Bacteroides.s__Bacteroides_vulgatus	41.2321579789
UniRef90_A0A174P1Q8	41.1573219751
UniRef90_A0A174P1Q8|g__Bacteroides.s__Bacteroides_vulgatus	41.1573219751
UniRef90_A6KXY5	41.1263843037
UniRef90_A6KXY5|g__Bacteroides.s__Bacteroides_vulgatus	41.1263843037
UniRef90_A0A1Y3ZE18	40.6904891737
UniRef90_A0A1Y3ZE18|g__Bacteroides.s__Bacteroides_vulgatus	40.6904891737
UniRef90_A0A174M183	40.6514305892
UniRef90_A0A174M183|g__Bacteroides.s__Bacteroides_vulgatus	40.6514305892
UniRef90_A0A396BH28	40.6075822849
UniRef90_A0A396BH28|g__Bacteroides.s__Bacteroides_vulgatus	40.6075822849
UniRef90_A0A0P0L8N9	40.5850711334
UniRef90_A0A0P0L8N9|g__Bacteroides.s__Bacteroides_vulgatus	40.5850711334
UniRef90_C3RE72	40.4920376861
UniRef90_C3RE72|g__Bacteroides.s__Bacteroides_vulgatus	40.4920376861
UniRef90_A0A3E5EDG4	40.4411866945
UniRef90_A0A3E5EDG4|g__Bacteroides.s__Bacteroides_vulgatus	40.4411866945
UniRef90_A0A076IYC1	40.4354283473
UniRef90_A0A076IYC1|g__Bacteroides.s__Bacteroides_vulgatus	40.4354283473
UniRef90_A6L1P5	40.2320307641
UniRef90_A6L1P5|g__Bacteroides.s__Bacteroides_vulgatus	40.2320307641
UniRef90_A0A081TW72	39.7024394015
UniRef90_A0A081TW72|g__Bacteroides.s__Bacteroides_vulgatus	39.7024394015
UniRef90_A6L1V8	39.6417698237
UniRef90_A6L1V8|g__Bacteroides.s__Bacteroides_vulgatus	39.6417698237
UniRef90_A0A076INP4	39.4820223554
UniRef90_A0A076INP4|g__Bacteroides.s__Bacteroides_vulgatus	39.4820223554
UniRef90_A6L089	39.3596570552
UniRef90_A6L089|g__Bacteroides.s__Bacteroides_vulgatus	39.3596570552
UniRef90_A0A0K2HHR9	39.3284265815
UniRef90_A0A0K2HHR9|g__Bacteroides.s__Bacteroides_vulgatus	39.3284265815
UniRef90_A0A015W6F0	39.1405512931
UniRef90_A0A015W6F0|g__Bacteroides.s__Bacteroides_vulgatus	39.1405512931
UniRef90_C3R9E8	39.0506831974
UniRef90_C3R9E8|g__Bacteroides.s__Bacteroides_vulgatus	39.0506831974
UniRef90_B6VSS7	38.9550767135
UniRef90_B6VSS7|g__Bacteroides.s__Bacteroides_vulgatus	38.9550767135
UniRef90_A6L1Z3	38.8959484704
UniRef90_A6L1Z3|g__Bacteroides.s__Bacteroides_vulgatus	38.8959484704
UniRef90_A6KZN7	38.5571318985
UniRef90_A6KZN7|g__Bacteroides.s__Bacteroides_vulgatus	38.5571318985
UniRef90_A0A0M1VY16	38.5329451192
UniRef90_A0A0M1VY16|g__Bacteroides.s__Bacteroides_vulgatus	38.5329451192
UniRef90_A0A015UTA3	38.5066619573
UniRef90_A0A015UTA3|g__Bacteroides.s__Bacteroides_vulgatus	38.5066619573
UniRef90_D4V881	38.5031511965
UniRef90_D4V881|g__Bacteroides.s__Bacteroides_vulgatus	38.5031511965
UniRef90_A0A396FHA9	38.4262513689
UniRef90_A0A396FHA9|g__Bacteroides.s__Bacteroides_vulgatus	38.4262513689
UniRef90_A6KZH6	38.3147907030
UniRef90_A6KZH6|g__Bacteroides.s__Bacteroides_vulgatus	38.3147907030
UniRef90_A0A1H7IQQ6	38.2564466391
UniRef90_A0A1H7IQQ6|g__Bacteroides.s__Bacteroides_vulgatus	38.2564466391
UniRef90_A0A076IZY4	38.1552058878
UniRef90_A0A076IZY4|g__Bacteroides.s__Bacteroides_vulgatus	38.1552058878
UniRef90_A0A076IXB1	38.0990848089
UniRef90_A0A076IXB1|g__Bacteroides.s__Bacteroides_vulgatus	38.0990848089
UniRef90_C3RDM7	37.7480343084
UniRef90_C3RDM7|g__Bacteroides.s__Bacteroides_vulgatus	37.7480343084
UniRef90_A0A1Q6IDM1	37.7266708557
UniRef90_A0A1Q6IDM1|g__Bacteroides.s__Bacteroides_vulgatus	37.7266708557
UniRef90_I8WIS4	37.6446726912
UniRef90_I8WIS4|g__Bacteroides.s__Bacteroides_vulgatus	37.6446726912
UniRef90_A0A396FBP9	37.5531621812
UniRef90_A0A396FBP9|g__Bacteroides.s__Bacteroides_vulgatus	37.5531621812
UniRef90_A0A076J096	37.5359296007
UniRef90_A0A076J096|g__Bacteroides.s__Bacteroides_vulgatus	37.5359296007
UniRef90_R5VS54	37.4067125926
UniRef90_R5VS54|g__Bacteroides.s__Bacteroides_vulgatus	37.4067125926
UniRef90_A0A3D9A664	37.3372403826
UniRef90_A0A3D9A664|g__Bacteroides.s__Bacteroides_vulgatus	37.3372403826
UniRef90_E5X3T8	37.2036874451
UniRef90_E5X3T8|g__Bacteroides.s__Bacteroides_vulgatus	37.2036874451
UniRef90_A6KXF7	37.1208862221
UniRef90_A6KXF7|g__Bacteroides.s__Bacteroides_vulgatus	37.1208862221
UniRef90_A0A076J5B8	37.1119834101
UniRef90_A0A076J5B8|g__Bacteroides.s__Bacteroides_vulgatus	37.1119834101
UniRef90_A6KWM1	37.0466200469
UniRef90_A6KWM1|g__Bacteroides.s__Bacteroides_vulgatus	37.0466200469
UniRef90_F7LTM1	36.8701397440
UniRef90_F7LTM1|g__Bacteroides.s__Bacteroides_vulgatus	36.8701397440
UniRef90_S0F674	36.7305283506
UniRef90_S0F674|g__Bacteroides.s__Bacteroides_vulgatus	36.7305283506
UniRef90_A0A0P0M6J9	36.4869382684
UniRef90_A0A0P0M6J9|g__Bacteroides.s__Bacteroides_vulgatus	36.4869382684
UniRef90_A0A076INF6	36.4587311600
UniRef90_A0A076INF6|g__Bacteroides.s__Bacteroides_vulgatus	36.4587311600
UniRef90_A0A076IW30	36.0936926108
UniRef90_A0A076IW30|g__Bacteroides.s__Bacteroides_vulgatus	36.0936926108
UniRef90_A0A0K2HFA0	35.7330721275
UniRef90_A0A0K2HFA0|g__Bacteroides.s__Bacteroides_vulgatus	35.7330721275
UniRef90_A0A0N7J703	35.7329289878
UniRef90_A0A0N7J703|g__Bacteroides.s__Bacteroides_vulgatus	35.7329289878
UniRef90_A0A076J4I6	35.7058425562
UniRef90_A0A076J4I6|g__Bacteroides.s__Bacteroides_vulgatus	35.7058425562
UniRef90_A0A1Q6IDU2	35.5016076672
UniRef90_A0A1Q6IDU2|g__Bacteroides.s__Bacteroides_vulgatus	35.5016076672
UniRef90_A0A3E4PLD2	35.4775574113
UniRef90_A0A3E4PLD2|g__Bacteroides.s__Bacteroides_vulgatus	35.4775574113
UniRef90_B6VTD9	35.3876182978
UniRef90_B6VTD9|g__Bacteroides.s__Bacteroides_vulgatus	35.3876182978
UniRef90_A0A0P0LP45	35.3320496171
UniRef90_A0A0P0LP45|g__Bacteroides.s__Bacteroides_vulgatus	35.3320496171
UniRef90_I8WCZ9	35.2627104895
UniRef90_I8WCZ9|g__Bacteroides.s__Bacteroides_vulgatus	35.2627104895
UniRef90_A0A076J2S9	35.1928387399
UniRef90_A0A076J2S9|g__Bacteroides.s__Bacteroides_vulgatus	35.1928387399
UniRef90_A0A076ITA9	35.1153459997
UniRef90_A0A076ITA9|g__Bacteroides.s__Bacteroides_vulgatus	35.1153459997
UniRef90_A0A0P0M3N9	35.0251781171
UniRef90_A0A0P0M3N9|g__Bacteroides.s__Bacteroides_vulgatus	35.0251781171
UniRef90_R6J7M6	34.9955230409
UniRef90_R6J7M6|g__Bacteroides.s__Bacteroides_vulgatus	34.9955230409
UniRef90_A0A174U119	34.9649667033
UniRef90_A0A174U119|g__Bacteroides.s__Bacteroides_vulgatus	34.9649667033
UniRef90_A0A0P0M5G4	34.9156469462
UniRef90_A0A0P0M5G4|g__Bacteroides.s__Bacteroides_vulgatus	34.9156469462
UniRef90_A0A076INP0	34.8805990963
UniRef90_A0A076INP0|g__Bacteroides.s__Bacteroides_vulgatus	34.8805990963
UniRef90_D4IN85	34.8521259993
UniRef90_D4IN85|g__Bacteroides.s__Bacteroides_vulgatus	34.8521259993
UniRef90_A0A174AYT0	34.6622157630
UniRef90_A0A174AYT0|g__Bacteroides.s__Bacteroides_vulgatus	34.6622157630
UniRef90_A0A076ISS3	34.6331532249
UniRef90_A0A076ISS3|g__Bacteroides.s__Bacteroides_vulgatus	34.6331532249
UniRef90_A7V7C4	34.6164375289
UniRef90_A7V7C4|g__Bacteroides.s__Bacteroides_vulgatus	34.6164375289
UniRef90_B3JFM7	34.5806776548
UniRef90_B3JFM7|g__Bacteroides.s__Bacteroides_vulgatus	34.5806776548
UniRef90_A0A0M1W407	34.5433779261
UniRef90_A0A0M1W407|g__Bacteroides.s__Bacteroides_vulgatus	34.5433779261
UniRef90_A0A174MM23	34.4999281907
UniRef90_A0A174MM23|g__Bacteroides.s__Bacteroides_vulgatus	34.4999281907
UniRef90_A0A0P0LHW5	34.2252158251
UniRef90_A0A0P0LHW5|g__Bacteroides.s__Bacteroides_vulgatus	34.2252158251
UniRef90_A0A396FE59	34.2099308483
UniRef90_A0A396FE59|g__Bacteroides.s__Bacteroides_vulgatus	34.2099308483
UniRef90_A0A0P0LIZ0	34.1564499605
UniRef90_A0A0P0LIZ0|g__Bacteroides.s__Bacteroides_vulgatus	34.1564499605
UniRef90_A0A0M1W6F3	34.1483109124
UniRef90_A0A0M1W6F3|g__Bacteroides.s__Bacteroides_vulgatus	34.1483109124
UniRef90_E5UND7	33.9688035658
UniRef90_E5UND7|g__Bacteroides.s__Bacteroides_vulgatus	33.9688035658
UniRef90_A0A016FI57	33.9364421103
UniRef90_A0A016FI57|g__Bacteroides.s__Bacteroides_vulgatus	33.9364421103
UniRef90_R6ZMG2	33.8915288336
UniRef90_R6ZMG2|g__Bacteroides.s__Bacteroides_vulgatus	33.8915288336
UniRef90_A0A396F2S3	33.7315210571
UniRef90_A0A396F2S3|g__Bacteroides.s__Bacteroides_vulgatus	33.7315210571
UniRef90_C3R9T7	33.6069840645
UniRef90_C3R9T7|g__Bacteroides.s__Bacteroides_vulgatus	33.6069840645
UniRef90_A0A076ITT2	33.5600580038
UniRef90_A0A076ITT2|g__Bacteroides.s__Bacteroides_vulgatus	33.5600580038
UniRef90_B6VVN3	33.5356967472
UniRef90_B6VVN3|g__Bacteroides.s__Bacteroides_vulgatus	33.5356967472
UniRef90_A0A1Q6IXI0	33.3619180074
UniRef90_A0A1Q6IXI0|g__Bacteroides.s__Bacteroides_vulgatus	33.3619180074
UniRef90_A0A1Q6I8J8	33.2873586057
UniRef90_A0A1Q6I8J8|g__Bacteroides.s__Bacteroides_vulgatus	33.2873586057
UniRef90_A0A3E5E638	33.1845910372
UniRef90_A0A3E5E638|g__Bacteroides.s__Bacteroides_vulgatus	33.1845910372
UniRef90_A0A0M1W292	33.1420792030
UniRef90_A0A0M1W292|g__Bacteroides.s__Bacteroides_vulgatus	33.1420792030
UniRef90_F9ZCR2	32.8265924851
UniRef90_F9ZCR2|g__Bacteroides.s__Bacteroides_vulgatus	32.8265924851
UniRef90_A0A076J8H6	32.7175010388
UniRef90_A0A076J8H6|g__Bacteroides.s__Bacteroides_vulgatus	32.7175010388
UniRef90_B6VXC1	32.6762158839
UniRef90_B6VXC1|g__Bacteroides.s__Bacteroides_vulgatus	32.6762158839
UniRef90_U6RJ00	32.5881977855
UniRef90_U6RJ00|g__Bacteroides.s__Bacteroides_vulgatus	32.5881977855
UniRef90_A0A397WJL1	32.4925558949
UniRef90_A0A397WJL1|g__Bacteroides.s__Bacteroides_vulgatus	32.4925558949
UniRef90_B6W141	32.4731150059
UniRef90_B6W141|g__Bacteroides.s__Bacteroides_vulgatus	32.4731150059
UniRef90_A0A174ULH9	32.4268989791
UniRef90_A0A174ULH9|g__Bacteroides.s__Bacteroides_vulgatus	32.4268989791
UniRef90_A0A1Q6JRH3	32.3966293108
UniRef90_A0A1Q6JRH3|g__Bacteroides.s__Bacteroides_vulgatus	32.3966293108
UniRef90_A0A380ZM27	32.3483578000
UniRef90_A0A380ZM27|g__Bacteroides.s__Bacteroides_vulgatus	32.3483578000
UniRef90_R6JK25	32.3481840406
UniRef90_R6JK25|g__Bacteroides.s__Bacteroides_vulgatus	32.3481840406
UniRef90_A0A0K2HEM0	32.2217542815
UniRef90_A0A0K2HEM0|g__Bacteroides.s__Bacteroides_vulgatus	32.2217542815
UniRef90_A0A395VSA3	32.0550128444
UniRef90_A0A395VSA3|g__Bacteroides.s__Bacteroides_vulgatus	32.0550128444
UniRef90_R5W221	32.0218624247
UniRef90_R5W221|g__Bacteroides.s__Bacteroides_vulgatus	32.0218624247
UniRef90_A0A076J4H3	31.7531190720
UniRef90_A0A076J4H3|g__Bacteroides.s__Bacteroides_vulgatus	31.7531190720
UniRef90_I9UBD0	31.7244025020
UniRef90_I9UBD0|g__Bacteroides.s__Bacteroides_vulgatus	31.7244025020
UniRef90_A0A076J8B0	31.6560355617
UniRef90_A0A076J8B0|g__Bacteroides.s__Bacteroides_vulgatus	31.6560355617
UniRef90_A0A078QNU1	31.5997990457
UniRef90_A0A078QNU1|g__Bacteroides.s__Bacteroides_vulgatus	31.5997990457
UniRef90_A0A076IHG6	31.5967510956
UniRef90_A0A076IHG6|g__Bacteroides.s__Bacteroides_vulgatus	31.5967510956
UniRef90_B6W235	31.5458455410
UniRef90_B6W235|g__Bacteroides.s__Bacteroides_vulgatus	31.5458455410
UniRef90_U6RGT5	31.5160400744
UniRef90_U6RGT5|g__Bacteroides.s__Bacteroides_vulgatus	31.5160400744
UniRef90_A0A076ISC1	31.4285575227
UniRef90_A0A076ISC1|g__Bacteroides.s__Bacteroides_vulgatus	31.4285575227
UniRef90_A6L3K7	31.3723201561
UniRef90_A6L3K7|g__Bacteroides.s__Bacteroides_vulgatus	31.3723201561
UniRef90_A0A174RVK1	31.3696241409
UniRef90_A0A174RVK1|g__Bacteroides.s__Bacteroides_vulgatus	31.3696241409
UniRef90_C3R6I8	31.3212748262
UniRef90_C3R6I8|g__Bacteroides.s__Bacteroides_vulgatus	31.3212748262
UniRef90_A6KZA8	31.3160296102
UniRef90_A6KZA8|g__Bacteroides.s__Bacteroides_vulgatus	31.3160296102
UniRef90_E4MEM1	31.2725659103
UniRef90_E4MEM1|g__Bacteroides.s__Bacteroides_vulgatus	31.2725659103
UniRef90_A0A174Q5I4	31.2524870322
UniRef90_A0A174Q5I4|g__Bacteroides.s__Bacteroides_vulgatus	31.2524870322
UniRef90_A0A076IUQ4	31.2252886905
UniRef90_A0A076IUQ4|g__Bacteroides.s__Bacteroides_vulgatus	31.2252886905
UniRef90_A0A0P0M688	31.0919119164
UniRef90_A0A0P0M688|g__Bacteroides.s__Bacteroides_vulgatus	31.0919119164
UniRef90_A0A076J5J6	30.9028017590
UniRef90_A0A076J5J6|g__Bacteroides.s__Bacteroides_vulgatus	30.9028017590
UniRef90_A6KWM0	30.8860029046
UniRef90_A6KWM0|g__Bacteroides.s__Bacteroides_vulgatus	30.8860029046
UniRef90_A0A076J443	30.8566071500
UniRef90_A0A076J443|g__Bacteroides.s__Bacteroides_vulgatus	30.8566071500
UniRef90_A0A0P0M0T3	30.8243875939
UniRef90_A0A0P0M0T3|g__Bacteroides.s__Bacteroides_vulgatus	30.8243875939
UniRef90_I9RAR8	30.7456181657
UniRef90_I9RAR8|g__Bacteroides.s__Bacteroides_vulgatus	30.7456181657
UniRef90_C6IUI6	30.7407705196
UniRef90_C6IUI6|g__Bacteroides.s__Bacteroides_vulgatus	30.7407705196
UniRef90_A0A396AT78	30.7119515498
UniRef90_A0A396AT78|g__Bacteroides.s__Bacteroides_vulgatus	30.7119515498
UniRef90_A0A076IUD6	30.7055901931
UniRef90_A0A076IUD6|g__Bacteroides.s__Bacteroides_vulgatus	30.7055901931
UniRef90_C3QQU0	30.6707643977
UniRef90_C3QQU0|g__Bacteroides.s__Bacteroides_vulgatus	30.6707643977
UniRef90_A0A0M1VZB7	30.6388436127
UniRef90_A0A0M1VZB7|g__Bacteroides.s__Bacteroides_vulgatus	30.6388436127
UniRef90_A0A396E3S1	30.6122448980
UniRef90_A0A396E3S1|g__Bacteroides.s__Bacteroides_vulgatus	30.6122448980
UniRef90_A0A076IHJ6	30.5291302291
UniRef90_A0A076IHJ6|g__Bacteroides.s__Bacteroides_vulgatus	30.5291302291
UniRef90_A6L175	30.5244450278
UniRef90_A6L175|g__Bacteroides.s__Bacteroides_vulgatus	30.5244450278
UniRef90_B6VZX1	30.5125124544
UniRef90_B6VZX1|g__Bacteroides.s__Bacteroides_vulgatus	30.5125124544
UniRef90_A0A0P0M5Q5	30.4750261398
UniRef90_A0A0P0M5Q5|g__Bacteroides.s__Bacteroides_vulgatus	30.4750261398
UniRef90_A0A076JA16	30.4740034780
UniRef90_A0A076JA16|g__Bacteroides.s__Bacteroides_vulgatus	30.4740034780
UniRef90_A0A076J0R6	30.2958628737
UniRef90_A0A076J0R6|g__Bacteroides.s__Bacteroides_vulgatus	30.2958628737
UniRef90_A0A1Y3ZLJ2	30.2339853136
UniRef90_A0A1Y3ZLJ2|g__Bacteroides.s__Bacteroides_vulgatus	30.2339853136
UniRef90_R9HPY0	30.2266398281
UniRef90_R9HPY0|g__Bacteroides.s__Bacteroides_vulgatus	30.2266398281
UniRef90_A0A076IL10	30.1218434791
UniRef90_A0A076IL10|g__Bacteroides.s__Bacteroides_vulgatus	30.1218434791
UniRef90_A6L169	30.1008003530
UniRef90_A6L169|g__Bacteroides.s__Bacteroides_vulgatus	30.1008003530
UniRef90_A0A076ILZ8	30.0773639055
UniRef90_A0A076ILZ8|g__Bacteroides.s__Bacteroides_vulgatus	30.0773639055
UniRef90_A0A395UR53	29.9243271294
UniRef90_A0A395UR53|g__Bacteroides.s__Bacteroides_vulgatus	29.9243271294
UniRef90_B0NQJ5	29.8177620940
UniRef90_B0NQJ5|g__Bacteroides.s__Bacteroides_vulgatus	29.8177620940
UniRef90_A0A076J0W8	29.6818553648
UniRef90_A0A076J0W8|g__Bacteroides.s__Bacteroides_vulgatus	29.6818553648
UniRef90_B4UUJ6	29.6586150294
UniRef90_B4UUJ6|g__Bacteroides.s__Bacteroides_vulgatus	29.6586150294
UniRef90_A0A174QEA0	29.5065927803
UniRef90_A0A174QEA0|g__Bacteroides.s__Bacteroides_vulgatus	29.5065927803
UniRef90_A0A076IKY2	29.4597203540
UniRef90_A0A076IKY2|g__Bacteroides.s__Bacteroides_vulgatus	29.4597203540
UniRef90_A0A076IY52	29.3808180425
UniRef90_A0A076IY52|g__Bacteroides.s__Bacteroides_vulgatus	29.3808180425
UniRef90_K6A8K3	29.3686895466
UniRef90_K6A8K3|g__Bacteroides.s__Bacteroides_vulgatus	29.3686895466
UniRef90_I9FHZ1	29.3279497126
UniRef90_I9FHZ1|g__Bacteroides.s__Bacteroides_vulgatus	29.3279497126
UniRef90_A6L4M4	29.3139030772
UniRef90_A6L4M4|g__Bacteroides.s__Bacteroides_vulgatus	29.3139030772
UniRef90_E5UY21	29.1892660182
UniRef90_E5UY21|g__Bacteroides.s__Bacteroides_vulgatus	29.1892660182
UniRef90_A0A174G697	29.1365188223
UniRef90_A0A174G697|g__Bacteroides.s__Bacteroides_vulgatus	29.1365188223
UniRef90_A0A076ISJ7	29.1185132714
UniRef90_A0A076ISJ7|g__Bacteroides.s__Bacteroides_vulgatus	29.1185132714
UniRef90_I8W766	29.1141942399
UniRef90_I8W766|g__Bacteroides.s__Bacteroides_vulgatus	29.1141942399
UniRef90_U6RGU2	29.0752359315
UniRef90_U6RGU2|g__Bacteroides.s__Bacteroides_vulgatus	29.0752359315
UniRef90_A0A076IRR2	29.0244490486
UniRef90_A0A076IRR2|g__Bacteroides.s__Bacteroides_vulgatus	29.0244490486
UniRef90_A6KZV1	29.0193475439
UniRef90_A6KZV1|g__Bacteroides.s__Bacteroides_vulgatus	29.0193475439
UniRef90_A0A076J1K6	29.0156138344
UniRef90_A0A076J1K6|g__Bacteroides.s__Bacteroides_vulgatus	29.0156138344
UniRef90_A0A174FKR7	28.9448393016
UniRef90_A0A174FKR7|g__Bacteroides.s__Bacteroides_vulgatus	28.9448393016
UniRef90_A0A174L7W1	28.7666217012
UniRef90_A0A174L7W1|g__Bacteroides.s__Bacteroides_vulgatus	28.7666217012
UniRef90_B5CTJ4	28.7263810943
UniRef90_B5CTJ4|g__Bacteroides.s__Bacteroides_vulgatus	28.7263810943
UniRef90_A0A076IY28	28.5910660475
UniRef90_A0A076IY28|g__Bacteroides.s__Bacteroides_vulgatus	28.5910660475
UniRef90_A0A0P0M3X7	28.5457973841
UniRef90_A0A0P0M3X7|g__Bacteroides.s__Bacteroides_vulgatus	28.5457973841
UniRef90_A0A069SE00	28.4884679479
UniRef90_A0A069SE00|g__Bacteroides.s__Bacteroides_vulgatus	28.4884679479
UniRef90_A6KWQ7	28.4856273273
UniRef90_A6KWQ7|g__Bacteroides.s__Bacteroides_vulgatus	28.4856273273
UniRef90_C3R8W1	28.4318962361
UniRef90_C3R8W1|g__Bacteroides.s__Bacteroides_vulgatus	28.4318962361
UniRef90_A6L198	28.4210699205
UniRef90_A6L198|g__Bacteroides.s__Bacteroides_vulgatus	28.4210699205
UniRef90_A0A076J7U9	28.3932306416
UniRef90_A0A076J7U9|g__Bacteroides.s__Bacteroides_vulgatus	28.3932306416
UniRef90_A0A397WMH6	28.3792811248
UniRef90_A0A397WMH6|g__Bacteroides.s__Bacteroides_vulgatus	28.3792811248
UniRef90_A0A076ITU8	28.3650306239
UniRef90_A0A076ITU8|g__Bacteroides.s__Bacteroides_vulgatus	28.3650306239
UniRef90_A0A0P0M534	28.3522666120
UniRef90_A0A0P0M534|g__Bacteroides.s__Bacteroides_vulgatus	28.3522666120
UniRef90_D4IN49	28.3131490316
UniRef90_D4IN49|g__Bacteroides.s__Bacteroides_vulgatus	28.3131490316
UniRef90_A6KZK0	28.1061820646
UniRef90_A6KZK0|g__Bacteroides.s__Bacteroides_vulgatus	28.1061820646
UniRef90_D1K1G9	28.0382784085
UniRef90_D1K1G9|g__Bacteroides.s__Bacteroides_vulgatus	28.0382784085
UniRef90_A6L078	27.9720725871
UniRef90_A6L078|g__Bacteroides.s__Bacteroides_vulgatus	27.9720725871
UniRef90_R5K610	27.9643076674
UniRef90_R5K610|g__Bacteroides.s__Bacteroides_vulgatus	27.9643076674
UniRef90_R6CPE5	27.9609778866
UniRef90_R6CPE5|g__Bacteroides.s__Bacteroides_vulgatus	27.9609778866
UniRef90_A6L1Z2	27.9345198528
UniRef90_A6L1Z2|g__Bacteroides.s__Bacteroides_vulgatus	27.9345198528
UniRef90_A0A395UQZ5	27.8965876836
UniRef90_A0A395UQZ5|g__Bacteroides.s__Bacteroides_vulgatus	27.8965876836
UniRef90_S0F6E1	27.7817166319
UniRef90_S0F6E1|g__Bacteroides.s__Bacteroides_vulgatus	27.7817166319
UniRef90_A0A078SUV6	27.7777777778
UniRef90_A0A078SUV6|g__Bacteroides.s__Bacteroides_vulgatus	27.7777777778
UniRef90_A6L171	27.7347265395
UniRef90_A6L171|g__Bacteroides.s__Bacteroides_vulgatus	27.7347265395
UniRef90_I8VLN7	27.5461287980
UniRef90_I8VLN7|g__Bacteroides.s__Bacteroides_vulgatus	27.5461287980
UniRef90_I8Z1J8	27.4925381813
UniRef90_I8Z1J8|g__Bacteroides.s__Bacteroides_vulgatus	27.4925381813
UniRef90_D4V9H7	27.4562691698
UniRef90_D4V9H7|g__Bacteroides.s__Bacteroides_vulgatus	27.4562691698
UniRef90_A0A076J277	27.4177471439
UniRef90_A0A076J277|g__Bacteroides.s__Bacteroides_vulgatus	27.4177471439
UniRef90_A0A0P0LMJ9	27.3834646320
UniRef90_A0A0P0LMJ9|g__Bacteroides.s__Bacteroides_vulgatus	27.3834646320
UniRef90_A0A0P0LCP3	27.3029088371
UniRef90_A0A0P0LCP3|g__Bacteroides.s__Bacteroides_vulgatus	27.3029088371
UniRef90_A0A396F406	27.2485075767
UniRef90_A0A396F406|g__Bacteroides.s__Bacteroides_vulgatus	27.2485075767
UniRef90_A0A076ILU1	27.2111514216
UniRef90_A0A076ILU1|g__Bacteroides.s__Bacteroides_vulgatus	27.2111514216
UniRef90_A0A0P0LCQ4	27.0961796177
UniRef90_A0A0P0LCQ4|g__Bacteroides.s__Bacteroides_vulgatus	27.0961796177
UniRef90_A0A076IWQ2	27.0417873687
UniRef90_A0A076IWQ2|g__Bacteroides.s__Bacteroides_vulgatus	27.0417873687
UniRef90_A0A0N7J704	26.9266695938
UniRef90_A0A0N7J704|g__Bacteroides.s__Bacteroides_vulgatus	26.9266695938
UniRef90_D4VC73	26.8733178663
UniRef90_D4VC73|g__Bacteroides.s__Bacteroides_vulgatus	26.8733178663
UniRef90_A0A3E4JRG9	26.7427879225
UniRef90_A0A3E4JRG9|g__Bacteroides.s__Bacteroides_vulgatus	26.7427879225
UniRef90_A0A0P0M0U6	26.6963952332
UniRef90_A0A0P0M0U6|g__Bacteroides.s__Bacteroides_vulgatus	26.6963952332
UniRef90_A6KZZ5	26.6950344598
UniRef90_A6KZZ5|g__Bacteroides.s__Bacteroides_vulgatus	26.6950344598
UniRef90_F7LTK8	26.6426583657
UniRef90_F7LTK8|g__Bacteroides.s__Bacteroides_vulgatus	26.6426583657
UniRef90_A0A174G281	26.6330480627
UniRef90_A0A174G281|g__Bacteroides.s__Bacteroides_vulgatus	26.6330480627
UniRef90_A0A0M1VZG1	26.4339129277
UniRef90_A0A0M1VZG1|g__Bacteroides.s__Bacteroides_vulgatus	26.4339129277
UniRef90_A0A381D8P7	26.3947672182
UniRef90_A0A381D8P7|g__Bacteroides.s__Bacteroides_vulgatus	26.3947672182
UniRef90_A0A0K2HHQ5	26.3600927031
UniRef90_A0A0K2HHQ5|g__Bacteroides.s__Bacteroides_vulgatus	26.3600927031
UniRef90_I9R4C5	26.3244067887
UniRef90_I9R4C5|g__Bacteroides.s__Bacteroides_vulgatus	26.3244067887
UniRef90_A0A174JI66	26.2399920931
UniRef90_A0A174JI66|g__Bacteroides.s__Bacteroides_vulgatus	26.2399920931
UniRef90_A0A3E5DLS5	26.1931657201
UniRef90_A0A3E5DLS5|g__Bacteroides.s__Bacteroides_vulgatus	26.1931657201
UniRef90_A0A0P0M580	26.1621891263
UniRef90_A0A0P0M580|g__Bacteroides.s__Bacteroides_vulgatus	26.1621891263
UniRef90_B6VVT2	26.1527580213
UniRef90_B6VVT2|g__Bacteroides.s__Bacteroides_vulgatus	26.1527580213
UniRef90_A0A076IZX2	26.1219442597
UniRef90_A0A076IZX2|g__Bacteroides.s__Bacteroides_vulgatus	26.1219442597
UniRef90_A0A076IQC5	26.0787706488
UniRef90_A0A076IQC5|g__Bacteroides.s__Bacteroides_vulgatus	26.0787706488
UniRef90_A0A174W8K2	26.0560341020
UniRef90_A0A174W8K2|g__Bacteroides.s__Bacteroides_vulgatus	26.0560341020
UniRef90_A0A127SQY3	26.0559667024
UniRef90_A0A127SQY3|g__Bacteroides.s__Bacteroides_vulgatus	26.0559667024
UniRef90_Q8A6P8	25.9556369254
UniRef90_Q8A6P8|g__Bacteroides.s__Bacteroides_vulgatus	25.9556369254
UniRef90_A0A0P0EVZ2	25.9287803271
UniRef90_A0A0P0EVZ2|g__Bacteroides.s__Bacteroides_vulgatus	25.9287803271
UniRef90_A0A0P0L2N8	25.9252560222
UniRef90_A0A0P0L2N8|g__Bacteroides.s__Bacteroides_vulgatus	25.9252560222
UniRef90_A0A076IRW6	25.9196944805
UniRef90_A0A076IRW6|g__Bacteroides.s__Bacteroides_vulgatus	25.9196944805
UniRef90_A0A0P0M3Q6	25.8730564530
UniRef90_A0A0P0M3Q6|g__Bacteroides.s__Bacteroides_vulgatus	25.8730564530
UniRef90_A6L5E7	25.8472534243
UniRef90_A6L5E7|g__Bacteroides.s__Bacteroides_vulgatus	25.8472534243
UniRef90_I9EZE0	25.8140849303
UniRef90_I9EZE0|g__Bacteroides.s__Bacteroides_vulgatus	25.8140849303
UniRef90_D7IKE4	25.7731958763
UniRef90_D7IKE4|g__Bacteroides.s__Bacteroides_vulgatus	25.7731958763
UniRef90_A0A396ATB7	25.7680732202
UniRef90_A0A396ATB7|g__Bacteroides.s__Bacteroides_vulgatus	25.7680732202
UniRef90_A0A174LZ35	25.7540373983
UniRef90_A0A174LZ35|g__Bacteroides.s__Bacteroides_vulgatus	25.7540373983
UniRef90_C3RFL6	25.5531266002
UniRef90_C3RFL6|g__Bacteroides.s__Bacteroides_vulgatus	25.5531266002
UniRef90_A0A174SEK7	25.5466238676
UniRef90_A0A174SEK7|g__Bacteroides.s__Bacteroides_vulgatus	25.5466238676
UniRef90_A0A174QBD4	25.4855231993
UniRef90_A0A174QBD4|g__Bacteroides.s__Bacteroides_vulgatus	25.4855231993
UniRef90_A0A0P0M4T8	25.4126026600
UniRef90_A0A0P0M4T8|g__Bacteroides.s__Bacteroides_vulgatus	25.4126026600
UniRef90_A0A076J0X0	25.3874704771
UniRef90_A0A076J0X0|g__Bacteroides.s__Bacteroides_vulgatus	25.3874704771
UniRef90_A6KWS3	25.3825202716
UniRef90_A6KWS3|g__Bacteroides.s__Bacteroides_vulgatus	25.3825202716
UniRef90_A6L6H7	25.2898418978
UniRef90_A6L6H7|g__Bacteroides.s__Bacteroides_vulgatus	25.2898418978
UniRef90_A0A380ZP89	25.2157236226
UniRef90_A0A380ZP89|g__Bacteroides.s__Bacteroides_vulgatus	25.2157236226
UniRef90_A0A076IXV9	25.2058945405
UniRef90_A0A076IXV9|g__Bacteroides.s__Bacteroides_vulgatus	25.2058945405
UniRef90_A0A076JAM2	25.1780888201
UniRef90_A0A076JAM2|g__Bacteroides.s__Bacteroides_vulgatus	25.1780888201
UniRef90_C3R7A7	25.1101356972
UniRef90_C3R7A7|g__Bacteroides.s__Bacteroides_vulgatus	25.1101356972
UniRef90_A0A0P0LDE8	25.0603799508
UniRef90_A0A0P0LDE8|g__Bacteroides.s__Bacteroides_vulgatus	25.0603799508
UniRef90_A0A396B2Z4	25.0500489627
UniRef90_A0A396B2Z4|g__Bacteroides.s__Bacteroides_vulgatus	25.0500489627
UniRef90_I8WFL2	25.0496633514
UniRef90_I8WFL2|g__Bacteroides.s__Bacteroides_vulgatus	25.0496633514
UniRef90_A0A076IQU9	25.0086254573
UniRef90_A0A076IQU9|g__Bacteroides.s__Bacteroides_vulgatus	25.0086254573
UniRef90_C6YZH3	25.0065100289
UniRef90_C6YZH3|g__Bacteroides.s__Bacteroides_vulgatus	25.0065100289
UniRef90_D1JXS4	24.9402810602
UniRef90_D1JXS4|g__Bacteroides.s__Bacteroides_vulgatus	24.9402810602
UniRef90_A0A174S849	24.9351442001
UniRef90_A0A174S849|g__Bacteroides.s__Bacteroides_vulgatus	24.9351442001
UniRef90_A0A076J6G0	24.9288409694
UniRef90_A0A076J6G0|g__Bacteroides.s__Bacteroides_vulgatus	24.9288409694
UniRef90_F0R8V1	24.8913862659
UniRef90_F0R8V1|g__Bacteroides.s__Bacteroides_vulgatus	24.8913862659
UniRef90_A0A3E4G680	24.8063798788
UniRef90_A0A3E4G680|g__Bacteroides.s__Bacteroides_vulgatus	24.8063798788
UniRef90_A0A173XN64	24.6575653410
UniRef90_A0A173XN64|g__Bacteroides.s__Bacteroides_vulgatus	24.6575653410
UniRef90_A0A174MX71	24.6392490447
UniRef90_A0A174MX71|g__Bacteroides.s__Bacteroides_vulgatus	24.6392490447
UniRef90_A0A1Q6JPX4	24.6011483383
UniRef90_A0A1Q6JPX4|g__Bacteroides.s__Bacteroides_vulgatus	24.6011483383
UniRef90_A6KZJ9	24.4308722387
UniRef90_A6KZJ9|g__Bacteroides.s__Bacteroides_vulgatus	24.4308722387
UniRef90_A6L7Q8	24.4252848173
UniRef90_A6L7Q8|g__Bacteroides.s__Bacteroides_vulgatus	24.4252848173
UniRef90_U6REW2	24.4131551230
UniRef90_U6REW2|g__Bacteroides.s__Bacteroides_vulgatus	24.4131551230
UniRef90_I0PXX6	24.3902439024
UniRef90_I0PXX6|g__Bacteroides.s__Bacteroides_vulgatus	24.3902439024
UniRef90_A0A0P0L9Z5	24.3319292796
UniRef90_A0A0P0L9Z5|g__Bacteroides.s__Bacteroides_vulgatus	24.3319292796
UniRef90_A0A174N2M4	24.3105534113
UniRef90_A0A174N2M4|g__Bacteroides.s__Bacteroides_vulgatus	24.3105534113
UniRef90_A0A397WGQ8	24.2557098058
UniRef90_A0A397WGQ8|g__Bacteroides.s__Bacteroides_vulgatus	24.2557098058
UniRef90_A0A076J819	24.2530125364
UniRef90_A0A076J819|g__Bacteroides.s__Bacteroides_vulgatus	24.2530125364
UniRef90_L1PB72	24.2440951384
UniRef90_L1PB72|g__Bacteroides.s__Bacteroides_vulgatus	24.2440951384
UniRef90_R7P1E3	24.2304263973
UniRef90_R7P1E3|g__Bacteroides.s__Bacteroides_vulgatus	24.2304263973
UniRef90_A0A0M1W865	24.1639677406
UniRef90_A0A0M1W865|g__Bacteroides.s__Bacteroides_vulgatus	24.1639677406
UniRef90_A0A076ILN2	24.1405789023
UniRef90_A0A076ILN2|g__Bacteroides.s__Bacteroides_vulgatus	24.1405789023
UniRef90_A0A0F5JSQ2	24.1364395945
UniRef90_A0A0F5JSQ2|g__Bacteroides.s__Bacteroides_vulgatus	24.1364395945
UniRef90_D1JZ97	24.1314603463
UniRef90_D1JZ97|g__Bacteroides.s__Bacteroides_vulgatus	24.1314603463
UniRef90_A6L071	24.1249741290
UniRef90_A6L071|g__Bacteroides.s__Bacteroides_vulgatus	24.1249741290
UniRef90_A0A174X753	24.0806218975
UniRef90_A0A174X753|g__Bacteroides.s__Bacteroides_vulgatus	24.0806218975
UniRef90_A0A396EZT3	24.0641711230
UniRef90_A0A396EZT3|g__Bacteroides.s__Bacteroides_vulgatus	24.0641711230
UniRef90_A0A076J2E9	24.0480359903
UniRef90_A0A076J2E9|g__Bacteroides.s__Bacteroides_vulgatus	24.0480359903
UniRef90_A6L585	23.9758580857
UniRef90_A6L585|g__Bacteroides.s__Bacteroides_vulgatus	23.9758580857
UniRef90_A0A076IS94	23.9528317778
UniRef90_A0A076IS94|g__Bacteroides.s__Bacteroides_vulgatus	23.9528317778
UniRef90_A0A0P0LJ92	23.9095203797
UniRef90_A0A0P0LJ92|g__Bacteroides.s__Bacteroides_vulgatus	23.9095203797
UniRef90_A0A0P0LGH4	23.8914002115
UniRef90_A0A0P0LGH4|g__Bacteroides.s__Bacteroides_vulgatus	23.8914002115
UniRef90_B5D0K1	23.8795242904
UniRef90_B5D0K1|g__Bacteroides.s__Bacteroides_vulgatus	23.8795242904
UniRef90_R6JG40	23.8705039957
UniRef90_R6JG40|g__Bacteroides.s__Bacteroides_vulgatus	23.8705039957
UniRef90_A0A396ASE2	23.8636363636
UniRef90_A0A396ASE2|g__Bacteroides.s__Bacteroides_vulgatus	23.8636363636
UniRef90_B6W139	23.8161711839
UniRef90_B6W139|g__Bacteroides.s__Bacteroides_vulgatus	23.8161711839
UniRef90_A6LFQ4	23.7962049573
UniRef90_A6LFQ4|g__Bacteroides.s__Bacteroides_vulgatus	23.7962049573
UniRef90_A0A0P0M3T4	23.7945284186
UniRef90_A0A0P0M3T4|g__Bacteroides.s__Bacteroides_vulgatus	23.7945284186
UniRef90_A0A1Y3ZLI2	23.7724360039
UniRef90_A0A1Y3ZLI2|g__Bacteroides.s__Bacteroides_vulgatus	23.7724360039
UniRef90_D0TH60	23.7200860213
UniRef90_D0TH60|g__Bacteroides.s__Bacteroides_vulgatus	23.7200860213
UniRef90_A0A076IV89	23.6673774933
UniRef90_A0A076IV89|g__Bacteroides.s__Bacteroides_vulgatus	23.6673774933
UniRef90_A0A127SVB4	23.5314322563
UniRef90_A0A127SVB4|g__Bacteroides.s__Bacteroides_vulgatus	23.5314322563
UniRef90_A0A0P0M486	23.4871134003
UniRef90_A0A0P0M486|g__Bacteroides.s__Bacteroides_vulgatus	23.4871134003
UniRef90_A0A3E4I9R6	23.4524723936
UniRef90_A0A3E4I9R6|g__Bacteroides.s__Bacteroides_vulgatus	23.4524723936
UniRef90_A6L6D2	23.3947237432
UniRef90_A6L6D2|g__Bacteroides.s__Bacteroides_vulgatus	23.3947237432
UniRef90_D1K2J1	23.2578800945
UniRef90_D1K2J1|g__Bacteroides.s__Bacteroides_vulgatus	23.2578800945
UniRef90_A0A076J8I6	23.2396677768
UniRef90_A0A076J8I6|g__Bacteroides.s__Bacteroides_vulgatus	23.2396677768
UniRef90_U6RK63	23.2142508736
UniRef90_U6RK63|g__Bacteroides.s__Bacteroides_vulgatus	23.2142508736
UniRef90_B6VTP3	23.1870548927
UniRef90_B6VTP3|g__Bacteroides.s__Bacteroides_vulgatus	23.1870548927
UniRef90_A0A0P0M503	23.1858502501
UniRef90_A0A0P0M503|g__Bacteroides.s__Bacteroides_vulgatus	23.1858502501
UniRef90_A0A0P0M6A8	23.1677128724
UniRef90_A0A0P0M6A8|g__Bacteroides.s__Bacteroides_vulgatus	23.1677128724
UniRef90_A0A174NAX3	23.1476201415
UniRef90_A0A174NAX3|g__Bacteroides.s__Bacteroides_vulgatus	23.1476201415
UniRef90_A0A396ERU4	23.1464115150
UniRef90_A0A396ERU4|g__Bacteroides.s__Bacteroides_vulgatus	23.1464115150
UniRef90_A0A1H7FY75	23.0795239314
UniRef90_A0A1H7FY75|g__Bacteroides.s__Bacteroides_vulgatus	23.0795239314
UniRef90_D4VDD1	23.0102390334
UniRef90_D4VDD1|g__Bacteroides.s__Bacteroides_vulgatus	23.0102390334
UniRef90_R9H058	22.9660577761
UniRef90_R9H058|g__Bacteroides.s__Bacteroides_vulgatus	22.9660577761
UniRef90_A0A395VV85	22.9519976574
UniRef90_A0A395VV85|g__Bacteroides.s__Bacteroides_vulgatus	22.9519976574
UniRef90_A0A396EPH8	22.9350458302
UniRef90_A0A396EPH8|g__Bacteroides.s__Bacteroides_vulgatus	22.9350458302
UniRef90_A0A0P0M3J6	22.8192446043
UniRef90_A0A0P0M3J6|g__Bacteroides.s__Bacteroides_vulgatus	22.8192446043
UniRef90_A0A076J1V1	22.7724755746
UniRef90_A0A076J1V1|g__Bacteroides.s__Bacteroides_vulgatus	22.7724755746
UniRef90_A0A395VMH7	22.7255661063
UniRef90_A0A395VMH7|g__Bacteroides.s__Bacteroides_vulgatus	22.7255661063
UniRef90_A0A174T3G0	22.7052500507
UniRef90_A0A174T3G0|g__Bacteroides.s__Bacteroides_vulgatus	22.7052500507
UniRef90_B6W1I5	22.6716115093
UniRef90_B6W1I5|g__Bacteroides.s__Bacteroides_vulgatus	22.6716115093
UniRef90_A0A380ZJI0	22.6369456697
UniRef90_A0A380ZJI0|g__Bacteroides.s__Bacteroides_vulgatus	22.6369456697
UniRef90_A0A396F7M2	22.5676965712
UniRef90_A0A396F7M2|g__Bacteroides.s__Bacteroides_vulgatus	22.5676965712
UniRef90_A6L0A5	22.5419206387
UniRef90_A6L0A5|g__Bacteroides.s__Bacteroides_vulgatus	22.5419206387
UniRef90_A0A0P0M132	22.5173566739
UniRef90_A0A0P0M132|g__Bacteroides.s__Bacteroides_vulgatus	22.5173566739
UniRef90_A6L1U8	22.4629378366
UniRef90_A6L1U8|g__Bacteroides.s__Bacteroides_vulgatus	22.4629378366
UniRef90_E5UU61	22.4271084107
UniRef90_E5UU61|g__Bacteroides.s__Bacteroides_vulgatus	22.4271084107
UniRef90_B5D0P3	22.3952962551
UniRef90_B5D0P3|g__Bacteroides.s__Bacteroides_vulgatus	22.3952962551
UniRef90_A0A0P0M1F8	22.3112520210
UniRef90_A0A0P0M1F8|g__Bacteroides.s__Bacteroides_vulgatus	22.3112520210
UniRef90_A0A397WCY9	22.2327151440
UniRef90_A0A397WCY9|g__Bacteroides.s__Bacteroides_vulgatus	22.2327151440
UniRef90_A0A396ALX3	22.1963941318
UniRef90_A0A396ALX3|g__Bacteroides.s__Bacteroides_vulgatus	22.1963941318
UniRef90_A0A0K2HFZ2	22.1356765236
UniRef90_A0A0K2HFZ2|g__Bacteroides.s__Bacteroides_vulgatus	22.1356765236
UniRef90_A0A0P0M2R7	22.1217158108
UniRef90_A0A0P0M2R7|g__Bacteroides.s__Bacteroides_vulgatus	22.1217158108
UniRef90_A0A0P0LJQ7	22.0230436985
UniRef90_A0A0P0LJQ7|g__Bacteroides.s__Bacteroides_vulgatus	22.0230436985
UniRef90_A0A397WGT0	21.9737634125
UniRef90_A0A397WGT0|g__Bacteroides.s__Bacteroides_vulgatus	21.9737634125
UniRef90_A0A076IT92	21.8819760144
UniRef90_A0A076IT92|g__Bacteroides.s__Bacteroides_vulgatus	21.8819760144
UniRef90_E4MB74	21.8641808856
UniRef90_E4MB74|g__Bacteroides.s__Bacteroides_vulgatus	21.8641808856
UniRef90_A0A0M1W4C5	21.8444923465
UniRef90_A0A0M1W4C5|g__Bacteroides.s__Bacteroides_vulgatus	21.8444923465
UniRef90_A0A396API9	21.8035312241
UniRef90_A0A396API9|g__Bacteroides.s__Bacteroides_vulgatus	21.8035312241
UniRef90_A0A076JBK6	21.7160190113
UniRef90_A0A076JBK6|g__Bacteroides.s__Bacteroides_vulgatus	21.7160190113
UniRef90_A0A0P0M1X4	21.6606913854
UniRef90_A0A0P0M1X4|g__Bacteroides.s__Bacteroides_vulgatus	21.6606913854
UniRef90_A0A0K2HNB1	21.6605490601
UniRef90_A0A0K2HNB1|g__Bacteroides.s__Bacteroides_vulgatus	21.6605490601
UniRef90_A0A1Y4PM44	21.5492328229
UniRef90_A0A1Y4PM44|g__Bacteroides.s__Bacteroides_vulgatus	21.5492328229
UniRef90_I3YJ03	21.5039969138
UniRef90_I3YJ03|g__Bacteroides.s__Bacteroides_vulgatus	21.5039969138
UniRef90_A0A1Y4PKT0	21.3972262244
UniRef90_A0A1Y4PKT0|g__Bacteroides.s__Bacteroides_vulgatus	21.3972262244
UniRef90_A0A076J8B4	21.3772771795
UniRef90_A0A076J8B4|g__Bacteroides.s__Bacteroides_vulgatus	21.3772771795
UniRef90_G9S0F6	21.3765738022
UniRef90_G9S0F6|g__Bacteroides.s__Bacteroides_vulgatus	21.3765738022
UniRef90_A6L6X6	21.3430516321
UniRef90_A6L6X6|g__Bacteroides.s__Bacteroides_vulgatus	21.3430516321
UniRef90_A6L6X1	21.3177637351
UniRef90_A6L6X1|g__Bacteroides.s__Bacteroides_vulgatus	21.3177637351
UniRef90_A6KZT2	21.2990995837
UniRef90_A6KZT2|g__Bacteroides.s__Bacteroides_vulgatus	21.2990995837
UniRef90_A0A0P0M440	21.2741096294
UniRef90_A0A0P0M440|g__Bacteroides.s__Bacteroides_vulgatus	21.2741096294
UniRef90_A0A1Q6I9Y0	21.2679647533
UniRef90_A0A1Q6I9Y0|g__Bacteroides.s__Bacteroides_vulgatus	21.2679647533
UniRef90_A0A0P0M178	21.2521107711
UniRef90_A0A0P0M178|g__Bacteroides.s__Bacteroides_vulgatus	21.2521107711
UniRef90_D4V546	21.2370847393
UniRef90_D4V546|g__Bacteroides.s__Bacteroides_vulgatus	21.2370847393
UniRef90_A0A0N7J7M4	21.2052600619
UniRef90_A0A0N7J7M4|g__Bacteroides.s__Bacteroides_vulgatus	21.2052600619
UniRef90_A0A3E5E5Z2	21.1497619871
UniRef90_A0A3E5E5Z2|g__Bacteroides.s__Bacteroides_vulgatus	21.1497619871
UniRef90_A0A076J0V1	21.1354432876
UniRef90_A0A076J0V1|g__Bacteroides.s__Bacteroides_vulgatus	21.1354432876
UniRef90_A0A173X1R1	21.0919197420
UniRef90_A0A173X1R1|g__Bacteroides.s__Bacteroides_vulgatus	21.0919197420
UniRef90_A0A017N007	21.0470085470
UniRef90_A0A017N007|g__Bacteroides.s__Bacteroides_vulgatus	21.0470085470
UniRef90_A0A076J5E7	20.9277559643
UniRef90_A0A076J5E7|g__Bacteroides.s__Bacteroides_vulgatus	20.9277559643
UniRef90_A0A396F7I8	20.9043226705
UniRef90_A0A396F7I8|g__Bacteroides.s__Bacteroides_vulgatus	20.9043226705
UniRef90_A0A076J710	20.8904699173
UniRef90_A0A076J710|g__Bacteroides.s__Bacteroides_vulgatus	20.8904699173
UniRef90_U6RP94	20.7662314916
UniRef90_U6RP94|g__Bacteroides.s__Bacteroides_vulgatus	20.7662314916
UniRef90_B5D0L5	20.7516921042
UniRef90_B5D0L5|g__Bacteroides.s__Bacteroides_vulgatus	20.7516921042
UniRef90_A0A0P0M4N3	20.7364016736
UniRef90_A0A0P0M4N3|g__Bacteroides.s__Bacteroides_vulgatus	20.7364016736
UniRef90_A0A174PHW9	20.6905857706
UniRef90_A0A174PHW9|g__Bacteroides.s__Bacteroides_vulgatus	20.6905857706
UniRef90_A0A395VSR3	20.6858805658
UniRef90_A0A395VSR3|g__Bacteroides.s__Bacteroides_vulgatus	20.6858805658
UniRef90_A0A3E5DXA0	20.6562576989
UniRef90_A0A3E5DXA0|g__Bacteroides.s__Bacteroides_vulgatus	20.6562576989
UniRef90_A0A397WDI7	20.6335584791
UniRef90_A0A397WDI7|g__Bacteroides.s__Bacteroides_vulgatus	20.6335584791
UniRef90_A0A076J7P6	20.6327820396
UniRef90_A0A076J7P6|g__Bacteroides.s__Bacteroides_vulgatus	20.6327820396
UniRef90_D4V880	20.6159131464
UniRef90_D4V880|g__Bacteroides.s__Bacteroides_vulgatus	20.6159131464
UniRef90_I9F0V9	20.5549409091
UniRef90_I9F0V9|g__Bacteroides.s__Bacteroides_vulgatus	20.5549409091
UniRef90_A6L5X6	20.4681499340
UniRef90_A6L5X6|g__Bacteroides.s__Bacteroides_vulgatus	20.4681499340
UniRef90_A0A396FE52	20.4610080585
UniRef90_A0A396FE52|g__Bacteroides.s__Bacteroides_vulgatus	20.4610080585
UniRef90_UPI0009B5BC86	20.4081632653
UniRef90_UPI0009B5BC86|g__Bacteroides.s__Bacteroides_vulgatus	20.4081632653
UniRef90_A0A0K2HET7	20.3779374651
UniRef90_A0A0K2HET7|g__Bacteroides.s__Bacteroides_vulgatus	20.3779374651
UniRef90_A0A174S1C1	20.3588437840
UniRef90_A0A174S1C1|g__Bacteroides.s__Bacteroides_vulgatus	20.3588437840
UniRef90_A0A174QTU0	20.3268322035
UniRef90_A0A174QTU0|g__Bacteroides.s__Bacteroides_vulgatus	20.3268322035
UniRef90_A0A3E5H739	20.3245036121
UniRef90_A0A3E5H739|g__Bacteroides.s__Bacteroides_vulgatus	20.3245036121
UniRef90_A0A396BBP9	20.2982796716
UniRef90_A0A396BBP9|g__Bacteroides.s__Bacteroides_vulgatus	20.2982796716
UniRef90_A0A0M1VZJ5	20.2862149864
UniRef90_A0A0M1VZJ5|g__Bacteroides.s__Bacteroides_vulgatus	20.2862149864
UniRef90_A6L3G7	20.2851484599
UniRef90_A6L3G7|g__Bacteroides.s__Bacteroides_vulgatus	20.2851484599
UniRef90_A0A174PZ91	20.2526494802
UniRef90_A0A174PZ91|g__Bacteroides.s__Bacteroides_vulgatus	20.2526494802
UniRef90_A0A0P0M677	20.1821894720
UniRef90_A0A0P0M677|g__Bacteroides.s__Bacteroides_vulgatus	20.1821894720
UniRef90_I9RE41	20.1118655183
UniRef90_I9RE41|g__Bacteroides.s__Bacteroides_vulgatus	20.1118655183
UniRef90_A0A076IV27	20.1108369058
UniRef90_A0A076IV27|g__Bacteroides.s__Bacteroides_vulgatus	20.1108369058
UniRef90_D4V9M7	20.0977763521
UniRef90_D4V9M7|g__Bacteroides.s__Bacteroides_vulgatus	20.0977763521
UniRef90_A0A380ZD55	20.0773579142
UniRef90_A0A380ZD55|g__Bacteroides.s__Bacteroides_vulgatus	20.0773579142
UniRef90_A0A069S8Q5	20.0725909290
UniRef90_A0A069S8Q5|g__Bacteroides.s__Bacteroides_vulgatus	20.0725909290
UniRef90_D1JZU2	20.0703019284
UniRef90_D1JZU2|g__Bacteroides.s__Bacteroides_vulgatus	20.0703019284
UniRef90_A0A0P0LAY1	20.0655012620
UniRef90_A0A0P0LAY1|g__Bacteroides.s__Bacteroides_vulgatus	20.0655012620
UniRef90_I9QCP3	20.0505782433
UniRef90_I9QCP3|g__Bacteroides.s__Bacteroides_vulgatus	20.0505782433
UniRef90_B6VS45	20.0399908552
UniRef90_B6VS45|g__Bacteroides.s__Bacteroides_vulgatus	20.0399908552
UniRef90_A0A1H7FY66	20.0307016749
UniRef90_A0A1H7FY66|g__Bacteroides.s__Bacteroides_vulgatus	20.0307016749
UniRef90_B5D3F5	20.0252858090
UniRef90_B5D3F5|g__Bacteroides.s__Bacteroides_vulgatus	20.0252858090
UniRef90_A0A076ITC1	19.9853715012
UniRef90_A0A076ITC1|g__Bacteroides.s__Bacteroides_vulgatus	19.9853715012
UniRef90_A0A3E4KIM1	19.9210183231
UniRef90_A0A3E4KIM1|g__Bacteroides.s__Bacteroides_vulgatus	19.9210183231
UniRef90_A0A395VIK7	19.8920246653
UniRef90_A0A395VIK7|g__Bacteroides.s__Bacteroides_vulgatus	19.8920246653
UniRef90_C3RAI3	19.8705938494
UniRef90_C3RAI3|g__Bacteroides.s__Bacteroides_vulgatus	19.8705938494
UniRef90_D4V3X9	19.8574575026
UniRef90_D4V3X9|g__Bacteroides.s__Bacteroides_vulgatus	19.8574575026
UniRef90_A6L1E7	19.8353766612
UniRef90_A6L1E7|g__Bacteroides.s__Bacteroides_vulgatus	19.8353766612
UniRef90_A0A0K2HG58	19.8346338185
UniRef90_A0A0K2HG58|g__Bacteroides.s__Bacteroides_vulgatus	19.8346338185
UniRef90_A0A174ANF9	19.7724271570
UniRef90_A0A174ANF9|g__Bacteroides.s__Bacteroides_vulgatus	19.7724271570
UniRef90_D4V565	19.7028550763
UniRef90_D4V565|g__Bacteroides.s__Bacteroides_vulgatus	19.7028550763
UniRef90_A6L532	19.6780829828
UniRef90_A6L532|g__Bacteroides.s__Bacteroides_vulgatus	19.6780829828
UniRef90_A0A0P0M4G1	19.6501032896
UniRef90_A0A0P0M4G1|g__Bacteroides.s__Bacteroides_vulgatus	19.6501032896
UniRef90_Q89Z59	19.6171150436
UniRef90_Q89Z59|g__Bacteroides.s__Bacteroides_vulgatus	19.6171150436
UniRef90_A0A078RBJ1	19.5721602654
UniRef90_A0A078RBJ1|g__Bacteroides.s__Bacteroides_vulgatus	19.5721602654
UniRef90_A0A0M1W2F8	19.5103750978
UniRef90_A0A0M1W2F8|g__Bacteroides.s__Bacteroides_vulgatus	19.5103750978
UniRef90_A0A3E4IFI0	19.4553099891
UniRef90_A0A3E4IFI0|g__Bacteroides.s__Bacteroides_vulgatus	19.4553099891
UniRef90_A0A076IMS7	19.4196198743
UniRef90_A0A076IMS7|g__Bacteroides.s__Bacteroides_vulgatus	19.4196198743
UniRef90_A0A397WK36	19.4052941784
UniRef90_A0A397WK36|g__Bacteroides.s__Bacteroides_vulgatus	19.4052941784
UniRef90_D1K675	19.3993365434
UniRef90_D1K675|g__Bacteroides.s__Bacteroides_vulgatus	19.3993365434
UniRef90_A0A0P0M5S4	19.2307692308
UniRef90_A0A0P0M5S4|g__Bacteroides.s__Bacteroides_vulgatus	19.2307692308
UniRef90_B5D0J2	19.2291246999
UniRef90_B5D0J2|g__Bacteroides.s__Bacteroides_vulgatus	19.2291246999
UniRef90_A0A174VI51	19.2208614742
UniRef90_A0A174VI51|g__Bacteroides.s__Bacteroides_vulgatus	19.2208614742
UniRef90_A0A078RCT4	19.2185007974
UniRef90_A0A078RCT4|g__Bacteroides.s__Bacteroides_vulgatus	19.2185007974
UniRef90_R6C410	19.1556649189
UniRef90_R6C410|g__Bacteroides.s__Bacteroides_vulgatus	19.1556649189
UniRef90_A0A174SFB0	19.1022229972
UniRef90_A0A174SFB0|g__Bacteroides.s__Bacteroides_vulgatus	19.1022229972
UniRef90_A0A076J1V0	19.0551560940
UniRef90_A0A076J1V0|g__Bacteroides.s__Bacteroides_vulgatus	19.0551560940
UniRef90_B0NSG7	19.0237998381
UniRef90_B0NSG7|g__Bacteroides.s__Bacteroides_vulgatus	19.0237998381
UniRef90_A0A0P0M4D2	18.9964758219
UniRef90_A0A0P0M4D2|g__Bacteroides.s__Bacteroides_vulgatus	18.9964758219
UniRef90_A0A0P0LGN9	18.9916645576
UniRef90_A0A0P0LGN9|g__Bacteroides.s__Bacteroides_vulgatus	18.9916645576
UniRef90_A0A015TKW0	18.9641070380
UniRef90_A0A015TKW0|g__Bacteroides.s__Bacteroides_vulgatus	18.9641070380
UniRef90_I8VTE5	18.9414835608
UniRef90_I8VTE5|g__Bacteroides.s__Bacteroides_vulgatus	18.9414835608
UniRef90_C3QT85	18.9307156948
UniRef90_C3QT85|g__Bacteroides.s__Bacteroides_vulgatus	18.9307156948
UniRef90_A0A1Y4PM15	18.8872996663
UniRef90_A0A1Y4PM15|g__Bacteroides.s__Bacteroides_vulgatus	18.8872996663
UniRef90_A0A1Y4PDW8	18.8492999333
UniRef90_A0A1Y4PDW8|g__Bacteroides.s__Bacteroides_vulgatus	18.8492999333
UniRef90_A6KYC8	18.8299899282
UniRef90_A6KYC8|g__Bacteroides.s__Bacteroides_vulgatus	18.8299899282
UniRef90_A0A397WER9	18.8013827484
UniRef90_A0A397WER9|g__Bacteroides.s__Bacteroides_vulgatus	18.8013827484
UniRef90_A0A0N7J7Z6	18.7721153374
UniRef90_A0A0N7J7Z6|g__Bacteroides.s__Bacteroides_vulgatus	18.7721153374
UniRef90_C3R4L3	18.7563315920
UniRef90_C3R4L3|g__Bacteroides.s__Bacteroides_vulgatus	18.7563315920
UniRef90_A0A174VCF6	18.7467581457
UniRef90_A0A174VCF6|g__Bacteroides.s__Bacteroides_vulgatus	18.7467581457
UniRef90_A6L070	18.7007711249
UniRef90_A6L070|g__Bacteroides.s__Bacteroides_vulgatus	18.7007711249
UniRef90_A0A395VSG6	18.6915887850
UniRef90_A0A395VSG6|g__Bacteroides.s__Bacteroides_vulgatus	18.6915887850
UniRef90_A0A396EQ60	18.6866020424
UniRef90_A0A396EQ60|g__Bacteroides.s__Bacteroides_vulgatus	18.6866020424
UniRef90_D4V3Y1	18.6291922094
UniRef90_D4V3Y1|g__Bacteroides.s__Bacteroides_vulgatus	18.6291922094
UniRef90_A0A0P0L2L4	18.5126641552
UniRef90_A0A0P0L2L4|g__Bacteroides.s__Bacteroides_vulgatus	18.5126641552
UniRef90_A0A174LYN9	18.5061810645
UniRef90_A0A174LYN9|g__Bacteroides.s__Bacteroides_vulgatus	18.5061810645
UniRef90_A0A396AP31	18.4460882623
UniRef90_A0A396AP31|g__Bacteroides.s__Bacteroides_vulgatus	18.4460882623
UniRef90_D4V593	18.4190293080
UniRef90_D4V593|g__Bacteroides.s__Bacteroides_vulgatus	18.4190293080
UniRef90_A0A0P0L7X4	18.3373302300
UniRef90_A0A0P0L7X4|g__Bacteroides.s__Bacteroides_vulgatus	18.3373302300
UniRef90_A0A395VTA3	18.2958882413
UniRef90_A0A395VTA3|g__Bacteroides.s__Bacteroides_vulgatus	18.2958882413
UniRef90_A0A076IQ70	18.2727753779
UniRef90_A0A076IQ70|g__Bacteroides.s__Bacteroides_vulgatus	18.2727753779
UniRef90_A0A076IUQ2	18.2663457598
UniRef90_A0A076IUQ2|g__Bacteroides.s__Bacteroides_vulgatus	18.2663457598
UniRef90_C3RG82	18.1800860803
UniRef90_C3RG82|g__Bacteroides.s__Bacteroides_vulgatus	18.1800860803
UniRef90_A0A1H7KR90	18.1667542335
UniRef90_A0A1H7KR90|g__Bacteroides.s__Bacteroides_vulgatus	18.1667542335
UniRef90_U6RBT0	18.1359489219
UniRef90_U6RBT0|g__Bacteroides.s__Bacteroides_vulgatus	18.1359489219
UniRef90_A0A1Q6I8W2	18.1095610627
UniRef90_A0A1Q6I8W2|g__Bacteroides.s__Bacteroides_vulgatus	18.1095610627
UniRef90_C3R6B4	18.0447606574
UniRef90_C3R6B4|g__Bacteroides.s__Bacteroides_vulgatus	18.0447606574
UniRef90_A0A396AQX7	18.0424498897
UniRef90_A0A396AQX7|g__Bacteroides.s__Bacteroides_vulgatus	18.0424498897
UniRef90_A0A0N7J733	18.0299838504
UniRef90_A0A0N7J733|g__Bacteroides.s__Bacteroides_vulgatus	18.0299838504
UniRef90_A0A0P0L8Z7	17.9511465959
UniRef90_A0A0P0L8Z7|g__Bacteroides.s__Bacteroides_vulgatus	17.9511465959
UniRef90_C6Z6H7	17.9367552897
UniRef90_C6Z6H7|g__Bacteroides.s__Bacteroides_vulgatus	17.9367552897
UniRef90_A0A133PU47	17.9284602977
UniRef90_A0A133PU47|g__Bacteroides.s__Bacteroides_vulgatus	17.9284602977
UniRef90_A6KZQ5	17.9211528249
UniRef90_A6KZQ5|g__Bacteroides.s__Bacteroides_vulgatus	17.9211528249
UniRef90_A0A076IXF0	17.9138751423
UniRef90_A0A076IXF0|g__Bacteroides.s__Bacteroides_vulgatus	17.9138751423
UniRef90_A0A0K2HQ54	17.8504640639
UniRef90_A0A0K2HQ54|g__Bacteroides.s__Bacteroides_vulgatus	17.8504640639
UniRef90_A0A174SCL4	17.7302309671
UniRef90_A0A174SCL4|g__Bacteroides.s__Bacteroides_vulgatus	17.7302309671
UniRef90_C3R8W0	17.7144852757
UniRef90_C3R8W0|g__Bacteroides.s__Bacteroides_vulgatus	17.7144852757
UniRef90_A0A0P0L4I7	17.6991150442
UniRef90_A0A0P0L4I7|g__Bacteroides.s__Bacteroides_vulgatus	17.6991150442
UniRef90_A0A0M1W6U9	17.6829490072
UniRef90_A0A0M1W6U9|g__Bacteroides.s__Bacteroides_vulgatus	17.6829490072
UniRef90_A0A076IYL7	17.6492565164
UniRef90_A0A076IYL7|g__Bacteroides.s__Bacteroides_vulgatus	17.6492565164
UniRef90_A0A174S253	17.6395852890
UniRef90_A0A174S253|g__Bacteroides.s__Bacteroides_vulgatus	17.6395852890
UniRef90_I9FIN4	17.5593407001
UniRef90_I9FIN4|g__Bacteroides.s__Bacteroides_vulgatus	17.5593407001
UniRef90_C9KVC5	17.4906446264
UniRef90_C9KVC5|g__Bacteroides.s__Bacteroides_vulgatus	17.4906446264
UniRef90_A0A076ISZ3	17.4900595548
UniRef90_A0A076ISZ3|g__Bacteroides.s__Bacteroides_vulgatus	17.4900595548
UniRef90_A0A078QXB4	17.4599895220
UniRef90_A0A078QXB4|g__Bacteroides.s__Bacteroides_vulgatus	17.4599895220
UniRef90_A6KZL1	17.4420926989
UniRef90_A6KZL1|g__Bacteroides.s__Bacteroides_vulgatus	17.4420926989
UniRef90_A0A076ISB8	17.3483323793
UniRef90_A0A076ISB8|g__Bacteroides.s__Bacteroides_vulgatus	17.3483323793
UniRef90_A0A015XDU1	17.3338154935
UniRef90_A0A015XDU1|g__Bacteroides.s__Bacteroides_vulgatus	17.3338154935
UniRef90_A0A0P0LJZ6	17.3268706890
UniRef90_A0A0P0LJZ6|g__Bacteroides.s__Bacteroides_vulgatus	17.3268706890
UniRef90_A0A0K2HP50	17.2470674848
UniRef90_A0A0K2HP50|g__Bacteroides.s__Bacteroides_vulgatus	17.2470674848
UniRef90_A0A0P0L0H0	17.1791349421
UniRef90_A0A0P0L0H0|g__Bacteroides.s__Bacteroides_vulgatus	17.1791349421
UniRef90_W6NZG1	17.0758396323
UniRef90_W6NZG1|g__Bacteroides.s__Bacteroides_vulgatus	17.0758396323
UniRef90_A6KZJ8	17.0644455631
UniRef90_A6KZJ8|g__Bacteroides.s__Bacteroides_vulgatus	17.0644455631
UniRef90_A0A396ASJ6	17.0443275896
UniRef90_A0A396ASJ6|g__Bacteroides.s__Bacteroides_vulgatus	17.0443275896
UniRef90_A6KXU3	17.0190584187
UniRef90_A6KXU3|g__Bacteroides.s__Bacteroides_vulgatus	17.0190584187
UniRef90_A0A076ISU9	17.0120872549
UniRef90_A0A076ISU9|g__Bacteroides.s__Bacteroides_vulgatus	17.0120872549
UniRef90_A0A380Z4D5	17.0068027211
UniRef90_A0A380Z4D5|g__Bacteroides.s__Bacteroides_vulgatus	17.0068027211
UniRef90_A0A0P0M501	16.9672042858
UniRef90_A0A0P0M501|g__Bacteroides.s__Bacteroides_vulgatus	16.9672042858
UniRef90_A0A3E4JG82	16.9384238598
UniRef90_A0A3E4JG82|g__Bacteroides.s__Bacteroides_vulgatus	16.9384238598
UniRef90_A0A0M1W1V6	16.9193887194
UniRef90_A0A0M1W1V6|g__Bacteroides.s__Bacteroides_vulgatus	16.9193887194
UniRef90_A0A397WBS2	16.9098230278
UniRef90_A0A397WBS2|g__Bacteroides.s__Bacteroides_vulgatus	16.9098230278
UniRef90_A0A0P0M4K3	16.9092886103
UniRef90_A0A0P0M4K3|g__Bacteroides.s__Bacteroides_vulgatus	16.9092886103
UniRef90_A0A078PLC9	16.8949292110
UniRef90_A0A078PLC9|g__Bacteroides.s__Bacteroides_vulgatus	16.8949292110
UniRef90_A0A0P0M2S1	16.8869557957
UniRef90_A0A0P0M2S1|g__Bacteroides.s__Bacteroides_vulgatus	16.8869557957
UniRef90_C6IUJ3	16.8729044832
UniRef90_C6IUJ3|g__Bacteroides.s__Bacteroides_vulgatus	16.8729044832
UniRef90_D4V8X0	16.8430016488
UniRef90_D4V8X0|g__Bacteroides.s__Bacteroides_vulgatus	16.8430016488
UniRef90_I9TY61	16.8173951332
UniRef90_I9TY61|g__Bacteroides.s__Bacteroides_vulgatus	16.8173951332
UniRef90_A0A076J215	16.8109392427
UniRef90_A0A076J215|g__Bacteroides.s__Bacteroides_vulgatus	16.8109392427
UniRef90_A0A0M1VZN2	16.7745225138
UniRef90_A0A0M1VZN2|g__Bacteroides.s__Bacteroides_vulgatus	16.7745225138
UniRef90_A0A076IQW0	16.7742453758
UniRef90_A0A076IQW0|g__Bacteroides.s__Bacteroides_vulgatus	16.7742453758
UniRef90_A0A016GBY6	16.6863950192
UniRef90_A0A016GBY6|g__Bacteroides.s__Bacteroides_vulgatus	16.6863950192
UniRef90_A0A0K2HQB2	16.6783519725
UniRef90_A0A0K2HQB2|g__Bacteroides.s__Bacteroides_vulgatus	16.6783519725
UniRef90_A6L4L7	16.6420948686
UniRef90_A6L4L7|g__Bacteroides.s__Bacteroides_vulgatus	16.6420948686
UniRef90_A0A395VJY0	16.5765000447
UniRef90_A0A395VJY0|g__Bacteroides.s__Bacteroides_vulgatus	16.5765000447
UniRef90_C3R4H6	16.5085419373
UniRef90_C3R4H6|g__Bacteroides.s__Bacteroides_vulgatus	16.5085419373
UniRef90_D4V3D6	16.4541770103
UniRef90_D4V3D6|g__Bacteroides.s__Bacteroides_vulgatus	16.4541770103
UniRef90_B6VZI2	16.4259034943
UniRef90_B6VZI2|g__Bacteroides.s__Bacteroides_vulgatus	16.4259034943
UniRef90_A6L313	16.4223946560
UniRef90_A6L313|g__Bacteroides.s__Bacteroides_vulgatus	16.4223946560
UniRef90_R6CCE8	16.4044018712
UniRef90_R6CCE8|g__Bacteroides.s__Bacteroides_vulgatus	16.4044018712
UniRef90_C3RGN1	16.4013445863
UniRef90_C3RGN1|g__Bacteroides.s__Bacteroides_vulgatus	16.4013445863
UniRef90_D1JXT2	16.3897918857
UniRef90_D1JXT2|g__Bacteroides.s__Bacteroides_vulgatus	16.3897918857
UniRef90_A0A076ILH5	16.2839075618
UniRef90_A0A076ILH5|g__Bacteroides.s__Bacteroides_vulgatus	16.2839075618
UniRef90_C3R6C8	16.2453395256
UniRef90_C3R6C8|g__Bacteroides.s__Bacteroides_vulgatus	16.2453395256
UniRef90_A0A078RC18	16.2260966606
UniRef90_A0A078RC18|g__Bacteroides.s__Bacteroides_vulgatus	16.2260966606
UniRef90_A0A0P0L6G4	16.1733108128
UniRef90_A0A0P0L6G4|g__Bacteroides.s__Bacteroides_vulgatus	16.1733108128
UniRef90_A0A076IYP6	16.1711538342
UniRef90_A0A076IYP6|g__Bacteroides.s__Bacteroides_vulgatus	16.1711538342
UniRef90_U6R932	16.1655443119
UniRef90_U6R932|g__Bacteroides.s__Bacteroides_vulgatus	16.1655443119
UniRef90_A0A174K803	16.1536894930
UniRef90_A0A174K803|g__Bacteroides.s__Bacteroides_vulgatus	16.1536894930
UniRef90_A0A174NM17	16.1435365097
UniRef90_A0A174NM17|g__Bacteroides.s__Bacteroides_vulgatus	16.1435365097
UniRef90_C3R8I0	16.1290322581
UniRef90_C3R8I0|g__Bacteroides.s__Bacteroides_vulgatus	16.1290322581
UniRef90_A0A0P0LA17	16.1128384506
UniRef90_A0A0P0LA17|g__Bacteroides.s__Bacteroides_vulgatus	16.1128384506
UniRef90_B0MZA3	16.1067952640
UniRef90_B0MZA3|g__Bacteroides.s__Bacteroides_vulgatus	16.1067952640
UniRef90_P30899	16.0782930126
UniRef90_P30899|g__Bacteroides.s__Bacteroides_vulgatus	16.0782930126
UniRef90_I9FMQ5	16.0754296736
UniRef90_I9FMQ5|g__Bacteroides.s__Bacteroides_vulgatus	16.0754296736
UniRef90_A0A0M1W0Y9	16.0281902826
UniRef90_A0A0M1W0Y9|g__Bacteroides.s__Bacteroides_vulgatus	16.0281902826
UniRef90_A0A397WLU0	15.9321050551
UniRef90_A0A397WLU0|g__Bacteroides.s__Bacteroides_vulgatus	15.9321050551
UniRef90_A0A1Q6IQ53	15.8748568486
UniRef90_A0A1Q6IQ53|g__Bacteroides.s__Bacteroides_vulgatus	15.8748568486
UniRef90_A0A076J288	15.8659832677
UniRef90_A0A076J288|g__Bacteroides.s__Bacteroides_vulgatus	15.8659832677
UniRef90_A0A0K2HHG8	15.8509245326
UniRef90_A0A0K2HHG8|g__Bacteroides.s__Bacteroides_vulgatus	15.8509245326
UniRef90_A0A1Y4PR89	15.8187751940
UniRef90_A0A1Y4PR89|g__Bacteroides.s__Bacteroides_vulgatus	15.8187751940
UniRef90_C6IUI8	15.7106567100
UniRef90_C6IUI8|g__Bacteroides.s__Bacteroides_vulgatus	15.7106567100
UniRef90_B6VZ21	15.6904427617
UniRef90_B6VZ21|g__Bacteroides.s__Bacteroides_vulgatus	15.6904427617
UniRef90_F3PL25	15.6819890059
UniRef90_F3PL25|g__Bacteroides.s__Bacteroides_vulgatus	15.6819890059
UniRef90_A0A0K2HNA3	15.6529833816
UniRef90_A0A0K2HNA3|g__Bacteroides.s__Bacteroides_vulgatus	15.6529833816
UniRef90_A0A0M1W4C3	15.6208241111
UniRef90_A0A0M1W4C3|g__Bacteroides.s__Bacteroides_vulgatus	15.6208241111
UniRef90_I3YLF4	15.5659566916
UniRef90_I3YLF4|g__Bacteroides.s__Bacteroides_vulgatus	15.5659566916
UniRef90_A0A1L5KFI3	15.5632084948
UniRef90_A0A1L5KFI3|g__Bacteroides.s__Bacteroides_vulgatus	15.5632084948
UniRef90_A0A076INE9	15.5132922244
UniRef90_A0A076INE9|g__Bacteroides.s__Bacteroides_vulgatus	15.5132922244
UniRef90_A0A076IQS3	15.5075817546
UniRef90_A0A076IQS3|g__Bacteroides.s__Bacteroides_vulgatus	15.5075817546
UniRef90_A0A0N7J6S6	15.4963298166
UniRef90_A0A0N7J6S6|g__Bacteroides.s__Bacteroides_vulgatus	15.4963298166
UniRef90_C3R8X1	15.4883395118
UniRef90_C3R8X1|g__Bacteroides.s__Bacteroides_vulgatus	15.4883395118
UniRef90_A0A0P0LRE5	15.4429351099
UniRef90_A0A0P0LRE5|g__Bacteroides.s__Bacteroides_vulgatus	15.4429351099
UniRef90_A0A397WKY4	15.4426634679
UniRef90_A0A397WKY4|g__Bacteroides.s__Bacteroides_vulgatus	15.4426634679
UniRef90_A0A395UTD2	15.3339549894
UniRef90_A0A395UTD2|g__Bacteroides.s__Bacteroides_vulgatus	15.3339549894
UniRef90_A0A139JRM5	15.2953075743
UniRef90_A0A139JRM5|g__Bacteroides.s__Bacteroides_vulgatus	15.2953075743
UniRef90_A0A076J4G7	15.2561157653
UniRef90_A0A076J4G7|g__Bacteroides.s__Bacteroides_vulgatus	15.2561157653
UniRef90_A0A396EIK9	15.2204588701
UniRef90_A0A396EIK9|g__Bacteroides.s__Bacteroides_vulgatus	15.2204588701
UniRef90_A0A076IUS6	15.2040418935
UniRef90_A0A076IUS6|g__Bacteroides.s__Bacteroides_vulgatus	15.2040418935
UniRef90_A0A0N7J7I0	15.1821198670
UniRef90_A0A0N7J7I0|g__Bacteroides.s__Bacteroides_vulgatus	15.1821198670
UniRef90_A0A3E4JEG1	15.1515151515
UniRef90_A0A3E4JEG1|g__Bacteroides.s__Bacteroides_vulgatus	15.1515151515
UniRef90_E5UQL1	15.1406103854
UniRef90_E5UQL1|g__Bacteroides.s__Bacteroides_vulgatus	15.1406103854
UniRef90_D4V3P4	15.1039974886
UniRef90_D4V3P4|g__Bacteroides.s__Bacteroides_vulgatus	15.1039974886
UniRef90_A0A3E4XTM5	15.0302346794
UniRef90_A0A3E4XTM5|g__Bacteroides.s__Bacteroides_vulgatus	15.0302346794
UniRef90_A0A395VR68	14.9707824276
UniRef90_A0A395VR68|g__Bacteroides.s__Bacteroides_vulgatus	14.9707824276
UniRef90_A0A0K2HG35	14.9566775002
UniRef90_A0A0K2HG35|g__Bacteroides.s__Bacteroides_vulgatus	14.9566775002
UniRef90_A0A076J254	14.9323361107
UniRef90_A0A076J254|g__Bacteroides.s__Bacteroides_vulgatus	14.9323361107
UniRef90_A0A0N7J7Z5	14.9193795082
UniRef90_A0A0N7J7Z5|g__Bacteroides.s__Bacteroides_vulgatus	14.9193795082
UniRef90_A0A174KY93	14.8932353214
UniRef90_A0A174KY93|g__Bacteroides.s__Bacteroides_vulgatus	14.8932353214
UniRef90_A0A380ZJH4	14.8921069855
UniRef90_A0A380ZJH4|g__Bacteroides.s__Bacteroides_vulgatus	14.8921069855
UniRef90_A0A174J9C9	14.8254706443
UniRef90_A0A174J9C9|g__Bacteroides.s__Bacteroides_vulgatus	14.8254706443
UniRef90_A0A3E4I8G8	14.7858230050
UniRef90_A0A3E4I8G8|g__Bacteroides.s__Bacteroides_vulgatus	14.7858230050
UniRef90_A0A397WBK9	14.7801548817
UniRef90_A0A397WBK9|g__Bacteroides.s__Bacteroides_vulgatus	14.7801548817
UniRef90_A0A1D6XS85	14.7674418832
UniRef90_A0A1D6XS85|g__Bacteroides.s__Bacteroides_vulgatus	14.7674418832
UniRef90_A0A076J5W5	14.7498853188
UniRef90_A0A076J5W5|g__Bacteroides.s__Bacteroides_vulgatus	14.7498853188
UniRef90_A0A380ZGV8	14.7169038850
UniRef90_A0A380ZGV8|g__Bacteroides.s__Bacteroides_vulgatus	14.7169038850
UniRef90_A0A3E5ECU5	14.6492703475
UniRef90_A0A3E5ECU5|g__Bacteroides.s__Bacteroides_vulgatus	14.6492703475
UniRef90_A0A174TWT2	14.6467218565
UniRef90_A0A174TWT2|g__Bacteroides.s__Bacteroides_vulgatus	14.6467218565
UniRef90_A0A173WTQ6	14.6343332406
UniRef90_A0A173WTQ6|g__Bacteroides.s__Bacteroides_vulgatus	14.6343332406
UniRef90_Q8A2S4	14.6257387704
UniRef90_Q8A2S4|g__Bacteroides.s__Bacteroides_vulgatus	14.6257387704
UniRef90_A0A0P0M0K4	14.6088008502
UniRef90_A0A0P0M0K4|g__Bacteroides.s__Bacteroides_vulgatus	14.6088008502
UniRef90_A0A0P0LPP0	14.5965784984
UniRef90_A0A0P0LPP0|g__Bacteroides.s__Bacteroides_vulgatus	14.5965784984
UniRef90_A0A076IR60	14.5753894204
UniRef90_A0A076IR60|g__Bacteroides.s__Bacteroides_vulgatus	14.5753894204
UniRef90_I9T843	14.5227492263
UniRef90_I9T843|g__Bacteroides.s__Bacteroides_vulgatus	14.5227492263
UniRef90_K6AE66	14.4462430767
UniRef90_K6AE66|g__Bacteroides.s__Bacteroides_vulgatus	14.4462430767
UniRef90_A6L3B5	14.4212295869
UniRef90_A6L3B5|g__Bacteroides.s__Bacteroides_vulgatus	14.4212295869
UniRef90_A0A076J702	14.3891362164
UniRef90_A0A076J702|g__Bacteroides.s__Bacteroides_vulgatus	14.3891362164
UniRef90_D4VCT1	14.3832181136
UniRef90_D4VCT1|g__Bacteroides.s__Bacteroides_vulgatus	14.3832181136
UniRef90_A0A3E4T9A4	14.3819752237
UniRef90_A0A3E4T9A4|g__Bacteroides.s__Bacteroides_vulgatus	14.3819752237
UniRef90_A0A1G1TVY5	14.3133178424
UniRef90_A0A1G1TVY5|g__Bacteroides.s__Bacteroides_vulgatus	14.3133178424
UniRef90_A0A0P0LIK6	14.3085228835
UniRef90_A0A0P0LIK6|g__Bacteroides.s__Bacteroides_vulgatus	14.3085228835
UniRef90_A0A0N7J7N2	14.3052441797
UniRef90_A0A0N7J7N2|g__Bacteroides.s__Bacteroides_vulgatus	14.3052441797
UniRef90_K5Z4K3	14.2927055700
UniRef90_K5Z4K3|g__Bacteroides.s__Bacteroides_vulgatus	14.2927055700
UniRef90_A0A0E2TFE3	14.2675751569
UniRef90_A0A0E2TFE3|g__Bacteroides.s__Bacteroides_vulgatus	14.2675751569
UniRef90_A6KYK4	14.1817053645
UniRef90_A6KYK4|g__Bacteroides.s__Bacteroides_vulgatus	14.1817053645
UniRef90_C6IQD9	14.1730842668
UniRef90_C6IQD9|g__Bacteroides.s__Bacteroides_vulgatus	14.1730842668
UniRef90_A0A374Q4U9	14.1509433962
UniRef90_A0A374Q4U9|g__Bacteroides.s__Bacteroides_vulgatus	14.1509433962
UniRef90_A0A174WBC9	14.0980537858
UniRef90_A0A174WBC9|g__Bacteroides.s__Bacteroides_vulgatus	14.0980537858
UniRef90_A0A174BPA4	14.0718762399
UniRef90_A0A174BPA4|g__Bacteroides.s__Bacteroides_vulgatus	14.0718762399
UniRef90_A0A0P0M4E9	13.9808392765
UniRef90_A0A0P0M4E9|g__Bacteroides.s__Bacteroides_vulgatus	13.9808392765
UniRef90_A0A0P0LDL7	13.8851761858
UniRef90_A0A0P0LDL7|g__Bacteroides.s__Bacteroides_vulgatus	13.8851761858
UniRef90_D4VAA1	13.8243660023
UniRef90_D4VAA1|g__Bacteroides.s__Bacteroides_vulgatus	13.8243660023
UniRef90_A0A174TTJ1	13.8160779342
UniRef90_A0A174TTJ1|g__Bacteroides.s__Bacteroides_vulgatus	13.8160779342
UniRef90_A0A0P0LE09	13.7829709425
UniRef90_A0A0P0LE09|g__Bacteroides.s__Bacteroides_vulgatus	13.7829709425
UniRef90_A0A076IS10	13.7548467438
UniRef90_A0A076IS10|g__Bacteroides.s__Bacteroides_vulgatus	13.7548467438
UniRef90_A0A1H7MMS0	13.7275032203
UniRef90_A0A1H7MMS0|g__Bacteroides.s__Bacteroides_vulgatus	13.7275032203
UniRef90_A0A0P0M2I3	13.7199353282
UniRef90_A0A0P0M2I3|g__Bacteroides.s__Bacteroides_vulgatus	13.7199353282
UniRef90_A6KXU8	13.6486865646
UniRef90_A6KXU8|g__Bacteroides.s__Bacteroides_vulgatus	13.6486865646
UniRef90_A6L170	13.6420171006
UniRef90_A6L170|g__Bacteroides.s__Bacteroides_vulgatus	13.6420171006
UniRef90_A0A0P0M3U1	13.6113832302
UniRef90_A0A0P0M3U1|g__Bacteroides.s__Bacteroides_vulgatus	13.6113832302
UniRef90_D1K7C8	13.5389282619
UniRef90_D1K7C8|g__Bacteroides.s__Bacteroides_vulgatus	13.5389282619
UniRef90_A0A076IVW3	13.4651548771
UniRef90_A0A076IVW3|g__Bacteroides.s__Bacteroides_vulgatus	13.4651548771
UniRef90_A0A0P0GM51	13.4561107548
UniRef90_A0A0P0GM51|g__Bacteroides.s__Bacteroides_vulgatus	13.4561107548
UniRef90_E5UT54	13.4343449561
UniRef90_E5UT54|g__Bacteroides.s__Bacteroides_vulgatus	13.4343449561
UniRef90_E5UXH4	13.3934501023
UniRef90_E5UXH4|g__Bacteroides.s__Bacteroides_vulgatus	13.3934501023
UniRef90_A0A0K2HE84	13.3880888471
UniRef90_A0A0K2HE84|g__Bacteroides.s__Bacteroides_vulgatus	13.3880888471
UniRef90_A0A174TCX1	13.3872164399
UniRef90_A0A174TCX1|g__Bacteroides.s__Bacteroides_vulgatus	13.3872164399
UniRef90_A6KYH0	13.3816170024
UniRef90_A6KYH0|g__Bacteroides.s__Bacteroides_vulgatus	13.3816170024
UniRef90_A0A076IWV6	13.3446989952
UniRef90_A0A076IWV6|g__Bacteroides.s__Bacteroides_vulgatus	13.3446989952
UniRef90_A0A0P0LPT7	13.3284916970
UniRef90_A0A0P0LPT7|g__Bacteroides.s__Bacteroides_vulgatus	13.3284916970
UniRef90_A0A0K2HL46	13.2522784887
UniRef90_A0A0K2HL46|g__Bacteroides.s__Bacteroides_vulgatus	13.2522784887
UniRef90_R5M2H2	13.1975725884
UniRef90_R5M2H2|g__Bacteroides.s__Bacteroides_vulgatus	13.1975725884
UniRef90_A0A0P0M403	13.1094057578
UniRef90_A0A0P0M403|g__Bacteroides.s__Bacteroides_vulgatus	13.1094057578
UniRef90_I9RA95	13.0545676210
UniRef90_I9RA95|g__Bacteroides.s__Bacteroides_vulgatus	13.0545676210
UniRef90_A0A078RB19	13.0075785562
UniRef90_A0A078RB19|g__Bacteroides.s__Bacteroides_vulgatus	13.0075785562
UniRef90_A6L645	12.9695188088
UniRef90_A6L645|g__Bacteroides.s__Bacteroides_vulgatus	12.9695188088
UniRef90_A0A069SK66	12.9530756030
UniRef90_A0A069SK66|g__Bacteroides.s__Bacteroides_vulgatus	12.9530756030
UniRef90_A0A0P0L4L1	12.8450172457
UniRef90_A0A0P0L4L1|g__Bacteroides.s__Bacteroides_vulgatus	12.8450172457
UniRef90_A0A396EL80	12.8250969063
UniRef90_A0A396EL80|g__Bacteroides.s__Bacteroides_vulgatus	12.8250969063
UniRef90_E5UQ06	12.8240307694
UniRef90_E5UQ06|g__Bacteroides.s__Bacteroides_vulgatus	12.8240307694
UniRef90_A0A397WD19	12.7979129986
UniRef90_A0A397WD19|g__Bacteroides.s__Bacteroides_vulgatus	12.7979129986
UniRef90_A0A076IRS7	12.7941880891
UniRef90_A0A076IRS7|g__Bacteroides.s__Bacteroides_vulgatus	12.7941880891
UniRef90_R5JME6	12.6373012738
UniRef90_R5JME6|g__Bacteroides.s__Bacteroides_vulgatus	12.6373012738
UniRef90_D4VBD5	12.6182965300
UniRef90_D4VBD5|g__Bacteroides.s__Bacteroides_vulgatus	12.6182965300
UniRef90_Q8A155	12.5778151743
UniRef90_Q8A155|g__Bacteroides.s__Bacteroides_vulgatus	12.5778151743
UniRef90_A0A396F9T7	12.5553621812
UniRef90_A0A396F9T7|g__Bacteroides.s__Bacteroides_vulgatus	12.5553621812
UniRef90_A0A396AT32	12.4918014515
UniRef90_A0A396AT32|g__Bacteroides.s__Bacteroides_vulgatus	12.4918014515
UniRef90_A0A1Y4PFB7	12.4586363538
UniRef90_A0A1Y4PFB7|g__Bacteroides.s__Bacteroides_vulgatus	12.4586363538
UniRef90_A0A174WXU9	12.4269293960
UniRef90_A0A174WXU9|g__Bacteroides.s__Bacteroides_vulgatus	12.4269293960
UniRef90_A0A173WIK6	12.4022487744
UniRef90_A0A173WIK6|g__Bacteroides.s__Bacteroides_vulgatus	12.4022487744
UniRef90_A0A076INR1	12.3679528315
UniRef90_A0A076INR1|g__Bacteroides.s__Bacteroides_vulgatus	12.3679528315
UniRef90_A0A174IEZ6	12.2882530282
UniRef90_A0A174IEZ6|g__Bacteroides.s__Bacteroides_vulgatus	12.2882530282
UniRef90_A0A3E4JUG9	12.1824053421
UniRef90_A0A3E4JUG9|g__Bacteroides.s__Bacteroides_vulgatus	12.1824053421
UniRef90_C3RBF3	12.1805514931
UniRef90_C3RBF3|g__Bacteroides.s__Bacteroides_vulgatus	12.1805514931
UniRef90_A0A0P0M5P5	12.1558455078
UniRef90_A0A0P0M5P5|g__Bacteroides.s__Bacteroides_vulgatus	12.1558455078
UniRef90_A0A076IZ47	12.1416183633
UniRef90_A0A076IZ47|g__Bacteroides.s__Bacteroides_vulgatus	12.1416183633
UniRef90_A0A0P0M0H9	12.1218537023
UniRef90_A0A0P0M0H9|g__Bacteroides.s__Bacteroides_vulgatus	12.1218537023
UniRef90_A0A076IQH4	12.0806549409
UniRef90_A0A076IQH4|g__Bacteroides.s__Bacteroides_vulgatus	12.0806549409
UniRef90_A0A1H7MMN1	12.0535154472
UniRef90_A0A1H7MMN1|g__Bacteroides.s__Bacteroides_vulgatus	12.0535154472
UniRef90_A0A174Q601	12.0481927711
UniRef90_A0A174Q601|g__Bacteroides.s__Bacteroides_vulgatus	12.0481927711
UniRef90_A0A076J543	12.0332339706
UniRef90_A0A076J543|g__Bacteroides.s__Bacteroides_vulgatus	12.0332339706
UniRef90_B5CXZ6	12.0046610014
UniRef90_B5CXZ6|g__Bacteroides.s__Bacteroides_vulgatus	12.0046610014
UniRef90_A0A0K2HP99	11.9625535735
UniRef90_A0A0K2HP99|g__Bacteroides.s__Bacteroides_vulgatus	11.9625535735
UniRef90_C6Z3U6	11.9236169843
UniRef90_C6Z3U6|g__Bacteroides.s__Bacteroides_vulgatus	11.9236169843
UniRef90_A0A078RHS1	11.9119662643
UniRef90_A0A078RHS1|g__Bacteroides.s__Bacteroides_vulgatus	11.9119662643
UniRef90_Q89YW6	11.9085229521
UniRef90_Q89YW6|g__Bacteroides.s__Bacteroides_vulgatus	11.9085229521
UniRef90_A0A0F5JR45	11.8921505084
UniRef90_A0A0F5JR45|g__Bacteroides.s__Bacteroides_vulgatus	11.8921505084
UniRef90_A0A1Y4PC68	11.8662748332
UniRef90_A0A1Y4PC68|g__Bacteroides.s__Bacteroides_vulgatus	11.8662748332
UniRef90_A0A174SQD9	11.8646004025
UniRef90_A0A174SQD9|g__Bacteroides.s__Bacteroides_vulgatus	11.8646004025
UniRef90_A0A174NSG4	11.8383740176
UniRef90_A0A174NSG4|g__Bacteroides.s__Bacteroides_vulgatus	11.8383740176
UniRef90_A0A396ALC3	11.8019774405
UniRef90_A0A396ALC3|g__Bacteroides.s__Bacteroides_vulgatus	11.8019774405
UniRef90_A0A0P0FT12	11.7294053464
UniRef90_A0A0P0FT12|g__Bacteroides.s__Bacteroides_vulgatus	11.7294053464
UniRef90_A0A395UNU1	11.6333986681
UniRef90_A0A395UNU1|g__Bacteroides.s__Bacteroides_vulgatus	11.6333986681
UniRef90_D4WAD6	11.6249426370
UniRef90_D4WAD6|g__Bacteroides.s__Bacteroides_vulgatus	11.6249426370
UniRef90_A0A0M1W597	11.5990585261
UniRef90_A0A0M1W597|g__Bacteroides.s__Bacteroides_vulgatus	11.5990585261
UniRef90_A6KWF6	11.5536405301
UniRef90_A6KWF6|g__Bacteroides.s__Bacteroides_vulgatus	11.5536405301
UniRef90_A0A076J1W8	11.5273775216
UniRef90_A0A076J1W8|g__Bacteroides.s__Bacteroides_vulgatus	11.5273775216
UniRef90_A0A076J997	11.4885034978
UniRef90_A0A076J997|g__Bacteroides.s__Bacteroides_vulgatus	11.4885034978
UniRef90_A0A0P0L7F8	11.4102206965
UniRef90_A0A0P0L7F8|g__Bacteroides.s__Bacteroides_vulgatus	11.4102206965
UniRef90_B5CXN6	11.3729981480
UniRef90_B5CXN6|g__Bacteroides.s__Bacteroides_vulgatus	11.3729981480
UniRef90_A0A174TWV3	11.3636363636
UniRef90_A0A174TWV3|g__Bacteroides.s__Bacteroides_vulgatus	11.3636363636
UniRef90_A0A0P0M5Z5	11.2960049579
UniRef90_A0A0P0M5Z5|g__Bacteroides.s__Bacteroides_vulgatus	11.2960049579
UniRef90_A0A3E5E6D9	11.2472134171
UniRef90_A0A3E5E6D9|g__Bacteroides.s__Bacteroides_vulgatus	11.2472134171
UniRef90_A0A174J5J5	11.2257064852
UniRef90_A0A174J5J5|g__Bacteroides.s__Bacteroides_vulgatus	11.2257064852
UniRef90_A0A396FAT6	11.1111111111
UniRef90_A0A396FAT6|g__Bacteroides.s__Bacteroides_vulgatus	11.1111111111
UniRef90_A0A396F8P0	11.0385801872
UniRef90_A0A396F8P0|g__Bacteroides.s__Bacteroides_vulgatus	11.0385801872
UniRef90_A0A078QWE8	11.0264091838
UniRef90_A0A078QWE8|g__Bacteroides.s__Bacteroides_vulgatus	11.0264091838
UniRef90_A6L686	10.9825874901
UniRef90_A6L686|g__Bacteroides.s__Bacteroides_vulgatus	10.9825874901
UniRef90_C6Z6H8	10.9599919361
UniRef90_C6Z6H8|g__Bacteroides.s__Bacteroides_vulgatus	10.9599919361
UniRef90_K5ZRE6	10.8946474049
UniRef90_K5ZRE6|g__Bacteroides.s__Bacteroides_vulgatus	10.8946474049
UniRef90_A0A0P0M192	10.8078114861
UniRef90_A0A0P0M192|g__Bacteroides.s__Bacteroides_vulgatus	10.8078114861
UniRef90_A0A0M1W3W6	10.6358484645
UniRef90_A0A0M1W3W6|g__Bacteroides.s__Bacteroides_vulgatus	10.6358484645
UniRef90_A0A174RUP9	10.6125924126
UniRef90_A0A174RUP9|g__Bacteroides.s__Bacteroides_vulgatus	10.6125924126
UniRef90_A0A0P0L886	10.5945525832
UniRef90_A0A0P0L886|g__Bacteroides.s__Bacteroides_vulgatus	10.5945525832
UniRef90_A0A395VEZ8	10.5678831363
UniRef90_A0A395VEZ8|g__Bacteroides.s__Bacteroides_vulgatus	10.5678831363
UniRef90_A0A0N7J7G2	10.4621674244
UniRef90_A0A0N7J7G2|g__Bacteroides.s__Bacteroides_vulgatus	10.4621674244
UniRef90_A0A0P0M152	10.4537949648
UniRef90_A0A0P0M152|g__Bacteroides.s__Bacteroides_vulgatus	10.4537949648
UniRef90_S0F7Y5	10.4227586000
UniRef90_S0F7Y5|g__Bacteroides.s__Bacteroides_vulgatus	10.4227586000
UniRef90_UPI0002E0A599	10.4166666667
UniRef90_UPI0002E0A599|g__Bacteroides.s__Bacteroides_vulgatus	10.4166666667
UniRef90_D1QWA5	10.3297341863
UniRef90_D1QWA5|g__Bacteroides.s__Bacteroides_vulgatus	10.3297341863
UniRef90_K6AK01	10.3092783505
UniRef90_K6AK01|g__Bacteroides.s__Bacteroides_vulgatus	10.3092783505
UniRef90_A0A1Y3ZSD5	10.2977187387
UniRef90_A0A1Y3ZSD5|g__Bacteroides.s__Bacteroides_vulgatus	10.2977187387
UniRef90_R6F3Y1	10.2438723198
UniRef90_R6F3Y1|g__Bacteroides.s__Bacteroides_vulgatus	10.2438723198
UniRef90_A0A0P0M586	10.2387386783
UniRef90_A0A0P0M586|g__Bacteroides.s__Bacteroides_vulgatus	10.2387386783
UniRef90_D4VBS8	9.8417374706
UniRef90_D4VBS8|g__Bacteroides.s__Bacteroides_vulgatus	9.8417374706
UniRef90_A0A0M1W198	9.7212423165
UniRef90_A0A0M1W198|g__Bacteroides.s__Bacteroides_vulgatus	9.7212423165
UniRef90_A0A3E4T9B7	9.6879731298
UniRef90_A0A3E4T9B7|g__Bacteroides.s__Bacteroides_vulgatus	9.6879731298
UniRef90_A0A0P0LIQ9	9.6497890681
UniRef90_A0A0P0LIQ9|g__Bacteroides.s__Bacteroides_vulgatus	9.6497890681
UniRef90_D1JY20	9.6245794064
UniRef90_D1JY20|g__Bacteroides.s__Bacteroides_vulgatus	9.6245794064
UniRef90_A0A1Y4PQ59	9.6129349682
UniRef90_A0A1Y4PQ59|g__Bacteroides.s__Bacteroides_vulgatus	9.6129349682
UniRef90_A0A397WCE7	9.5715794439
UniRef90_A0A397WCE7|g__Bacteroides.s__Bacteroides_vulgatus	9.5715794439
UniRef90_A0A0P0M394	9.5368684988
UniRef90_A0A0P0M394|g__Bacteroides.s__Bacteroides_vulgatus	9.5368684988
UniRef90_A0A0P0M606	9.3830150067
UniRef90_A0A0P0M606|g__Bacteroides.s__Bacteroides_vulgatus	9.3830150067
UniRef90_D1JU88	9.2412746375
UniRef90_D1JU88|g__Bacteroides.s__Bacteroides_vulgatus	9.2412746375
UniRef90_D4VCM7	9.0034995572
UniRef90_D4VCM7|g__Bacteroides.s__Bacteroides_vulgatus	9.0034995572
UniRef90_A0A3E4HFL8	8.9113611966
UniRef90_A0A3E4HFL8|g__Bacteroides.s__Bacteroides_vulgatus	8.9113611966
UniRef90_A0A076IR50	8.8858644733
UniRef90_A0A076IR50|g__Bacteroides.s__Bacteroides_vulgatus	8.8858644733
UniRef90_D4V8X4	8.8162272365
UniRef90_D4V8X4|g__Bacteroides.s__Bacteroides_vulgatus	8.8162272365
UniRef90_I9A5F6	8.7739202783
UniRef90_I9A5F6|g__Bacteroides.s__Bacteroides_vulgatus	8.7739202783
UniRef90_A0A1H7IVI3	8.6956521739
UniRef90_A0A1H7IVI3|g__Bacteroides.s__Bacteroides_vulgatus	8.6956521739
UniRef90_C3QQR7	8.5110527637
UniRef90_C3QQR7|g__Bacteroides.s__Bacteroides_vulgatus	8.5110527637
UniRef90_A0A3E5EMN9	8.3682008368
UniRef90_A0A3E5EMN9|g__Bacteroides.s__Bacteroides_vulgatus	8.3682008368
UniRef90_I9RFL3	8.3299604186
UniRef90_I9RFL3|g__Bacteroides.s__Bacteroides_vulgatus	8.3299604186
UniRef90_A0A1Q6JNB2	8.2617352644
UniRef90_A0A1Q6JNB2|g__Bacteroides.s__Bacteroides_vulgatus	8.2617352644
UniRef90_A0A395VSK8	8.2018575568
UniRef90_A0A395VSK8|g__Bacteroides.s__Bacteroides_vulgatus	8.2018575568
UniRef90_D7INU4	8.0974583491
UniRef90_D7INU4|g__Bacteroides.s__Bacteroides_vulgatus	8.0974583491
UniRef90_A0A0P0L6Q3	7.9522862823
UniRef90_A0A0P0L6Q3|g__Bacteroides.s__Bacteroides_vulgatus	7.9522862823
UniRef90_A0A396EVR0	7.8585765015
UniRef90_A0A396EVR0|g__Bacteroides.s__Bacteroides_vulgatus	7.8585765015
UniRef90_UPI000E432A7C	7.5839268992
UniRef90_UPI000E432A7C|g__Bacteroides.s__Bacteroides_vulgatus	7.5839268992
UniRef90_A0A380Z5C7	6.4239828694
UniRef90_A0A380Z5C7|g__Bacteroides.s__Bacteroides_vulgatus	6.4239828694
