# Gene Family	demo_Abundance-CPM
UNMAPPED	805409
UniRef90_I9EJJ4	5813.68
UniRef90_I9EJJ4|g__Bacteroides.s__Bacteroides_vulgatus	5813.68
UniRef90_B5D0V1	3092.59
UniRef90_B5D0V1|g__Bacteroides.s__Bacteroides_vulgatus	3092.59
UniRef90_A0A395VP60	2148.13
UniRef90_A0A395VP60|g__Bacteroides.s__Bacteroides_vulgatus	2148.13
UniRef90_A0A3E4PLE2	1908.68
UniRef90_A0A3E4PLE2|g__Bacteroides.s__Bacteroides_vulgatus	1908.68
UniRef90_A0A078RIU7	1590.31
UniRef90_A0A078RIU7|g__Bacteroides.s__Bacteroides_vulgatus	1590.31
UniRef90_C6ZAS2	1482.69
UniRef90_C6ZAS2|g__Bacteroides.s__Bacteroides_vulgatus	1482.69
UniRef90_A0A3E4XFQ6	1365.73
UniRef90_A0A3E4XFQ6|g__Bacteroides.s__Bacteroides_vulgatus	1365.73
UniRef90_G1UM91	1361.57
UniRef90_G1UM91|g__Bacteroides.s__Bacteroides_vulgatus	1361.57
UniRef90_A0A396E449	1351.27
UniRef90_A0A396E449|g__Bacteroides.s__Bacteroides_vulgatus	1351.27
UniRef90_A6KZR2	1266.44
UniRef90_A6KZR2|g__Bacteroides.s__Bacteroides_vulgatus	1266.44
UniRef90_I9J2Y0	1209.29
UniRef90_I9J2Y0|g__Bacteroides.s__Bacteroides_vulgatus	1209.29
UniRef90_D4V549	1151.09
UniRef90_D4V549|g__Bacteroides.s__Bacteroides_vulgatus	1151.09
UniRef90_A0A3E4XFK9	1131.5
UniRef90_A0A3E4XFK9|g__Bacteroides.s__Bacteroides_vulgatus	1131.5
UniRef90_B5D0U7	1073.52
UniRef90_B5D0U7|g__Bacteroides.s__Bacteroides_vulgatus	1073.52
UniRef90_A0A015X489	1071.28
UniRef90_A0A015X489|g__Bacteroides.s__Bacteroides_vulgatus	1071.28
UniRef90_A0A396E704	1057.83
UniRef90_A0A396E704|g__Bacteroides.s__Bacteroides_vulgatus	1057.83
UniRef90_A0A3E4XFK3	1045.69
UniRef90_A0A3E4XFK3|g__Bacteroides.s__Bacteroides_vulgatus	1045.69
UniRef90_A0A3E4XFK5	976.048
UniRef90_A0A3E4XFK5|g__Bacteroides.s__Bacteroides_vulgatus	976.048
UniRef90_C6ZAN6	903.299
UniRef90_C6ZAN6|g__Bacteroides.s__Bacteroides_vulgatus	903.299
UniRef90_C6ZAL1	895.605
UniRef90_C6ZAL1|g__Bacteroides.s__Bacteroides_vulgatus	895.605
UniRef90_B5D0N0	893.518
UniRef90_B5D0N0|g__Bacteroides.s__Bacteroides_vulgatus	893.518
UniRef90_A0A0P0M2E3	840.319
UniRef90_A0A0P0M2E3|g__Bacteroides.s__Bacteroides_vulgatus	840.319
UniRef90_I9UBB8	821.081
UniRef90_I9UBB8|g__Bacteroides.s__Bacteroides_vulgatus	821.081
UniRef90_C6ZAR3	797.049
UniRef90_C6ZAR3|g__Bacteroides.s__Bacteroides_vulgatus	797.049
UniRef90_A0A0P0LI08	738.162
UniRef90_A0A0P0LI08|g__Bacteroides.s__Bacteroides_vulgatus	738.162
UniRef90_A0A3E4XFT8	735.893
UniRef90_A0A3E4XFT8|g__Bacteroides.s__Bacteroides_vulgatus	735.893
UniRef90_A0A3E4XFQ9	719.487
UniRef90_A0A3E4XFQ9|g__Bacteroides.s__Bacteroides_vulgatus	719.487
UniRef90_A0A076IWK0	703.316
UniRef90_A0A076IWK0|g__Bacteroides.s__Bacteroides_vulgatus	703.316
UniRef90_B6W1I3	699.137
UniRef90_B6W1I3|g__Bacteroides.s__Bacteroides_vulgatus	699.137
UniRef90_A0A076ITS7	682.135
UniRef90_A0A076ITS7|g__Bacteroides.s__Bacteroides_vulgatus	682.135
UniRef90_C9KTE0	681.39
UniRef90_C9KTE0|g__Bacteroides.s__Bacteroides_vulgatus	681.39
UniRef90_D1JWR6	669.182
UniRef90_D1JWR6|g__Bacteroides.s__Bacteroides_vulgatus	669.182
UniRef90_A0A069S2P7	658.235
UniRef90_A0A069S2P7|g__Bacteroides.s__Bacteroides_vulgatus	658.235
UniRef90_A0A3E4JCP7	652.02
UniRef90_A0A3E4JCP7|g__Bacteroides.s__Bacteroides_vulgatus	652.02
UniRef90_B6VXB6	649.169
UniRef90_B6VXB6|g__Bacteroides.s__Bacteroides_vulgatus	649.169
UniRef90_F7LXM2	638.235
UniRef90_F7LXM2|g__Bacteroides.s__Bacteroides_vulgatus	638.235
UniRef90_A0A1Q6IXK0	608.942
UniRef90_A0A1Q6IXK0|g__Bacteroides.s__Bacteroides_vulgatus	608.942
UniRef90_A0A3E4XFJ9	592.644
UniRef90_A0A3E4XFJ9|g__Bacteroides.s__Bacteroides_vulgatus	592.644
UniRef90_R5CD91	590.24
UniRef90_R5CD91|g__Bacteroides.s__Bacteroides_vulgatus	590.24
UniRef90_Q64SH0	583.638
UniRef90_Q64SH0|g__Bacteroides.s__Bacteroides_vulgatus	583.638
UniRef90_A0A3E4ZV70	579.933
UniRef90_A0A3E4ZV70|g__Bacteroides.s__Bacteroides_vulgatus	579.933
UniRef90_A0A069S3S3	572.761
UniRef90_A0A069S3S3|g__Bacteroides.s__Bacteroides_vulgatus	572.761
UniRef90_D4V4V0	568.307
UniRef90_D4V4V0|g__Bacteroides.s__Bacteroides_vulgatus	568.307
UniRef90_A0A076IQ49	563.386
UniRef90_A0A076IQ49|g__Bacteroides.s__Bacteroides_vulgatus	563.386
UniRef90_A0A174R7U9	562.89
UniRef90_A0A174R7U9|g__Bacteroides.s__Bacteroides_vulgatus	562.89
UniRef90_A0A174KU74	547.72
UniRef90_A0A174KU74|g__Bacteroides.s__Bacteroides_vulgatus	547.72
UniRef90_C6ZAS8	547.7
UniRef90_C6ZAS8|g__Bacteroides.s__Bacteroides_vulgatus	547.7
UniRef90_A0A078TAG6	541.194
UniRef90_A0A078TAG6|g__Bacteroides.s__Bacteroides_vulgatus	541.194
UniRef90_A0A076J5I1	540.309
UniRef90_A0A076J5I1|g__Bacteroides.s__Bacteroides_vulgatus	540.309
UniRef90_D4VEG4	535.906
UniRef90_D4VEG4|g__Bacteroides.s__Bacteroides_vulgatus	535.906
UniRef90_A0A1Q6IXL9	535.811
UniRef90_A0A1Q6IXL9|g__Bacteroides.s__Bacteroides_vulgatus	535.811
UniRef90_A0A0P0LHQ9	533.167
UniRef90_A0A0P0LHQ9|g__Bacteroides.s__Bacteroides_vulgatus	533.167
UniRef90_C6ZAL8	529.647
UniRef90_C6ZAL8|g__Bacteroides.s__Bacteroides_vulgatus	529.647
UniRef90_A0A0P0L353	528.473
UniRef90_A0A0P0L353|g__Bacteroides.s__Bacteroides_vulgatus	528.473
UniRef90_D1K9I6	510.716
UniRef90_D1K9I6|g__Bacteroides.s__Bacteroides_vulgatus	510.716
UniRef90_A0A395UK03	506.643
UniRef90_A0A395UK03|g__Bacteroides.s__Bacteroides_vulgatus	506.643
UniRef90_A0A174QUM5	505.786
UniRef90_A0A174QUM5|g__Bacteroides.s__Bacteroides_vulgatus	505.786
UniRef90_A0A076J5U1	504.204
UniRef90_A0A076J5U1|g__Bacteroides.s__Bacteroides_vulgatus	504.204
UniRef90_D4V7E2	493.124
UniRef90_D4V7E2|g__Bacteroides.s__Bacteroides_vulgatus	493.124
UniRef90_A0A0K2HIA2	492.894
UniRef90_A0A0K2HIA2|g__Bacteroides.s__Bacteroides_vulgatus	492.894
UniRef90_E5UZP2	488.436
UniRef90_E5UZP2|g__Bacteroides.s__Bacteroides_vulgatus	488.436
UniRef90_A0A0P0M5L3	485.607
UniRef90_A0A0P0M5L3|g__Bacteroides.s__Bacteroides_vulgatus	485.607
UniRef90_A0A069S4W8	467.769
UniRef90_A0A069S4W8|g__Bacteroides.s__Bacteroides_vulgatus	467.769
UniRef90_A0A0P0LCY3	458.762
UniRef90_A0A0P0LCY3|g__Bacteroides.s__Bacteroides_vulgatus	458.762
UniRef90_A0A174N3R8	455.763
UniRef90_A0A174N3R8|g__Bacteroides.s__Bacteroides_vulgatus	455.763
UniRef90_A6L5G7	452.587
UniRef90_A6L5G7|g__Bacteroides.s__Bacteroides_vulgatus	452.587
UniRef90_A0A076J5W7	450.995
UniRef90_A0A076J5W7|g__Bacteroides.s__Bacteroides_vulgatus	450.995
UniRef90_A0A0P0LHJ3	439.405
UniRef90_A0A0P0LHJ3|g__Bacteroides.s__Bacteroides_vulgatus	439.405
UniRef90_A6L083	437.133
UniRef90_A6L083|g__Bacteroides.s__Bacteroides_vulgatus	437.133
UniRef90_A0A380ZJN2	436.551
UniRef90_A0A380ZJN2|g__Bacteroides.s__Bacteroides_vulgatus	436.551
UniRef90_A0A0P0LK20	432.93
UniRef90_A0A0P0LK20|g__Bacteroides.s__Bacteroides_vulgatus	432.93
UniRef90_A0A396ARN2	424.44
UniRef90_A0A396ARN2|g__Bacteroides.s__Bacteroides_vulgatus	424.44
UniRef90_D4V7C3	415.768
UniRef90_D4V7C3|g__Bacteroides.s__Bacteroides_vulgatus	415.768
UniRef90_A0A1H7HSD9	414.153
UniRef90_A0A1H7HSD9|g__Bacteroides.s__Bacteroides_vulgatus	414.153
UniRef90_R7P2X9	411.943
UniRef90_R7P2X9|g__Bacteroides.s__Bacteroides_vulgatus	411.943
UniRef90_A0A1Y3ZIE4	411.193
UniRef90_A0A1Y3ZIE4|g__Bacteroides.s__Bacteroides_vulgatus	411.193
UniRef90_A0A396F407	403.614
UniRef90_A0A396F407|g__Bacteroides.s__Bacteroides_vulgatus	403.614
UniRef90_C3R9T2	402.614
UniRef90_C3R9T2|g__Bacteroides.s__Bacteroides_vulgatus	402.614
UniRef90_A0A174J4M2	402.105
UniRef90_A0A174J4M2|g__Bacteroides.s__Bacteroides_vulgatus	402.105
UniRef90_Q650G5	401.87
UniRef90_Q650G5|g__Bacteroides.s__Bacteroides_vulgatus	401.87
UniRef90_A0A1H7IC77	397.918
UniRef90_A0A1H7IC77|g__Bacteroides.s__Bacteroides_vulgatus	397.918
UniRef90_A0A0K2HIG2	394.298
UniRef90_A0A0K2HIG2|g__Bacteroides.s__Bacteroides_vulgatus	394.298
UniRef90_E5UQ30	392.031
UniRef90_E5UQ30|g__Bacteroides.s__Bacteroides_vulgatus	392.031
UniRef90_I8ZQ06	391.329
UniRef90_I8ZQ06|g__Bacteroides.s__Bacteroides_vulgatus	391.329
UniRef90_B0NQA3	388.893
UniRef90_B0NQA3|g__Bacteroides.s__Bacteroides_vulgatus	388.893
UniRef90_A0A0P0M1A3	384.948
UniRef90_A0A0P0M1A3|g__Bacteroides.s__Bacteroides_vulgatus	384.948
UniRef90_A0A1T4IYC5	382.475
UniRef90_A0A1T4IYC5|g__Bacteroides.s__Bacteroides_vulgatus	382.475
UniRef90_S0F753	379.862
UniRef90_S0F753|g__Bacteroides.s__Bacteroides_vulgatus	379.862
UniRef90_A0A076IME4	376.448
UniRef90_A0A076IME4|g__Bacteroides.s__Bacteroides_vulgatus	376.448
UniRef90_A6L5J5	375.719
UniRef90_A6L5J5|g__Bacteroides.s__Bacteroides_vulgatus	375.719
UniRef90_A0A0M0N1A8	375.692
UniRef90_A0A0M0N1A8|g__Bacteroides.s__Bacteroides_vulgatus	375.692
UniRef90_A0A076J6J3	373.053
UniRef90_A0A076J6J3|g__Bacteroides.s__Bacteroides_vulgatus	373.053
UniRef90_A0A076IPF6	370.706
UniRef90_A0A076IPF6|g__Bacteroides.s__Bacteroides_vulgatus	370.706
UniRef90_A0A3E5EGN1	370.335
UniRef90_A0A3E5EGN1|g__Bacteroides.s__Bacteroides_vulgatus	370.335
UniRef90_E6SQG4	369.468
UniRef90_E6SQG4|g__Bacteroides.s__Bacteroides_vulgatus	369.468
UniRef90_A0A174Q9Z0	368.604
UniRef90_A0A174Q9Z0|g__Bacteroides.s__Bacteroides_vulgatus	368.604
UniRef90_A0A174L9Z9	368.072
UniRef90_A0A174L9Z9|g__Bacteroides.s__Bacteroides_vulgatus	368.072
UniRef90_A6L2V6	367.85
UniRef90_A6L2V6|g__Bacteroides.s__Bacteroides_vulgatus	367.85
UniRef90_A0A3E5HCD5	365.365
UniRef90_A0A3E5HCD5|g__Bacteroides.s__Bacteroides_vulgatus	365.365
UniRef90_A6L2W9	360.784
UniRef90_A6L2W9|g__Bacteroides.s__Bacteroides_vulgatus	360.784
UniRef90_A0A076J249	358.638
UniRef90_A0A076J249|g__Bacteroides.s__Bacteroides_vulgatus	358.638
UniRef90_A0A078QYJ8	358.308
UniRef90_A0A078QYJ8|g__Bacteroides.s__Bacteroides_vulgatus	358.308
UniRef90_A6L6X5	357.904
UniRef90_A6L6X5|g__Bacteroides.s__Bacteroides_vulgatus	357.904
UniRef90_A0A174LZM2	355.318
UniRef90_A0A174LZM2|g__Bacteroides.s__Bacteroides_vulgatus	355.318
UniRef90_A0A0M1W4E7	354.954
UniRef90_A0A0M1W4E7|g__Bacteroides.s__Bacteroides_vulgatus	354.954
UniRef90_D4VDF7	351.665
UniRef90_D4VDF7|g__Bacteroides.s__Bacteroides_vulgatus	351.665
UniRef90_A0A0N7J836	351.305
UniRef90_A0A0N7J836|g__Bacteroides.s__Bacteroides_vulgatus	351.305
UniRef90_A0A076IMM1	348.258
UniRef90_A0A076IMM1|g__Bacteroides.s__Bacteroides_vulgatus	348.258
UniRef90_A0A1Y3ZL52	348.015
UniRef90_A0A1Y3ZL52|g__Bacteroides.s__Bacteroides_vulgatus	348.015
UniRef90_B5D0L4	345.562
UniRef90_B5D0L4|g__Bacteroides.s__Bacteroides_vulgatus	345.562
UniRef90_A0A397WCV4	344.378
UniRef90_A0A397WCV4|g__Bacteroides.s__Bacteroides_vulgatus	344.378
UniRef90_A0A078SXL7	343.58
UniRef90_A0A078SXL7|g__Bacteroides.s__Bacteroides_vulgatus	343.58
UniRef90_A0A0K2HHQ4	343.175
UniRef90_A0A0K2HHQ4|g__Bacteroides.s__Bacteroides_vulgatus	343.175
UniRef90_A6L2M8	339.592
UniRef90_A6L2M8|g__Bacteroides.s__Bacteroides_vulgatus	339.592
UniRef90_D4V4L9	337.794
UniRef90_D4V4L9|g__Bacteroides.s__Bacteroides_vulgatus	337.794
UniRef90_I8VP64	336.745
UniRef90_I8VP64|g__Bacteroides.s__Bacteroides_vulgatus	336.745
UniRef90_D4V7L7	336.569
UniRef90_D4V7L7|g__Bacteroides.s__Bacteroides_vulgatus	336.569
UniRef90_A0A174UG67	333.497
UniRef90_A0A174UG67|g__Bacteroides.s__Bacteroides_vulgatus	333.497
UniRef90_A6L3C5	333.144
UniRef90_A6L3C5|g__Bacteroides.s__Bacteroides_vulgatus	333.144
UniRef90_A0A1Y4PBJ5	333.01
UniRef90_A0A1Y4PBJ5|g__Bacteroides.s__Bacteroides_vulgatus	333.01
UniRef90_A6L168	332.35
UniRef90_A6L168|g__Bacteroides.s__Bacteroides_vulgatus	332.35
UniRef90_A0A1Q6I1C1	330.691
UniRef90_A0A1Q6I1C1|g__Bacteroides.s__Bacteroides_vulgatus	330.691
UniRef90_A0A396DX97	329.951
UniRef90_A0A396DX97|g__Bacteroides.s__Bacteroides_vulgatus	329.951
UniRef90_A6KZL8	329.875
UniRef90_A6KZL8|g__Bacteroides.s__Bacteroides_vulgatus	329.875
UniRef90_A0A0E2AWP1	328.998
UniRef90_A0A0E2AWP1|g__Bacteroides.s__Bacteroides_vulgatus	328.998
UniRef90_A0A0P0M574	328.454
UniRef90_A0A0P0M574|g__Bacteroides.s__Bacteroides_vulgatus	328.454
UniRef90_I8WTV5	328.089
UniRef90_I8WTV5|g__Bacteroides.s__Bacteroides_vulgatus	328.089
UniRef90_A0A076IM12	326.451
UniRef90_A0A076IM12|g__Bacteroides.s__Bacteroides_vulgatus	326.451
UniRef90_A0A0P0M4I6	325.914
UniRef90_A0A0P0M4I6|g__Bacteroides.s__Bacteroides_vulgatus	325.914
UniRef90_A0A069SNW9	325.505
UniRef90_A0A069SNW9|g__Bacteroides.s__Bacteroides_vulgatus	325.505
UniRef90_A0A076ILA9	323.636
UniRef90_A0A076ILA9|g__Bacteroides.s__Bacteroides_vulgatus	323.636
UniRef90_A0A076J8Y4	323.379
UniRef90_A0A076J8Y4|g__Bacteroides.s__Bacteroides_vulgatus	323.379
UniRef90_A6L4N0	321.919
UniRef90_A6L4N0|g__Bacteroides.s__Bacteroides_vulgatus	321.919
UniRef90_A0A076J5M4	319.225
UniRef90_A0A076J5M4|g__Bacteroides.s__Bacteroides_vulgatus	319.225
UniRef90_D4V3P6	318.295
UniRef90_D4V3P6|g__Bacteroides.s__Bacteroides_vulgatus	318.295
UniRef90_A0A076ITD9	317.911
UniRef90_A0A076ITD9|g__Bacteroides.s__Bacteroides_vulgatus	317.911
UniRef90_A0A0P0M2V7	315.88
UniRef90_A0A0P0M2V7|g__Bacteroides.s__Bacteroides_vulgatus	315.88
UniRef90_A0A076IIN4	314.053
UniRef90_A0A076IIN4|g__Bacteroides.s__Bacteroides_vulgatus	314.053
UniRef90_A0A076J475	310.723
UniRef90_A0A076J475|g__Bacteroides.s__Bacteroides_vulgatus	310.723
UniRef90_A0A076IRA9	310.708
UniRef90_A0A076IRA9|g__Bacteroides.s__Bacteroides_vulgatus	310.708
UniRef90_A6L2V8	309.318
UniRef90_A6L2V8|g__Bacteroides.s__Bacteroides_vulgatus	309.318
UniRef90_D4V870	308.377
UniRef90_D4V870|g__Bacteroides.s__Bacteroides_vulgatus	308.377
UniRef90_A0A076J355	305.973
UniRef90_A0A076J355|g__Bacteroides.s__Bacteroides_vulgatus	305.973
UniRef90_U6RCW1	305.278
UniRef90_U6RCW1|g__Bacteroides.s__Bacteroides_vulgatus	305.278
UniRef90_A0A174TGW6	304.779
UniRef90_A0A174TGW6|g__Bacteroides.s__Bacteroides_vulgatus	304.779
UniRef90_A0A076J0M1	304.565
UniRef90_A0A076J0M1|g__Bacteroides.s__Bacteroides_vulgatus	304.565
UniRef90_A0A396ESL5	300.929
UniRef90_A0A396ESL5|g__Bacteroides.s__Bacteroides_vulgatus	300.929
UniRef90_A0A0P0LPA8	300.045
UniRef90_A0A0P0LPA8|g__Bacteroides.s__Bacteroides_vulgatus	300.045
UniRef90_A0A076IWI5	299.799
UniRef90_A0A076IWI5|g__Bacteroides.s__Bacteroides_vulgatus	299.799
UniRef90_A0A069SHN4	298.538
UniRef90_A0A069SHN4|g__Bacteroides.s__Bacteroides_vulgatus	298.538
UniRef90_A6L7T5	297.344
UniRef90_A6L7T5|g__Bacteroides.s__Bacteroides_vulgatus	297.344
UniRef90_A0A078R0W0	295.993
UniRef90_A0A078R0W0|g__Bacteroides.s__Bacteroides_vulgatus	295.993
UniRef90_A0A076IQI3	295.653
UniRef90_A0A076IQI3|g__Bacteroides.s__Bacteroides_vulgatus	295.653
UniRef90_D1KAH7	294.474
UniRef90_D1KAH7|g__Bacteroides.s__Bacteroides_vulgatus	294.474
UniRef90_A6L330	293.126
UniRef90_A6L330|g__Bacteroides.s__Bacteroides_vulgatus	293.126
UniRef90_A0A174NQE1	292.799
UniRef90_A0A174NQE1|g__Bacteroides.s__Bacteroides_vulgatus	292.799
UniRef90_A0A395UIQ2	292.573
UniRef90_A0A395UIQ2|g__Bacteroides.s__Bacteroides_vulgatus	292.573
UniRef90_D4V3D2	291.052
UniRef90_D4V3D2|g__Bacteroides.s__Bacteroides_vulgatus	291.052
UniRef90_A6KXA6	289.315
UniRef90_A6KXA6|g__Bacteroides.s__Bacteroides_vulgatus	289.315
UniRef90_A0A1Q6HYS0	287.742
UniRef90_A0A1Q6HYS0|g__Bacteroides.s__Bacteroides_vulgatus	287.742
UniRef90_A6L5J0	287.286
UniRef90_A6L5J0|g__Bacteroides.s__Bacteroides_vulgatus	287.286
UniRef90_C3R9S9	286.553
UniRef90_C3R9S9|g__Bacteroides.s__Bacteroides_vulgatus	286.553
UniRef90_A0A0P0LH34	284.592
UniRef90_A0A0P0LH34|g__Bacteroides.s__Bacteroides_vulgatus	284.592
UniRef90_A0A076IYH9	283.827
UniRef90_A0A076IYH9|g__Bacteroides.s__Bacteroides_vulgatus	283.827
UniRef90_A0A076IND8	283.009
UniRef90_A0A076IND8|g__Bacteroides.s__Bacteroides_vulgatus	283.009
UniRef90_C3R8X7	281.823
UniRef90_C3R8X7|g__Bacteroides.s__Bacteroides_vulgatus	281.823
UniRef90_A6L391	280.702
UniRef90_A6L391|g__Bacteroides.s__Bacteroides_vulgatus	280.702
UniRef90_A0A174P1Q8	280.193
UniRef90_A0A174P1Q8|g__Bacteroides.s__Bacteroides_vulgatus	280.193
UniRef90_A6KXY5	279.982
UniRef90_A6KXY5|g__Bacteroides.s__Bacteroides_vulgatus	279.982
UniRef90_A0A1Y3ZE18	277.015
UniRef90_A0A1Y3ZE18|g__Bacteroides.s__Bacteroides_vulgatus	277.015
UniRef90_A0A174M183	276.749
UniRef90_A0A174M183|g__Bacteroides.s__Bacteroides_vulgatus	276.749
UniRef90_A0A396BH28	276.45
UniRef90_A0A396BH28|g__Bacteroides.s__Bacteroides_vulgatus	276.45
UniRef90_A0A0P0L8N9	276.297
UniRef90_A0A0P0L8N9|g__Bacteroides.s__Bacteroides_vulgatus	276.297
UniRef90_C3RE72	275.663
UniRef90_C3RE72|g__Bacteroides.s__Bacteroides_vulgatus	275.663
UniRef90_A0A3E5EDG4	275.317
UniRef90_A0A3E5EDG4|g__Bacteroides.s__Bacteroides_vulgatus	275.317
UniRef90_A0A076IYC1	275.278
UniRef90_A0A076IYC1|g__Bacteroides.s__Bacteroides_vulgatus	275.278
UniRef90_A6L1P5	273.893
UniRef90_A6L1P5|g__Bacteroides.s__Bacteroides_vulgatus	273.893
UniRef90_A0A081TW72	270.288
UniRef90_A0A081TW72|g__Bacteroides.s__Bacteroides_vulgatus	270.288
UniRef90_A6L1V8	269.875
UniRef90_A6L1V8|g__Bacteroides.s__Bacteroides_vulgatus	269.875
UniRef90_A0A076INP4	268.787
UniRef90_A0A076INP4|g__Bacteroides.s__Bacteroides_vulgatus	268.787
UniRef90_A6L089	267.954
UniRef90_A6L089|g__Bacteroides.s__Bacteroides_vulgatus	267.954
UniRef90_A0A0K2HHR9	267.742
UniRef90_A0A0K2HHR9|g__Bacteroides.s__Bacteroides_vulgatus	267.742
UniRef90_A0A015W6F0	266.463
UniRef90_A0A015W6F0|g__Bacteroides.s__Bacteroides_vulgatus	266.463
UniRef90_C3R9E8	265.851
UniRef90_C3R9E8|g__Bacteroides.s__Bacteroides_vulgatus	265.851
UniRef90_B6VSS7	265.2
UniRef90_B6VSS7|g__Bacteroides.s__Bacteroides_vulgatus	265.2
UniRef90_A6L1Z3	264.798
UniRef90_A6L1Z3|g__Bacteroides.s__Bacteroides_vulgatus	264.798
UniRef90_A6KZN7	262.491
UniRef90_A6KZN7|g__Bacteroides.s__Bacteroides_vulgatus	262.491
UniRef90_A0A0M1VY16	262.326
UniRef90_A0A0M1VY16|g__Bacteroides.s__Bacteroides_vulgatus	262.326
UniRef90_A0A015UTA3	262.147
UniRef90_A0A015UTA3|g__Bacteroides.s__Bacteroides_vulgatus	262.147
UniRef90_D4V881	262.123
UniRef90_D4V881|g__Bacteroides.s__Bacteroides_vulgatus	262.123
UniRef90_A0A396FHA9	261.6
UniRef90_A0A396FHA9|g__Bacteroides.s__Bacteroides_vulgatus	261.6
UniRef90_A6KZH6	260.841
UniRef90_A6KZH6|g__Bacteroides.s__Bacteroides_vulgatus	260.841
UniRef90_A0A1H7IQQ6	260.444
UniRef90_A0A1H7IQQ6|g__Bacteroides.s__Bacteroides_vulgatus	260.444
UniRef90_A0A076IZY4	259.755
UniRef90_A0A076IZY4|g__Bacteroides.s__Bacteroides_vulgatus	259.755
UniRef90_A0A076IXB1	259.373
UniRef90_A0A076IXB1|g__Bacteroides.s__Bacteroides_vulgatus	259.373
UniRef90_C3RDM7	256.983
UniRef90_C3RDM7|g__Bacteroides.s__Bacteroides_vulgatus	256.983
UniRef90_A0A1Q6IDM1	256.837
UniRef90_A0A1Q6IDM1|g__Bacteroides.s__Bacteroides_vulgatus	256.837
UniRef90_I8WIS4	256.279
UniRef90_I8WIS4|g__Bacteroides.s__Bacteroides_vulgatus	256.279
UniRef90_A0A396FBP9	255.656
UniRef90_A0A396FBP9|g__Bacteroides.s__Bacteroides_vulgatus	255.656
UniRef90_A0A076J096	255.539
UniRef90_A0A076J096|g__Bacteroides.s__Bacteroides_vulgatus	255.539
UniRef90_R5VS54	254.659
UniRef90_R5VS54|g__Bacteroides.s__Bacteroides_vulgatus	254.659
UniRef90_A0A3D9A664	254.186
UniRef90_A0A3D9A664|g__Bacteroides.s__Bacteroides_vulgatus	254.186
UniRef90_E5X3T8	253.277
UniRef90_E5X3T8|g__Bacteroides.s__Bacteroides_vulgatus	253.277
UniRef90_A6KXF7	252.713
UniRef90_A6KXF7|g__Bacteroides.s__Bacteroides_vulgatus	252.713
UniRef90_A0A076J5B8	252.653
UniRef90_A0A076J5B8|g__Bacteroides.s__Bacteroides_vulgatus	252.653
UniRef90_A6KWM1	252.208
UniRef90_A6KWM1|g__Bacteroides.s__Bacteroides_vulgatus	252.208
UniRef90_F7LTM1	251.006
UniRef90_F7LTM1|g__Bacteroides.s__Bacteroides_vulgatus	251.006
UniRef90_S0F674	250.056
UniRef90_S0F674|g__Bacteroides.s__Bacteroides_vulgatus	250.056
UniRef90_A0A0P0M6J9	248.397
UniRef90_A0A0P0M6J9|g__Bacteroides.s__Bacteroides_vulgatus	248.397
UniRef90_A0A076INF6	248.205
UniRef90_A0A076INF6|g__Bacteroides.s__Bacteroides_vulgatus	248.205
UniRef90_A0A076IW30	245.72
UniRef90_A0A076IW30|g__Bacteroides.s__Bacteroides_vulgatus	245.72
UniRef90_A0A0K2HFA0	243.265
UniRef90_A0A0K2HFA0|g__Bacteroides.s__Bacteroides_vulgatus	243.265
UniRef90_A0A0N7J703	243.264
UniRef90_A0A0N7J703|g__Bacteroides.s__Bacteroides_vulgatus	243.264
UniRef90_A0A076J4I6	243.08
UniRef90_A0A076J4I6|g__Bacteroides.s__Bacteroides_vulgatus	243.08
UniRef90_A0A1Q6IDU2	241.689
UniRef90_A0A1Q6IDU2|g__Bacteroides.s__Bacteroides_vulgatus	241.689
UniRef90_A0A3E4PLD2	241.526
UniRef90_A0A3E4PLD2|g__Bacteroides.s__Bacteroides_vulgatus	241.526
UniRef90_B6VTD9	240.913
UniRef90_B6VTD9|g__Bacteroides.s__Bacteroides_vulgatus	240.913
UniRef90_A0A0P0LP45	240.535
UniRef90_A0A0P0LP45|g__Bacteroides.s__Bacteroides_vulgatus	240.535
UniRef90_I8WCZ9	240.063
UniRef90_I8WCZ9|g__Bacteroides.s__Bacteroides_vulgatus	240.063
UniRef90_A0A076J2S9	239.587
UniRef90_A0A076J2S9|g__Bacteroides.s__Bacteroides_vulgatus	239.587
UniRef90_A0A076ITA9	239.06
UniRef90_A0A076ITA9|g__Bacteroides.s__Bacteroides_vulgatus	239.06
UniRef90_A0A0P0M3N9	238.446
UniRef90_A0A0P0M3N9|g__Bacteroides.s__Bacteroides_vulgatus	238.446
UniRef90_R6J7M6	238.244
UniRef90_R6J7M6|g__Bacteroides.s__Bacteroides_vulgatus	238.244
UniRef90_A0A174U119	238.036
UniRef90_A0A174U119|g__Bacteroides.s__Bacteroides_vulgatus	238.036
UniRef90_A0A0P0M5G4	237.7
UniRef90_A0A0P0M5G4|g__Bacteroides.s__Bacteroides_vulgatus	237.7
UniRef90_A0A076INP0	237.462
UniRef90_A0A076INP0|g__Bacteroides.s__Bacteroides_vulgatus	237.462
UniRef90_D4IN85	237.268
UniRef90_D4IN85|g__Bacteroides.s__Bacteroides_vulgatus	237.268
UniRef90_A0A174AYT0	235.975
UniRef90_A0A174AYT0|g__Bacteroides.s__Bacteroides_vulgatus	235.975
UniRef90_A0A076ISS3	235.777
UniRef90_A0A076ISS3|g__Bacteroides.s__Bacteroides_vulgatus	235.777
UniRef90_A7V7C4	235.663
UniRef90_A7V7C4|g__Bacteroides.s__Bacteroides_vulgatus	235.663
UniRef90_B3JFM7	235.42
UniRef90_B3JFM7|g__Bacteroides.s__Bacteroides_vulgatus	235.42
UniRef90_A0A0M1W407	235.166
UniRef90_A0A0M1W407|g__Bacteroides.s__Bacteroides_vulgatus	235.166
UniRef90_A0A174MM23	234.87
UniRef90_A0A174MM23|g__Bacteroides.s__Bacteroides_vulgatus	234.87
UniRef90_A0A0P0LHW5	233
UniRef90_A0A0P0LHW5|g__Bacteroides.s__Bacteroides_vulgatus	233
UniRef90_A0A396FE59	232.896
UniRef90_A0A396FE59|g__Bacteroides.s__Bacteroides_vulgatus	232.896
UniRef90_A0A0P0LIZ0	232.532
UniRef90_A0A0P0LIZ0|g__Bacteroides.s__Bacteroides_vulgatus	232.532
UniRef90_A0A0M1W6F3	232.476
UniRef90_A0A0M1W6F3|g__Bacteroides.s__Bacteroides_vulgatus	232.476
UniRef90_E5UND7	231.254
UniRef90_E5UND7|g__Bacteroides.s__Bacteroides_vulgatus	231.254
UniRef90_A0A016FI57	231.034
UniRef90_A0A016FI57|g__Bacteroides.s__Bacteroides_vulgatus	231.034
UniRef90_R6ZMG2	230.728
UniRef90_R6ZMG2|g__Bacteroides.s__Bacteroides_vulgatus	230.728
UniRef90_A0A396F2S3	229.639
UniRef90_A0A396F2S3|g__Bacteroides.s__Bacteroides_vulgatus	229.639
UniRef90_C3R9T7	228.791
UniRef90_C3R9T7|g__Bacteroides.s__Bacteroides_vulgatus	228.791
UniRef90_A0A076ITT2	228.472
UniRef90_A0A076ITT2|g__Bacteroides.s__Bacteroides_vulgatus	228.472
UniRef90_B6VVN3	228.306
UniRef90_B6VVN3|g__Bacteroides.s__Bacteroides_vulgatus	228.306
UniRef90_A0A1Q6IXI0	227.123
UniRef90_A0A1Q6IXI0|g__Bacteroides.s__Bacteroides_vulgatus	227.123
UniRef90_A0A1Q6I8J8	226.615
UniRef90_A0A1Q6I8J8|g__Bacteroides.s__Bacteroides_vulgatus	226.615
UniRef90_A0A3E5E638	225.916
UniRef90_A0A3E5E638|g__Bacteroides.s__Bacteroides_vulgatus	225.916
UniRef90_A0A0M1W292	225.626
UniRef90_A0A0M1W292|g__Bacteroides.s__Bacteroides_vulgatus	225.626
UniRef90_F9ZCR2	223.478
UniRef90_F9ZCR2|g__Bacteroides.s__Bacteroides_vulgatus	223.478
UniRef90_A0A076J8H6	222.736
UniRef90_A0A076J8H6|g__Bacteroides.s__Bacteroides_vulgatus	222.736
UniRef90_B6VXC1	222.455
UniRef90_B6VXC1|g__Bacteroides.s__Bacteroides_vulgatus	222.455
UniRef90_U6RJ00	221.855
UniRef90_U6RJ00|g__Bacteroides.s__Bacteroides_vulgatus	221.855
UniRef90_A0A397WJL1	221.204
UniRef90_A0A397WJL1|g__Bacteroides.s__Bacteroides_vulgatus	221.204
UniRef90_B6W141	221.072
UniRef90_B6W141|g__Bacteroides.s__Bacteroides_vulgatus	221.072
UniRef90_A0A174ULH9	220.757
UniRef90_A0A174ULH9|g__Bacteroides.s__Bacteroides_vulgatus	220.757
UniRef90_A0A1Q6JRH3	220.551
UniRef90_A0A1Q6JRH3|g__Bacteroides.s__Bacteroides_vulgatus	220.551
UniRef90_A0A380ZM27	220.223
UniRef90_A0A380ZM27|g__Bacteroides.s__Bacteroides_vulgatus	220.223
UniRef90_R6JK25	220.221
UniRef90_R6JK25|g__Bacteroides.s__Bacteroides_vulgatus	220.221
UniRef90_A0A0K2HEM0	219.361
UniRef90_A0A0K2HEM0|g__Bacteroides.s__Bacteroides_vulgatus	219.361
UniRef90_A0A395VSA3	218.226
UniRef90_A0A395VSA3|g__Bacteroides.s__Bacteroides_vulgatus	218.226
UniRef90_R5W221	218
UniRef90_R5W221|g__Bacteroides.s__Bacteroides_vulgatus	218
UniRef90_A0A076J4H3	216.17
UniRef90_A0A076J4H3|g__Bacteroides.s__Bacteroides_vulgatus	216.17
UniRef90_I9UBD0	215.975
UniRef90_I9UBD0|g__Bacteroides.s__Bacteroides_vulgatus	215.975
UniRef90_A0A076J8B0	215.509
UniRef90_A0A076J8B0|g__Bacteroides.s__Bacteroides_vulgatus	215.509
UniRef90_A0A078QNU1	215.127
UniRef90_A0A078QNU1|g__Bacteroides.s__Bacteroides_vulgatus	215.127
UniRef90_A0A076IHG6	215.106
UniRef90_A0A076IHG6|g__Bacteroides.s__Bacteroides_vulgatus	215.106
UniRef90_B6W235	214.759
UniRef90_B6W235|g__Bacteroides.s__Bacteroides_vulgatus	214.759
UniRef90_U6RGT5	214.556
UniRef90_U6RGT5|g__Bacteroides.s__Bacteroides_vulgatus	214.556
UniRef90_A0A076ISC1	213.961
UniRef90_A0A076ISC1|g__Bacteroides.s__Bacteroides_vulgatus	213.961
UniRef90_A6L3K7	213.578
UniRef90_A6L3K7|g__Bacteroides.s__Bacteroides_vulgatus	213.578
UniRef90_A0A174RVK1	213.56
UniRef90_A0A174RVK1|g__Bacteroides.s__Bacteroides_vulgatus	213.56
UniRef90_C3R6I8	213.23
UniRef90_C3R6I8|g__Bacteroides.s__Bacteroides_vulgatus	213.23
UniRef90_A6KZA8	213.195
UniRef90_A6KZA8|g__Bacteroides.s__Bacteroides_vulgatus	213.195
UniRef90_E4MEM1	212.899
UniRef90_E4MEM1|g__Bacteroides.s__Bacteroides_vulgatus	212.899
UniRef90_A0A174Q5I4	212.762
UniRef90_A0A174Q5I4|g__Bacteroides.s__Bacteroides_vulgatus	212.762
UniRef90_A0A076IUQ4	212.577
UniRef90_A0A076IUQ4|g__Bacteroides.s__Bacteroides_vulgatus	212.577
UniRef90_A0A0P0M688	211.669
UniRef90_A0A0P0M688|g__Bacteroides.s__Bacteroides_vulgatus	211.669
UniRef90_A0A076J5J6	210.381
UniRef90_A0A076J5J6|g__Bacteroides.s__Bacteroides_vulgatus	210.381
UniRef90_A6KWM0	210.267
UniRef90_A6KWM0|g__Bacteroides.s__Bacteroides_vulgatus	210.267
UniRef90_A0A076J443	210.067
UniRef90_A0A076J443|g__Bacteroides.s__Bacteroides_vulgatus	210.067
UniRef90_A0A0P0M0T3	209.848
UniRef90_A0A0P0M0T3|g__Bacteroides.s__Bacteroides_vulgatus	209.848
UniRef90_I9RAR8	209.311
UniRef90_I9RAR8|g__Bacteroides.s__Bacteroides_vulgatus	209.311
UniRef90_C6IUI6	209.278
UniRef90_C6IUI6|g__Bacteroides.s__Bacteroides_vulgatus	209.278
UniRef90_A0A396AT78	209.082
UniRef90_A0A396AT78|g__Bacteroides.s__Bacteroides_vulgatus	209.082
UniRef90_A0A076IUD6	209.039
UniRef90_A0A076IUD6|g__Bacteroides.s__Bacteroides_vulgatus	209.039
UniRef90_C3QQU0	208.802
UniRef90_C3QQU0|g__Bacteroides.s__Bacteroides_vulgatus	208.802
UniRef90_A0A0M1VZB7	208.584
UniRef90_A0A0M1VZB7|g__Bacteroides.s__Bacteroides_vulgatus	208.584
UniRef90_A0A396E3S1	208.403
UniRef90_A0A396E3S1|g__Bacteroides.s__Bacteroides_vulgatus	208.403
UniRef90_A0A076IHJ6	207.838
UniRef90_A0A076IHJ6|g__Bacteroides.s__Bacteroides_vulgatus	207.838
UniRef90_A6L175	207.806
UniRef90_A6L175|g__Bacteroides.s__Bacteroides_vulgatus	207.806
UniRef90_B6VZX1	207.724
UniRef90_B6VZX1|g__Bacteroides.s__Bacteroides_vulgatus	207.724
UniRef90_A0A0P0M5Q5	207.469
UniRef90_A0A0P0M5Q5|g__Bacteroides.s__Bacteroides_vulgatus	207.469
UniRef90_A0A076JA16	207.462
UniRef90_A0A076JA16|g__Bacteroides.s__Bacteroides_vulgatus	207.462
UniRef90_A0A076J0R6	206.25
UniRef90_A0A076J0R6|g__Bacteroides.s__Bacteroides_vulgatus	206.25
UniRef90_A0A1Y3ZLJ2	205.828
UniRef90_A0A1Y3ZLJ2|g__Bacteroides.s__Bacteroides_vulgatus	205.828
UniRef90_R9HPY0	205.778
UniRef90_R9HPY0|g__Bacteroides.s__Bacteroides_vulgatus	205.778
UniRef90_A0A076IL10	205.065
UniRef90_A0A076IL10|g__Bacteroides.s__Bacteroides_vulgatus	205.065
UniRef90_A6L169	204.922
UniRef90_A6L169|g__Bacteroides.s__Bacteroides_vulgatus	204.922
UniRef90_A0A076ILZ8	204.762
UniRef90_A0A076ILZ8|g__Bacteroides.s__Bacteroides_vulgatus	204.762
UniRef90_A0A395UR53	203.72
UniRef90_A0A395UR53|g__Bacteroides.s__Bacteroides_vulgatus	203.72
UniRef90_B0NQJ5	202.995
UniRef90_B0NQJ5|g__Bacteroides.s__Bacteroides_vulgatus	202.995
UniRef90_A0A076J0W8	202.069
UniRef90_A0A076J0W8|g__Bacteroides.s__Bacteroides_vulgatus	202.069
UniRef90_B4UUJ6	201.911
UniRef90_B4UUJ6|g__Bacteroides.s__Bacteroides_vulgatus	201.911
UniRef90_A0A174QEA0	200.876
UniRef90_A0A174QEA0|g__Bacteroides.s__Bacteroides_vulgatus	200.876
UniRef90_A0A076IKY2	200.557
UniRef90_A0A076IKY2|g__Bacteroides.s__Bacteroides_vulgatus	200.557
UniRef90_A0A076IY52	200.02
UniRef90_A0A076IY52|g__Bacteroides.s__Bacteroides_vulgatus	200.02
UniRef90_K6A8K3	199.937
UniRef90_K6A8K3|g__Bacteroides.s__Bacteroides_vulgatus	199.937
UniRef90_I9FHZ1	199.66
UniRef90_I9FHZ1|g__Bacteroides.s__Bacteroides_vulgatus	199.66
UniRef90_A6L4M4	199.564
UniRef90_A6L4M4|g__Bacteroides.s__Bacteroides_vulgatus	199.564
UniRef90_E5UY21	198.716
UniRef90_E5UY21|g__Bacteroides.s__Bacteroides_vulgatus	198.716
UniRef90_A0A174G697	198.357
UniRef90_A0A174G697|g__Bacteroides.s__Bacteroides_vulgatus	198.357
UniRef90_A0A076ISJ7	198.234
UniRef90_A0A076ISJ7|g__Bacteroides.s__Bacteroides_vulgatus	198.234
UniRef90_I8W766	198.205
UniRef90_I8W766|g__Bacteroides.s__Bacteroides_vulgatus	198.205
UniRef90_U6RGU2	197.94
UniRef90_U6RGU2|g__Bacteroides.s__Bacteroides_vulgatus	197.94
UniRef90_A0A076IRR2	197.594
UniRef90_A0A076IRR2|g__Bacteroides.s__Bacteroides_vulgatus	197.594
UniRef90_A6KZV1	197.559
UniRef90_A6KZV1|g__Bacteroides.s__Bacteroides_vulgatus	197.559
UniRef90_A0A076J1K6	197.534
UniRef90_A0A076J1K6|g__Bacteroides.s__Bacteroides_vulgatus	197.534
UniRef90_A0A174FKR7	197.052
UniRef90_A0A174FKR7|g__Bacteroides.s__Bacteroides_vulgatus	197.052
UniRef90_A0A174L7W1	195.839
UniRef90_A0A174L7W1|g__Bacteroides.s__Bacteroides_vulgatus	195.839
UniRef90_B5CTJ4	195.565
UniRef90_B5CTJ4|g__Bacteroides.s__Bacteroides_vulgatus	195.565
UniRef90_A0A076IY28	194.644
UniRef90_A0A076IY28|g__Bacteroides.s__Bacteroides_vulgatus	194.644
UniRef90_A0A0P0M3X7	194.335
UniRef90_A0A0P0M3X7|g__Bacteroides.s__Bacteroides_vulgatus	194.335
UniRef90_A0A069SE00	193.945
UniRef90_A0A069SE00|g__Bacteroides.s__Bacteroides_vulgatus	193.945
UniRef90_A6KWQ7	193.926
UniRef90_A6KWQ7|g__Bacteroides.s__Bacteroides_vulgatus	193.926
UniRef90_C3R8W1	193.56
UniRef90_C3R8W1|g__Bacteroides.s__Bacteroides_vulgatus	193.56
UniRef90_A6L198	193.486
UniRef90_A6L198|g__Bacteroides.s__Bacteroides_vulgatus	193.486
UniRef90_A0A076J7U9	193.297
UniRef90_A0A076J7U9|g__Bacteroides.s__Bacteroides_vulgatus	193.297
UniRef90_A0A397WMH6	193.202
UniRef90_A0A397WMH6|g__Bacteroides.s__Bacteroides_vulgatus	193.202
UniRef90_A0A076ITU8	193.105
UniRef90_A0A076ITU8|g__Bacteroides.s__Bacteroides_vulgatus	193.105
UniRef90_A0A0P0M534	193.018
UniRef90_A0A0P0M534|g__Bacteroides.s__Bacteroides_vulgatus	193.018
UniRef90_D4IN49	192.752
UniRef90_D4IN49|g__Bacteroides.s__Bacteroides_vulgatus	192.752
UniRef90_A6KZK0	191.343
UniRef90_A6KZK0|g__Bacteroides.s__Bacteroides_vulgatus	191.343
UniRef90_D1K1G9	190.88
UniRef90_D1K1G9|g__Bacteroides.s__Bacteroides_vulgatus	190.88
UniRef90_A6L078	190.43
UniRef90_A6L078|g__Bacteroides.s__Bacteroides_vulgatus	190.43
UniRef90_R5K610	190.377
UniRef90_R5K610|g__Bacteroides.s__Bacteroides_vulgatus	190.377
UniRef90_R6CPE5	190.354
UniRef90_R6CPE5|g__Bacteroides.s__Bacteroides_vulgatus	190.354
UniRef90_A6L1Z2	190.174
UniRef90_A6L1Z2|g__Bacteroides.s__Bacteroides_vulgatus	190.174
UniRef90_A0A395UQZ5	189.916
UniRef90_A0A395UQZ5|g__Bacteroides.s__Bacteroides_vulgatus	189.916
UniRef90_S0F6E1	189.134
UniRef90_S0F6E1|g__Bacteroides.s__Bacteroides_vulgatus	189.134
UniRef90_A0A078SUV6	189.107
UniRef90_A0A078SUV6|g__Bacteroides.s__Bacteroides_vulgatus	189.107
UniRef90_A6L171	188.814
UniRef90_A6L171|g__Bacteroides.s__Bacteroides_vulgatus	188.814
UniRef90_I8VLN7	187.53
UniRef90_I8VLN7|g__Bacteroides.s__Bacteroides_vulgatus	187.53
UniRef90_I8Z1J8	187.165
UniRef90_I8Z1J8|g__Bacteroides.s__Bacteroides_vulgatus	187.165
UniRef90_D4V9H7	186.918
UniRef90_D4V9H7|g__Bacteroides.s__Bacteroides_vulgatus	186.918
UniRef90_A0A076J277	186.656
UniRef90_A0A076J277|g__Bacteroides.s__Bacteroides_vulgatus	186.656
UniRef90_A0A0P0LMJ9	186.422
UniRef90_A0A0P0LMJ9|g__Bacteroides.s__Bacteroides_vulgatus	186.422
UniRef90_A0A0P0LCP3	185.874
UniRef90_A0A0P0LCP3|g__Bacteroides.s__Bacteroides_vulgatus	185.874
UniRef90_A0A396F406	185.504
UniRef90_A0A396F406|g__Bacteroides.s__Bacteroides_vulgatus	185.504
UniRef90_A0A076ILU1	185.249
UniRef90_A0A076ILU1|g__Bacteroides.s__Bacteroides_vulgatus	185.249
UniRef90_A0A0P0LCQ4	184.467
UniRef90_A0A0P0LCQ4|g__Bacteroides.s__Bacteroides_vulgatus	184.467
UniRef90_A0A076IWQ2	184.096
UniRef90_A0A076IWQ2|g__Bacteroides.s__Bacteroides_vulgatus	184.096
UniRef90_A0A0N7J704	183.313
UniRef90_A0A0N7J704|g__Bacteroides.s__Bacteroides_vulgatus	183.313
UniRef90_D4VC73	182.949
UniRef90_D4VC73|g__Bacteroides.s__Bacteroides_vulgatus	182.949
UniRef90_A0A3E4JRG9	182.061
UniRef90_A0A3E4JRG9|g__Bacteroides.s__Bacteroides_vulgatus	182.061
UniRef90_A0A0P0M0U6	181.745
UniRef90_A0A0P0M0U6|g__Bacteroides.s__Bacteroides_vulgatus	181.745
UniRef90_A6KZZ5	181.736
UniRef90_A6KZZ5|g__Bacteroides.s__Bacteroides_vulgatus	181.736
UniRef90_F7LTK8	181.379
UniRef90_F7LTK8|g__Bacteroides.s__Bacteroides_vulgatus	181.379
UniRef90_A0A174G281	181.314
UniRef90_A0A174G281|g__Bacteroides.s__Bacteroides_vulgatus	181.314
UniRef90_A0A0M1VZG1	179.958
UniRef90_A0A0M1VZG1|g__Bacteroides.s__Bacteroides_vulgatus	179.958
UniRef90_A0A381D8P7	179.691
UniRef90_A0A381D8P7|g__Bacteroides.s__Bacteroides_vulgatus	179.691
UniRef90_A0A0K2HHQ5	179.455
UniRef90_A0A0K2HHQ5|g__Bacteroides.s__Bacteroides_vulgatus	179.455
UniRef90_I9R4C5	179.212
UniRef90_I9R4C5|g__Bacteroides.s__Bacteroides_vulgatus	179.212
UniRef90_A0A174JI66	178.638
UniRef90_A0A174JI66|g__Bacteroides.s__Bacteroides_vulgatus	178.638
UniRef90_A0A3E5DLS5	178.319
UniRef90_A0A3E5DLS5|g__Bacteroides.s__Bacteroides_vulgatus	178.319
UniRef90_A0A0P0M580	178.108
UniRef90_A0A0P0M580|g__Bacteroides.s__Bacteroides_vulgatus	178.108
UniRef90_B6VVT2	178.044
UniRef90_B6VVT2|g__Bacteroides.s__Bacteroides_vulgatus	178.044
UniRef90_A0A076IZX2	177.834
UniRef90_A0A076IZX2|g__Bacteroides.s__Bacteroides_vulgatus	177.834
UniRef90_A0A076IQC5	177.54
UniRef90_A0A076IQC5|g__Bacteroides.s__Bacteroides_vulgatus	177.54
UniRef90_A0A174W8K2	177.385
UniRef90_A0A174W8K2|g__Bacteroides.s__Bacteroides_vulgatus	177.385
UniRef90_A0A127SQY3	177.385
UniRef90_A0A127SQY3|g__Bacteroides.s__Bacteroides_vulgatus	177.385
UniRef90_Q8A6P8	176.702
UniRef90_Q8A6P8|g__Bacteroides.s__Bacteroides_vulgatus	176.702
UniRef90_A0A0P0EVZ2	176.519
UniRef90_A0A0P0EVZ2|g__Bacteroides.s__Bacteroides_vulgatus	176.519
UniRef90_A0A0P0L2N8	176.495
UniRef90_A0A0P0L2N8|g__Bacteroides.s__Bacteroides_vulgatus	176.495
UniRef90_A0A076IRW6	176.457
UniRef90_A0A076IRW6|g__Bacteroides.s__Bacteroides_vulgatus	176.457
UniRef90_A0A0P0M3Q6	176.14
UniRef90_A0A0P0M3Q6|g__Bacteroides.s__Bacteroides_vulgatus	176.14
UniRef90_A6L5E7	175.964
UniRef90_A6L5E7|g__Bacteroides.s__Bacteroides_vulgatus	175.964
UniRef90_I9EZE0	175.738
UniRef90_I9EZE0|g__Bacteroides.s__Bacteroides_vulgatus	175.738
UniRef90_D7IKE4	175.46
UniRef90_D7IKE4|g__Bacteroides.s__Bacteroides_vulgatus	175.46
UniRef90_A0A396ATB7	175.425
UniRef90_A0A396ATB7|g__Bacteroides.s__Bacteroides_vulgatus	175.425
UniRef90_A0A174LZ35	175.329
UniRef90_A0A174LZ35|g__Bacteroides.s__Bacteroides_vulgatus	175.329
UniRef90_C3RFL6	173.962
UniRef90_C3RFL6|g__Bacteroides.s__Bacteroides_vulgatus	173.962
UniRef90_A0A174SEK7	173.917
UniRef90_A0A174SEK7|g__Bacteroides.s__Bacteroides_vulgatus	173.917
UniRef90_A0A174QBD4	173.501
UniRef90_A0A174QBD4|g__Bacteroides.s__Bacteroides_vulgatus	173.501
UniRef90_A0A0P0M4T8	173.005
UniRef90_A0A0P0M4T8|g__Bacteroides.s__Bacteroides_vulgatus	173.005
UniRef90_A0A076J0X0	172.834
UniRef90_A0A076J0X0|g__Bacteroides.s__Bacteroides_vulgatus	172.834
UniRef90_A6KWS3	172.8
UniRef90_A6KWS3|g__Bacteroides.s__Bacteroides_vulgatus	172.8
UniRef90_A6L6H7	172.169
UniRef90_A6L6H7|g__Bacteroides.s__Bacteroides_vulgatus	172.169
UniRef90_A0A380ZP89	171.665
UniRef90_A0A380ZP89|g__Bacteroides.s__Bacteroides_vulgatus	171.665
UniRef90_A0A076IXV9	171.598
UniRef90_A0A076IXV9|g__Bacteroides.s__Bacteroides_vulgatus	171.598
UniRef90_A0A076JAM2	171.409
UniRef90_A0A076JAM2|g__Bacteroides.s__Bacteroides_vulgatus	171.409
UniRef90_C3R7A7	170.946
UniRef90_C3R7A7|g__Bacteroides.s__Bacteroides_vulgatus	170.946
UniRef90_A0A0P0LDE8	170.607
UniRef90_A0A0P0LDE8|g__Bacteroides.s__Bacteroides_vulgatus	170.607
UniRef90_A0A396B2Z4	170.537
UniRef90_A0A396B2Z4|g__Bacteroides.s__Bacteroides_vulgatus	170.537
UniRef90_I8WFL2	170.534
UniRef90_I8WFL2|g__Bacteroides.s__Bacteroides_vulgatus	170.534
UniRef90_A0A076IQU9	170.255
UniRef90_A0A076IQU9|g__Bacteroides.s__Bacteroides_vulgatus	170.255
UniRef90_C6YZH3	170.24
UniRef90_C6YZH3|g__Bacteroides.s__Bacteroides_vulgatus	170.24
UniRef90_D1JXS4	169.79
UniRef90_D1JXS4|g__Bacteroides.s__Bacteroides_vulgatus	169.79
UniRef90_A0A174S849	169.755
UniRef90_A0A174S849|g__Bacteroides.s__Bacteroides_vulgatus	169.755
UniRef90_A0A076J6G0	169.712
UniRef90_A0A076J6G0|g__Bacteroides.s__Bacteroides_vulgatus	169.712
UniRef90_F0R8V1	169.457
UniRef90_F0R8V1|g__Bacteroides.s__Bacteroides_vulgatus	169.457
UniRef90_A0A3E4G680	168.878
UniRef90_A0A3E4G680|g__Bacteroides.s__Bacteroides_vulgatus	168.878
UniRef90_A0A173XN64	167.865
UniRef90_A0A173XN64|g__Bacteroides.s__Bacteroides_vulgatus	167.865
UniRef90_A0A174MX71	167.74
UniRef90_A0A174MX71|g__Bacteroides.s__Bacteroides_vulgatus	167.74
UniRef90_A0A1Q6JPX4	167.481
UniRef90_A0A1Q6JPX4|g__Bacteroides.s__Bacteroides_vulgatus	167.481
UniRef90_A6KZJ9	166.322
UniRef90_A6KZJ9|g__Bacteroides.s__Bacteroides_vulgatus	166.322
UniRef90_A6L7Q8	166.284
UniRef90_A6L7Q8|g__Bacteroides.s__Bacteroides_vulgatus	166.284
UniRef90_U6REW2	166.201
UniRef90_U6REW2|g__Bacteroides.s__Bacteroides_vulgatus	166.201
UniRef90_I0PXX6	166.045
UniRef90_I0PXX6|g__Bacteroides.s__Bacteroides_vulgatus	166.045
UniRef90_A0A0P0L9Z5	165.648
UniRef90_A0A0P0L9Z5|g__Bacteroides.s__Bacteroides_vulgatus	165.648
UniRef90_A0A174N2M4	165.502
UniRef90_A0A174N2M4|g__Bacteroides.s__Bacteroides_vulgatus	165.502
UniRef90_A0A397WGQ8	165.129
UniRef90_A0A397WGQ8|g__Bacteroides.s__Bacteroides_vulgatus	165.129
UniRef90_A0A076J819	165.111
UniRef90_A0A076J819|g__Bacteroides.s__Bacteroides_vulgatus	165.111
UniRef90_L1PB72	165.05
UniRef90_L1PB72|g__Bacteroides.s__Bacteroides_vulgatus	165.05
UniRef90_R7P1E3	164.957
UniRef90_R7P1E3|g__Bacteroides.s__Bacteroides_vulgatus	164.957
UniRef90_A0A0M1W865	164.505
UniRef90_A0A0M1W865|g__Bacteroides.s__Bacteroides_vulgatus	164.505
UniRef90_A0A076ILN2	164.345
UniRef90_A0A076ILN2|g__Bacteroides.s__Bacteroides_vulgatus	164.345
UniRef90_A0A0F5JSQ2	164.317
UniRef90_A0A0F5JSQ2|g__Bacteroides.s__Bacteroides_vulgatus	164.317
UniRef90_D1JZ97	164.283
UniRef90_D1JZ97|g__Bacteroides.s__Bacteroides_vulgatus	164.283
UniRef90_A6L071	164.239
UniRef90_A6L071|g__Bacteroides.s__Bacteroides_vulgatus	164.239
UniRef90_A0A174X753	163.937
UniRef90_A0A174X753|g__Bacteroides.s__Bacteroides_vulgatus	163.937
UniRef90_A0A396EZT3	163.825
UniRef90_A0A396EZT3|g__Bacteroides.s__Bacteroides_vulgatus	163.825
UniRef90_A0A076J2E9	163.715
UniRef90_A0A076J2E9|g__Bacteroides.s__Bacteroides_vulgatus	163.715
UniRef90_A6L585	163.224
UniRef90_A6L585|g__Bacteroides.s__Bacteroides_vulgatus	163.224
UniRef90_A0A076IS94	163.067
UniRef90_A0A076IS94|g__Bacteroides.s__Bacteroides_vulgatus	163.067
UniRef90_A0A0P0LJ92	162.772
UniRef90_A0A0P0LJ92|g__Bacteroides.s__Bacteroides_vulgatus	162.772
UniRef90_A0A0P0LGH4	162.649
UniRef90_A0A0P0LGH4|g__Bacteroides.s__Bacteroides_vulgatus	162.649
UniRef90_B5D0K1	162.568
UniRef90_B5D0K1|g__Bacteroides.s__Bacteroides_vulgatus	162.568
UniRef90_R6JG40	162.507
UniRef90_R6JG40|g__Bacteroides.s__Bacteroides_vulgatus	162.507
UniRef90_A0A396ASE2	162.46
UniRef90_A0A396ASE2|g__Bacteroides.s__Bacteroides_vulgatus	162.46
UniRef90_B6W139	162.137
UniRef90_B6W139|g__Bacteroides.s__Bacteroides_vulgatus	162.137
UniRef90_A6LFQ4	162.001
UniRef90_A6LFQ4|g__Bacteroides.s__Bacteroides_vulgatus	162.001
UniRef90_A0A0P0M3T4	161.989
UniRef90_A0A0P0M3T4|g__Bacteroides.s__Bacteroides_vulgatus	161.989
UniRef90_A0A1Y3ZLI2	161.839
UniRef90_A0A1Y3ZLI2|g__Bacteroides.s__Bacteroides_vulgatus	161.839
UniRef90_D0TH60	161.483
UniRef90_D0TH60|g__Bacteroides.s__Bacteroides_vulgatus	161.483
UniRef90_A0A076IV89	161.124
UniRef90_A0A076IV89|g__Bacteroides.s__Bacteroides_vulgatus	161.124
UniRef90_A0A127SVB4	160.198
UniRef90_A0A127SVB4|g__Bacteroides.s__Bacteroides_vulgatus	160.198
UniRef90_A0A0P0M486	159.897
UniRef90_A0A0P0M486|g__Bacteroides.s__Bacteroides_vulgatus	159.897
UniRef90_A0A3E4I9R6	159.661
UniRef90_A0A3E4I9R6|g__Bacteroides.s__Bacteroides_vulgatus	159.661
UniRef90_A6L6D2	159.268
UniRef90_A6L6D2|g__Bacteroides.s__Bacteroides_vulgatus	159.268
UniRef90_D1K2J1	158.336
UniRef90_D1K2J1|g__Bacteroides.s__Bacteroides_vulgatus	158.336
UniRef90_A0A076J8I6	158.212
UniRef90_A0A076J8I6|g__Bacteroides.s__Bacteroides_vulgatus	158.212
UniRef90_U6RK63	158.039
UniRef90_U6RK63|g__Bacteroides.s__Bacteroides_vulgatus	158.039
UniRef90_B6VTP3	157.854
UniRef90_B6VTP3|g__Bacteroides.s__Bacteroides_vulgatus	157.854
UniRef90_A0A0P0M503	157.846
UniRef90_A0A0P0M503|g__Bacteroides.s__Bacteroides_vulgatus	157.846
UniRef90_A0A0P0M6A8	157.722
UniRef90_A0A0P0M6A8|g__Bacteroides.s__Bacteroides_vulgatus	157.722
UniRef90_A0A174NAX3	157.585
UniRef90_A0A174NAX3|g__Bacteroides.s__Bacteroides_vulgatus	157.585
UniRef90_A0A396ERU4	157.577
UniRef90_A0A396ERU4|g__Bacteroides.s__Bacteroides_vulgatus	157.577
UniRef90_A0A1H7FY75	157.122
UniRef90_A0A1H7FY75|g__Bacteroides.s__Bacteroides_vulgatus	157.122
UniRef90_D4VDD1	156.65
UniRef90_D4VDD1|g__Bacteroides.s__Bacteroides_vulgatus	156.65
UniRef90_R9H058	156.349
UniRef90_R9H058|g__Bacteroides.s__Bacteroides_vulgatus	156.349
UniRef90_A0A395VV85	156.254
UniRef90_A0A395VV85|g__Bacteroides.s__Bacteroides_vulgatus	156.254
UniRef90_A0A396EPH8	156.138
UniRef90_A0A396EPH8|g__Bacteroides.s__Bacteroides_vulgatus	156.138
UniRef90_A0A0P0M3J6	155.35
UniRef90_A0A0P0M3J6|g__Bacteroides.s__Bacteroides_vulgatus	155.35
UniRef90_A0A076J1V1	155.031
UniRef90_A0A076J1V1|g__Bacteroides.s__Bacteroides_vulgatus	155.031
UniRef90_A0A395VMH7	154.712
UniRef90_A0A395VMH7|g__Bacteroides.s__Bacteroides_vulgatus	154.712
UniRef90_A0A174T3G0	154.574
UniRef90_A0A174T3G0|g__Bacteroides.s__Bacteroides_vulgatus	154.574
UniRef90_B6W1I5	154.345
UniRef90_B6W1I5|g__Bacteroides.s__Bacteroides_vulgatus	154.345
UniRef90_A0A380ZJI0	154.109
UniRef90_A0A380ZJI0|g__Bacteroides.s__Bacteroides_vulgatus	154.109
UniRef90_A0A396F7M2	153.637
UniRef90_A0A396F7M2|g__Bacteroides.s__Bacteroides_vulgatus	153.637
UniRef90_A6L0A5	153.462
UniRef90_A6L0A5|g__Bacteroides.s__Bacteroides_vulgatus	153.462
UniRef90_A0A0P0M132	153.295
UniRef90_A0A0P0M132|g__Bacteroides.s__Bacteroides_vulgatus	153.295
UniRef90_A6L1U8	152.924
UniRef90_A6L1U8|g__Bacteroides.s__Bacteroides_vulgatus	152.924
UniRef90_E5UU61	152.68
UniRef90_E5UU61|g__Bacteroides.s__Bacteroides_vulgatus	152.68
UniRef90_B5D0P3	152.464
UniRef90_B5D0P3|g__Bacteroides.s__Bacteroides_vulgatus	152.464
UniRef90_A0A0P0M1F8	151.892
UniRef90_A0A0P0M1F8|g__Bacteroides.s__Bacteroides_vulgatus	151.892
UniRef90_A0A397WCY9	151.357
UniRef90_A0A397WCY9|g__Bacteroides.s__Bacteroides_vulgatus	151.357
UniRef90_A0A396ALX3	151.11
UniRef90_A0A396ALX3|g__Bacteroides.s__Bacteroides_vulgatus	151.11
UniRef90_A0A0K2HFZ2	150.696
UniRef90_A0A0K2HFZ2|g__Bacteroides.s__Bacteroides_vulgatus	150.696
UniRef90_A0A0P0M2R7	150.601
UniRef90_A0A0P0M2R7|g__Bacteroides.s__Bacteroides_vulgatus	150.601
UniRef90_A0A0P0LJQ7	149.929
UniRef90_A0A0P0LJQ7|g__Bacteroides.s__Bacteroides_vulgatus	149.929
UniRef90_A0A397WGT0	149.594
UniRef90_A0A397WGT0|g__Bacteroides.s__Bacteroides_vulgatus	149.594
UniRef90_A0A076IT92	148.969
UniRef90_A0A076IT92|g__Bacteroides.s__Bacteroides_vulgatus	148.969
UniRef90_E4MB74	148.848
UniRef90_E4MB74|g__Bacteroides.s__Bacteroides_vulgatus	148.848
UniRef90_A0A0M1W4C5	148.714
UniRef90_A0A0M1W4C5|g__Bacteroides.s__Bacteroides_vulgatus	148.714
UniRef90_A0A396API9	148.435
UniRef90_A0A396API9|g__Bacteroides.s__Bacteroides_vulgatus	148.435
UniRef90_A0A076JBK6	147.839
UniRef90_A0A076JBK6|g__Bacteroides.s__Bacteroides_vulgatus	147.839
UniRef90_A0A0P0M1X4	147.463
UniRef90_A0A0P0M1X4|g__Bacteroides.s__Bacteroides_vulgatus	147.463
UniRef90_A0A0K2HNB1	147.462
UniRef90_A0A0K2HNB1|g__Bacteroides.s__Bacteroides_vulgatus	147.462
UniRef90_A0A1Y4PM44	146.704
UniRef90_A0A1Y4PM44|g__Bacteroides.s__Bacteroides_vulgatus	146.704
UniRef90_I3YJ03	146.396
UniRef90_I3YJ03|g__Bacteroides.s__Bacteroides_vulgatus	146.396
UniRef90_A0A1Y4PKT0	145.669
UniRef90_A0A1Y4PKT0|g__Bacteroides.s__Bacteroides_vulgatus	145.669
UniRef90_A0A076J8B4	145.533
UniRef90_A0A076J8B4|g__Bacteroides.s__Bacteroides_vulgatus	145.533
UniRef90_G9S0F6	145.528
UniRef90_G9S0F6|g__Bacteroides.s__Bacteroides_vulgatus	145.528
UniRef90_A6L6X6	145.3
UniRef90_A6L6X6|g__Bacteroides.s__Bacteroides_vulgatus	145.3
UniRef90_A6L6X1	145.128
UniRef90_A6L6X1|g__Bacteroides.s__Bacteroides_vulgatus	145.128
UniRef90_A6KZT2	145.001
UniRef90_A6KZT2|g__Bacteroides.s__Bacteroides_vulgatus	145.001
UniRef90_A0A0P0M440	144.831
UniRef90_A0A0P0M440|g__Bacteroides.s__Bacteroides_vulgatus	144.831
UniRef90_A0A1Q6I9Y0	144.789
UniRef90_A0A1Q6I9Y0|g__Bacteroides.s__Bacteroides_vulgatus	144.789
UniRef90_A0A0P0M178	144.681
UniRef90_A0A0P0M178|g__Bacteroides.s__Bacteroides_vulgatus	144.681
UniRef90_D4V546	144.579
UniRef90_D4V546|g__Bacteroides.s__Bacteroides_vulgatus	144.579
UniRef90_A0A0N7J7M4	144.362
UniRef90_A0A0N7J7M4|g__Bacteroides.s__Bacteroides_vulgatus	144.362
UniRef90_A0A3E5E5Z2	143.984
UniRef90_A0A3E5E5Z2|g__Bacteroides.s__Bacteroides_vulgatus	143.984
UniRef90_A0A076J0V1	143.887
UniRef90_A0A076J0V1|g__Bacteroides.s__Bacteroides_vulgatus	143.887
UniRef90_A0A173X1R1	143.59
UniRef90_A0A173X1R1|g__Bacteroides.s__Bacteroides_vulgatus	143.59
UniRef90_A0A017N007	143.285
UniRef90_A0A017N007|g__Bacteroides.s__Bacteroides_vulgatus	143.285
UniRef90_A0A076J5E7	142.473
UniRef90_A0A076J5E7|g__Bacteroides.s__Bacteroides_vulgatus	142.473
UniRef90_A0A396F7I8	142.313
UniRef90_A0A396F7I8|g__Bacteroides.s__Bacteroides_vulgatus	142.313
UniRef90_A0A076J710	142.219
UniRef90_A0A076J710|g__Bacteroides.s__Bacteroides_vulgatus	142.219
UniRef90_U6RP94	141.373
UniRef90_U6RP94|g__Bacteroides.s__Bacteroides_vulgatus	141.373
UniRef90_B5D0L5	141.274
UniRef90_B5D0L5|g__Bacteroides.s__Bacteroides_vulgatus	141.274
UniRef90_A0A0P0M4N3	141.17
UniRef90_A0A0P0M4N3|g__Bacteroides.s__Bacteroides_vulgatus	141.17
UniRef90_A0A174PHW9	140.858
UniRef90_A0A174PHW9|g__Bacteroides.s__Bacteroides_vulgatus	140.858
UniRef90_A0A395VSR3	140.826
UniRef90_A0A395VSR3|g__Bacteroides.s__Bacteroides_vulgatus	140.826
UniRef90_A0A3E5DXA0	140.625
UniRef90_A0A3E5DXA0|g__Bacteroides.s__Bacteroides_vulgatus	140.625
UniRef90_A0A397WDI7	140.47
UniRef90_A0A397WDI7|g__Bacteroides.s__Bacteroides_vulgatus	140.47
UniRef90_A0A076J7P6	140.465
UniRef90_A0A076J7P6|g__Bacteroides.s__Bacteroides_vulgatus	140.465
UniRef90_D4V880	140.35
UniRef90_D4V880|g__Bacteroides.s__Bacteroides_vulgatus	140.35
UniRef90_I9F0V9	139.935
UniRef90_I9F0V9|g__Bacteroides.s__Bacteroides_vulgatus	139.935
UniRef90_A6L5X6	139.344
UniRef90_A6L5X6|g__Bacteroides.s__Bacteroides_vulgatus	139.344
UniRef90_A0A396FE52	139.295
UniRef90_A0A396FE52|g__Bacteroides.s__Bacteroides_vulgatus	139.295
UniRef90_UPI0009B5BC86	138.936
UniRef90_UPI0009B5BC86|g__Bacteroides.s__Bacteroides_vulgatus	138.936
UniRef90_A0A0K2HET7	138.73
UniRef90_A0A0K2HET7|g__Bacteroides.s__Bacteroides_vulgatus	138.73
UniRef90_A0A174S1C1	138.6
UniRef90_A0A174S1C1|g__Bacteroides.s__Bacteroides_vulgatus	138.6
UniRef90_A0A174QTU0	138.382
UniRef90_A0A174QTU0|g__Bacteroides.s__Bacteroides_vulgatus	138.382
UniRef90_A0A3E5H739	138.366
UniRef90_A0A3E5H739|g__Bacteroides.s__Bacteroides_vulgatus	138.366
UniRef90_A0A396BBP9	138.188
UniRef90_A0A396BBP9|g__Bacteroides.s__Bacteroides_vulgatus	138.188
UniRef90_A0A0M1VZJ5	138.105
UniRef90_A0A0M1VZJ5|g__Bacteroides.s__Bacteroides_vulgatus	138.105
UniRef90_A6L3G7	138.098
UniRef90_A6L3G7|g__Bacteroides.s__Bacteroides_vulgatus	138.098
UniRef90_A0A174PZ91	137.877
UniRef90_A0A174PZ91|g__Bacteroides.s__Bacteroides_vulgatus	137.877
UniRef90_A0A0P0M677	137.397
UniRef90_A0A0P0M677|g__Bacteroides.s__Bacteroides_vulgatus	137.397
UniRef90_I9RE41	136.918
UniRef90_I9RE41|g__Bacteroides.s__Bacteroides_vulgatus	136.918
UniRef90_A0A076IV27	136.911
UniRef90_A0A076IV27|g__Bacteroides.s__Bacteroides_vulgatus	136.911
UniRef90_D4V9M7	136.823
UniRef90_D4V9M7|g__Bacteroides.s__Bacteroides_vulgatus	136.823
UniRef90_A0A380ZD55	136.684
UniRef90_A0A380ZD55|g__Bacteroides.s__Bacteroides_vulgatus	136.684
UniRef90_A0A069S8Q5	136.651
UniRef90_A0A069S8Q5|g__Bacteroides.s__Bacteroides_vulgatus	136.651
UniRef90_D1JZU2	136.635
UniRef90_D1JZU2|g__Bacteroides.s__Bacteroides_vulgatus	136.635
UniRef90_A0A0P0LAY1	136.603
UniRef90_A0A0P0LAY1|g__Bacteroides.s__Bacteroides_vulgatus	136.603
UniRef90_I9QCP3	136.501
UniRef90_I9QCP3|g__Bacteroides.s__Bacteroides_vulgatus	136.501
UniRef90_B6VS45	136.429
UniRef90_B6VS45|g__Bacteroides.s__Bacteroides_vulgatus	136.429
UniRef90_A0A1H7FY66	136.366
UniRef90_A0A1H7FY66|g__Bacteroides.s__Bacteroides_vulgatus	136.366
UniRef90_B5D3F5	136.329
UniRef90_B5D3F5|g__Bacteroides.s__Bacteroides_vulgatus	136.329
UniRef90_A0A076ITC1	136.057
UniRef90_A0A076ITC1|g__Bacteroides.s__Bacteroides_vulgatus	136.057
UniRef90_A0A3E4KIM1	135.619
UniRef90_A0A3E4KIM1|g__Bacteroides.s__Bacteroides_vulgatus	135.619
UniRef90_A0A395VIK7	135.422
UniRef90_A0A395VIK7|g__Bacteroides.s__Bacteroides_vulgatus	135.422
UniRef90_C3RAI3	135.276
UniRef90_C3RAI3|g__Bacteroides.s__Bacteroides_vulgatus	135.276
UniRef90_D4V3X9	135.186
UniRef90_D4V3X9|g__Bacteroides.s__Bacteroides_vulgatus	135.186
UniRef90_A6L1E7	135.036
UniRef90_A6L1E7|g__Bacteroides.s__Bacteroides_vulgatus	135.036
UniRef90_A0A0K2HG58	135.031
UniRef90_A0A0K2HG58|g__Bacteroides.s__Bacteroides_vulgatus	135.031
UniRef90_A0A174ANF9	134.608
UniRef90_A0A174ANF9|g__Bacteroides.s__Bacteroides_vulgatus	134.608
UniRef90_D4V565	134.134
UniRef90_D4V565|g__Bacteroides.s__Bacteroides_vulgatus	134.134
UniRef90_A6L532	133.965
UniRef90_A6L532|g__Bacteroides.s__Bacteroides_vulgatus	133.965
UniRef90_A0A0P0M4G1	133.775
UniRef90_A0A0P0M4G1|g__Bacteroides.s__Bacteroides_vulgatus	133.775
UniRef90_Q89Z59	133.55
UniRef90_Q89Z59|g__Bacteroides.s__Bacteroides_vulgatus	133.55
UniRef90_A0A078RBJ1	133.244
UniRef90_A0A078RBJ1|g__Bacteroides.s__Bacteroides_vulgatus	133.244
UniRef90_A0A0M1W2F8	132.824
UniRef90_A0A0M1W2F8|g__Bacteroides.s__Bacteroides_vulgatus	132.824
UniRef90_A0A3E4IFI0	132.449
UniRef90_A0A3E4IFI0|g__Bacteroides.s__Bacteroides_vulgatus	132.449
UniRef90_A0A076IMS7	132.206
UniRef90_A0A076IMS7|g__Bacteroides.s__Bacteroides_vulgatus	132.206
UniRef90_A0A397WK36	132.108
UniRef90_A0A397WK36|g__Bacteroides.s__Bacteroides_vulgatus	132.108
UniRef90_D1K675	132.068
UniRef90_D1K675|g__Bacteroides.s__Bacteroides_vulgatus	132.068
UniRef90_A0A0P0M5S4	130.92
UniRef90_A0A0P0M5S4|g__Bacteroides.s__Bacteroides_vulgatus	130.92
UniRef90_B5D0J2	130.909
UniRef90_B5D0J2|g__Bacteroides.s__Bacteroides_vulgatus	130.909
UniRef90_A0A174VI51	130.853
UniRef90_A0A174VI51|g__Bacteroides.s__Bacteroides_vulgatus	130.853
UniRef90_A0A078RCT4	130.837
UniRef90_A0A078RCT4|g__Bacteroides.s__Bacteroides_vulgatus	130.837
UniRef90_R6C410	130.409
UniRef90_R6C410|g__Bacteroides.s__Bacteroides_vulgatus	130.409
UniRef90_A0A174SFB0	130.045
UniRef90_A0A174SFB0|g__Bacteroides.s__Bacteroides_vulgatus	130.045
UniRef90_A0A076J1V0	129.725
UniRef90_A0A076J1V0|g__Bacteroides.s__Bacteroides_vulgatus	129.725
UniRef90_B0NSG7	129.511
UniRef90_B0NSG7|g__Bacteroides.s__Bacteroides_vulgatus	129.511
UniRef90_A0A0P0M4D2	129.325
UniRef90_A0A0P0M4D2|g__Bacteroides.s__Bacteroides_vulgatus	129.325
UniRef90_A0A0P0LGN9	129.292
UniRef90_A0A0P0LGN9|g__Bacteroides.s__Bacteroides_vulgatus	129.292
UniRef90_A0A015TKW0	129.105
UniRef90_A0A015TKW0|g__Bacteroides.s__Bacteroides_vulgatus	129.105
UniRef90_I8VTE5	128.951
UniRef90_I8VTE5|g__Bacteroides.s__Bacteroides_vulgatus	128.951
UniRef90_C3QT85	128.877
UniRef90_C3QT85|g__Bacteroides.s__Bacteroides_vulgatus	128.877
UniRef90_A0A1Y4PM15	128.582
UniRef90_A0A1Y4PM15|g__Bacteroides.s__Bacteroides_vulgatus	128.582
UniRef90_A0A1Y4PDW8	128.323
UniRef90_A0A1Y4PDW8|g__Bacteroides.s__Bacteroides_vulgatus	128.323
UniRef90_A6KYC8	128.192
UniRef90_A6KYC8|g__Bacteroides.s__Bacteroides_vulgatus	128.192
UniRef90_A0A397WER9	127.997
UniRef90_A0A397WER9|g__Bacteroides.s__Bacteroides_vulgatus	127.997
UniRef90_A0A0N7J7Z6	127.798
UniRef90_A0A0N7J7Z6|g__Bacteroides.s__Bacteroides_vulgatus	127.798
UniRef90_C3R4L3	127.69
UniRef90_C3R4L3|g__Bacteroides.s__Bacteroides_vulgatus	127.69
UniRef90_A0A174VCF6	127.625
UniRef90_A0A174VCF6|g__Bacteroides.s__Bacteroides_vulgatus	127.625
UniRef90_A6L070	127.312
UniRef90_A6L070|g__Bacteroides.s__Bacteroides_vulgatus	127.312
UniRef90_A0A395VSG6	127.249
UniRef90_A0A395VSG6|g__Bacteroides.s__Bacteroides_vulgatus	127.249
UniRef90_A0A396EQ60	127.215
UniRef90_A0A396EQ60|g__Bacteroides.s__Bacteroides_vulgatus	127.215
UniRef90_D4V3Y1	126.825
UniRef90_D4V3Y1|g__Bacteroides.s__Bacteroides_vulgatus	126.825
UniRef90_A0A0P0L2L4	126.031
UniRef90_A0A0P0L2L4|g__Bacteroides.s__Bacteroides_vulgatus	126.031
UniRef90_A0A174LYN9	125.987
UniRef90_A0A174LYN9|g__Bacteroides.s__Bacteroides_vulgatus	125.987
UniRef90_A0A396AP31	125.578
UniRef90_A0A396AP31|g__Bacteroides.s__Bacteroides_vulgatus	125.578
UniRef90_D4V593	125.394
UniRef90_D4V593|g__Bacteroides.s__Bacteroides_vulgatus	125.394
UniRef90_A0A0P0L7X4	124.838
UniRef90_A0A0P0L7X4|g__Bacteroides.s__Bacteroides_vulgatus	124.838
UniRef90_A0A395VTA3	124.556
UniRef90_A0A395VTA3|g__Bacteroides.s__Bacteroides_vulgatus	124.556
UniRef90_A0A076IQ70	124.398
UniRef90_A0A076IQ70|g__Bacteroides.s__Bacteroides_vulgatus	124.398
UniRef90_A0A076IUQ2	124.354
UniRef90_A0A076IUQ2|g__Bacteroides.s__Bacteroides_vulgatus	124.354
UniRef90_C3RG82	123.767
UniRef90_C3RG82|g__Bacteroides.s__Bacteroides_vulgatus	123.767
UniRef90_A0A1H7KR90	123.676
UniRef90_A0A1H7KR90|g__Bacteroides.s__Bacteroides_vulgatus	123.676
UniRef90_U6RBT0	123.467
UniRef90_U6RBT0|g__Bacteroides.s__Bacteroides_vulgatus	123.467
UniRef90_A0A1Q6I8W2	123.287
UniRef90_A0A1Q6I8W2|g__Bacteroides.s__Bacteroides_vulgatus	123.287
UniRef90_C3R6B4	122.846
UniRef90_C3R6B4|g__Bacteroides.s__Bacteroides_vulgatus	122.846
UniRef90_A0A396AQX7	122.83
UniRef90_A0A396AQX7|g__Bacteroides.s__Bacteroides_vulgatus	122.83
UniRef90_A0A0N7J733	122.745
UniRef90_A0A0N7J733|g__Bacteroides.s__Bacteroides_vulgatus	122.745
UniRef90_A0A0P0L8Z7	122.209
UniRef90_A0A0P0L8Z7|g__Bacteroides.s__Bacteroides_vulgatus	122.209
UniRef90_C6Z6H7	122.111
UniRef90_C6Z6H7|g__Bacteroides.s__Bacteroides_vulgatus	122.111
UniRef90_A0A133PU47	122.054
UniRef90_A0A133PU47|g__Bacteroides.s__Bacteroides_vulgatus	122.054
UniRef90_A6KZQ5	122.004
UniRef90_A6KZQ5|g__Bacteroides.s__Bacteroides_vulgatus	122.004
UniRef90_A0A076IXF0	121.955
UniRef90_A0A076IXF0|g__Bacteroides.s__Bacteroides_vulgatus	121.955
UniRef90_A0A0K2HQ54	121.523
UniRef90_A0A0K2HQ54|g__Bacteroides.s__Bacteroides_vulgatus	121.523
UniRef90_A0A174SCL4	120.705
UniRef90_A0A174SCL4|g__Bacteroides.s__Bacteroides_vulgatus	120.705
UniRef90_C3R8W0	120.597
UniRef90_C3R8W0|g__Bacteroides.s__Bacteroides_vulgatus	120.597
UniRef90_A0A0P0L4I7	120.493
UniRef90_A0A0P0L4I7|g__Bacteroides.s__Bacteroides_vulgatus	120.493
UniRef90_A0A0M1W6U9	120.383
UniRef90_A0A0M1W6U9|g__Bacteroides.s__Bacteroides_vulgatus	120.383
UniRef90_A0A076IYL7	120.153
UniRef90_A0A076IYL7|g__Bacteroides.s__Bacteroides_vulgatus	120.153
UniRef90_A0A174S253	120.088
UniRef90_A0A174S253|g__Bacteroides.s__Bacteroides_vulgatus	120.088
UniRef90_I9FIN4	119.541
UniRef90_I9FIN4|g__Bacteroides.s__Bacteroides_vulgatus	119.541
UniRef90_C9KVC5	119.074
UniRef90_C9KVC5|g__Bacteroides.s__Bacteroides_vulgatus	119.074
UniRef90_A0A076ISZ3	119.07
UniRef90_A0A076ISZ3|g__Bacteroides.s__Bacteroides_vulgatus	119.07
UniRef90_A0A078QXB4	118.865
UniRef90_A0A078QXB4|g__Bacteroides.s__Bacteroides_vulgatus	118.865
UniRef90_A6KZL1	118.743
UniRef90_A6KZL1|g__Bacteroides.s__Bacteroides_vulgatus	118.743
UniRef90_A0A076ISB8	118.105
UniRef90_A0A076ISB8|g__Bacteroides.s__Bacteroides_vulgatus	118.105
UniRef90_A0A015XDU1	118.006
UniRef90_A0A015XDU1|g__Bacteroides.s__Bacteroides_vulgatus	118.006
UniRef90_A0A0P0LJZ6	117.959
UniRef90_A0A0P0LJZ6|g__Bacteroides.s__Bacteroides_vulgatus	117.959
UniRef90_A0A0K2HP50	117.415
UniRef90_A0A0K2HP50|g__Bacteroides.s__Bacteroides_vulgatus	117.415
UniRef90_A0A0P0L0H0	116.953
UniRef90_A0A0P0L0H0|g__Bacteroides.s__Bacteroides_vulgatus	116.953
UniRef90_W6NZG1	116.25
UniRef90_W6NZG1|g__Bacteroides.s__Bacteroides_vulgatus	116.25
UniRef90_A6KZJ8	116.172
UniRef90_A6KZJ8|g__Bacteroides.s__Bacteroides_vulgatus	116.172
UniRef90_A0A396ASJ6	116.035
UniRef90_A0A396ASJ6|g__Bacteroides.s__Bacteroides_vulgatus	116.035
UniRef90_A6KXU3	115.863
UniRef90_A6KXU3|g__Bacteroides.s__Bacteroides_vulgatus	115.863
UniRef90_A0A076ISU9	115.816
UniRef90_A0A076ISU9|g__Bacteroides.s__Bacteroides_vulgatus	115.816
UniRef90_A0A380Z4D5	115.78
UniRef90_A0A380Z4D5|g__Bacteroides.s__Bacteroides_vulgatus	115.78
UniRef90_A0A0P0M501	115.51
UniRef90_A0A0P0M501|g__Bacteroides.s__Bacteroides_vulgatus	115.51
UniRef90_A0A3E4JG82	115.314
UniRef90_A0A3E4JG82|g__Bacteroides.s__Bacteroides_vulgatus	115.314
UniRef90_A0A0M1W1V6	115.185
UniRef90_A0A0M1W1V6|g__Bacteroides.s__Bacteroides_vulgatus	115.185
UniRef90_A0A397WBS2	115.119
UniRef90_A0A397WBS2|g__Bacteroides.s__Bacteroides_vulgatus	115.119
UniRef90_A0A0P0M4K3	115.116
UniRef90_A0A0P0M4K3|g__Bacteroides.s__Bacteroides_vulgatus	115.116
UniRef90_A0A078PLC9	115.018
UniRef90_A0A078PLC9|g__Bacteroides.s__Bacteroides_vulgatus	115.018
UniRef90_A0A0P0M2S1	114.964
UniRef90_A0A0P0M2S1|g__Bacteroides.s__Bacteroides_vulgatus	114.964
UniRef90_C6IUJ3	114.868
UniRef90_C6IUJ3|g__Bacteroides.s__Bacteroides_vulgatus	114.868
UniRef90_D4V8X0	114.665
UniRef90_D4V8X0|g__Bacteroides.s__Bacteroides_vulgatus	114.665
UniRef90_I9TY61	114.49
UniRef90_I9TY61|g__Bacteroides.s__Bacteroides_vulgatus	114.49
UniRef90_A0A076J215	114.446
UniRef90_A0A076J215|g__Bacteroides.s__Bacteroides_vulgatus	114.446
UniRef90_A0A0M1VZN2	114.198
UniRef90_A0A0M1VZN2|g__Bacteroides.s__Bacteroides_vulgatus	114.198
UniRef90_A0A076IQW0	114.196
UniRef90_A0A076IQW0|g__Bacteroides.s__Bacteroides_vulgatus	114.196
UniRef90_A0A016GBY6	113.598
UniRef90_A0A016GBY6|g__Bacteroides.s__Bacteroides_vulgatus	113.598
UniRef90_A0A0K2HQB2	113.544
UniRef90_A0A0K2HQB2|g__Bacteroides.s__Bacteroides_vulgatus	113.544
UniRef90_A6L4L7	113.297
UniRef90_A6L4L7|g__Bacteroides.s__Bacteroides_vulgatus	113.297
UniRef90_A0A395VJY0	112.85
UniRef90_A0A395VJY0|g__Bacteroides.s__Bacteroides_vulgatus	112.85
UniRef90_C3R4H6	112.388
UniRef90_C3R4H6|g__Bacteroides.s__Bacteroides_vulgatus	112.388
UniRef90_D4V3D6	112.017
UniRef90_D4V3D6|g__Bacteroides.s__Bacteroides_vulgatus	112.017
UniRef90_B6VZI2	111.825
UniRef90_B6VZI2|g__Bacteroides.s__Bacteroides_vulgatus	111.825
UniRef90_A6L313	111.801
UniRef90_A6L313|g__Bacteroides.s__Bacteroides_vulgatus	111.801
UniRef90_R6CCE8	111.679
UniRef90_R6CCE8|g__Bacteroides.s__Bacteroides_vulgatus	111.679
UniRef90_C3RGN1	111.658
UniRef90_C3RGN1|g__Bacteroides.s__Bacteroides_vulgatus	111.658
UniRef90_D1JXT2	111.579
UniRef90_D1JXT2|g__Bacteroides.s__Bacteroides_vulgatus	111.579
UniRef90_A0A076ILH5	110.858
UniRef90_A0A076ILH5|g__Bacteroides.s__Bacteroides_vulgatus	110.858
UniRef90_C3R6C8	110.596
UniRef90_C3R6C8|g__Bacteroides.s__Bacteroides_vulgatus	110.596
UniRef90_A0A078RC18	110.465
UniRef90_A0A078RC18|g__Bacteroides.s__Bacteroides_vulgatus	110.465
UniRef90_A0A0P0L6G4	110.105
UniRef90_A0A0P0L6G4|g__Bacteroides.s__Bacteroides_vulgatus	110.105
UniRef90_A0A076IYP6	110.091
UniRef90_A0A076IYP6|g__Bacteroides.s__Bacteroides_vulgatus	110.091
UniRef90_U6R932	110.053
UniRef90_U6R932|g__Bacteroides.s__Bacteroides_vulgatus	110.053
UniRef90_A0A174K803	109.972
UniRef90_A0A174K803|g__Bacteroides.s__Bacteroides_vulgatus	109.972
UniRef90_A0A174NM17	109.903
UniRef90_A0A174NM17|g__Bacteroides.s__Bacteroides_vulgatus	109.903
UniRef90_C3R8I0	109.804
UniRef90_C3R8I0|g__Bacteroides.s__Bacteroides_vulgatus	109.804
UniRef90_A0A0P0LA17	109.694
UniRef90_A0A0P0LA17|g__Bacteroides.s__Bacteroides_vulgatus	109.694
UniRef90_B0MZA3	109.653
UniRef90_B0MZA3|g__Bacteroides.s__Bacteroides_vulgatus	109.653
UniRef90_P30899	109.459
UniRef90_P30899|g__Bacteroides.s__Bacteroides_vulgatus	109.459
UniRef90_I9FMQ5	109.439
UniRef90_I9FMQ5|g__Bacteroides.s__Bacteroides_vulgatus	109.439
UniRef90_A0A0M1W0Y9	109.117
UniRef90_A0A0M1W0Y9|g__Bacteroides.s__Bacteroides_vulgatus	109.117
UniRef90_A0A397WLU0	108.463
UniRef90_A0A397WLU0|g__Bacteroides.s__Bacteroides_vulgatus	108.463
UniRef90_A0A1Q6IQ53	108.074
UniRef90_A0A1Q6IQ53|g__Bacteroides.s__Bacteroides_vulgatus	108.074
UniRef90_A0A076J288	108.013
UniRef90_A0A076J288|g__Bacteroides.s__Bacteroides_vulgatus	108.013
UniRef90_A0A0K2HHG8	107.911
UniRef90_A0A0K2HHG8|g__Bacteroides.s__Bacteroides_vulgatus	107.911
UniRef90_A0A1Y4PR89	107.692
UniRef90_A0A1Y4PR89|g__Bacteroides.s__Bacteroides_vulgatus	107.692
UniRef90_C6IUI8	106.956
UniRef90_C6IUI8|g__Bacteroides.s__Bacteroides_vulgatus	106.956
UniRef90_B6VZ21	106.818
UniRef90_B6VZ21|g__Bacteroides.s__Bacteroides_vulgatus	106.818
UniRef90_F3PL25	106.761
UniRef90_F3PL25|g__Bacteroides.s__Bacteroides_vulgatus	106.761
UniRef90_A0A0K2HNA3	106.563
UniRef90_A0A0K2HNA3|g__Bacteroides.s__Bacteroides_vulgatus	106.563
UniRef90_A0A0M1W4C3	106.344
UniRef90_A0A0M1W4C3|g__Bacteroides.s__Bacteroides_vulgatus	106.344
UniRef90_I3YLF4	105.971
UniRef90_I3YLF4|g__Bacteroides.s__Bacteroides_vulgatus	105.971
UniRef90_A0A1L5KFI3	105.952
UniRef90_A0A1L5KFI3|g__Bacteroides.s__Bacteroides_vulgatus	105.952
UniRef90_A0A076INE9	105.612
UniRef90_A0A076INE9|g__Bacteroides.s__Bacteroides_vulgatus	105.612
UniRef90_A0A076IQS3	105.573
UniRef90_A0A076IQS3|g__Bacteroides.s__Bacteroides_vulgatus	105.573
UniRef90_A0A0N7J6S6	105.497
UniRef90_A0A0N7J6S6|g__Bacteroides.s__Bacteroides_vulgatus	105.497
UniRef90_C3R8X1	105.442
UniRef90_C3R8X1|g__Bacteroides.s__Bacteroides_vulgatus	105.442
UniRef90_A0A0P0LRE5	105.133
UniRef90_A0A0P0LRE5|g__Bacteroides.s__Bacteroides_vulgatus	105.133
UniRef90_A0A397WKY4	105.131
UniRef90_A0A397WKY4|g__Bacteroides.s__Bacteroides_vulgatus	105.131
UniRef90_A0A395UTD2	104.391
UniRef90_A0A395UTD2|g__Bacteroides.s__Bacteroides_vulgatus	104.391
UniRef90_A0A139JRM5	104.128
UniRef90_A0A139JRM5|g__Bacteroides.s__Bacteroides_vulgatus	104.128
UniRef90_A0A076J4G7	103.861
UniRef90_A0A076J4G7|g__Bacteroides.s__Bacteroides_vulgatus	103.861
UniRef90_A0A396EIK9	103.619
UniRef90_A0A396EIK9|g__Bacteroides.s__Bacteroides_vulgatus	103.619
UniRef90_A0A076IUS6	103.507
UniRef90_A0A076IUS6|g__Bacteroides.s__Bacteroides_vulgatus	103.507
UniRef90_A0A0N7J7I0	103.358
UniRef90_A0A0N7J7I0|g__Bacteroides.s__Bacteroides_vulgatus	103.358
UniRef90_A0A3E4JEG1	103.149
UniRef90_A0A3E4JEG1|g__Bacteroides.s__Bacteroides_vulgatus	103.149
UniRef90_E5UQL1	103.075
UniRef90_E5UQL1|g__Bacteroides.s__Bacteroides_vulgatus	103.075
UniRef90_D4V3P4	102.826
UniRef90_D4V3P4|g__Bacteroides.s__Bacteroides_vulgatus	102.826
UniRef90_A0A3E4XTM5	102.323
UniRef90_A0A3E4XTM5|g__Bacteroides.s__Bacteroides_vulgatus	102.323
UniRef90_A0A395VR68	101.919
UniRef90_A0A395VR68|g__Bacteroides.s__Bacteroides_vulgatus	101.919
UniRef90_A0A0K2HG35	101.823
UniRef90_A0A0K2HG35|g__Bacteroides.s__Bacteroides_vulgatus	101.823
UniRef90_A0A076J254	101.657
UniRef90_A0A076J254|g__Bacteroides.s__Bacteroides_vulgatus	101.657
UniRef90_A0A0N7J7Z5	101.569
UniRef90_A0A0N7J7Z5|g__Bacteroides.s__Bacteroides_vulgatus	101.569
UniRef90_A0A174KY93	101.391
UniRef90_A0A174KY93|g__Bacteroides.s__Bacteroides_vulgatus	101.391
UniRef90_A0A380ZJH4	101.383
UniRef90_A0A380ZJH4|g__Bacteroides.s__Bacteroides_vulgatus	101.383
UniRef90_A0A174J9C9	100.929
UniRef90_A0A174J9C9|g__Bacteroides.s__Bacteroides_vulgatus	100.929
UniRef90_A0A3E4I8G8	100.66
UniRef90_A0A3E4I8G8|g__Bacteroides.s__Bacteroides_vulgatus	100.66
UniRef90_A0A397WBK9	100.621
UniRef90_A0A397WBK9|g__Bacteroides.s__Bacteroides_vulgatus	100.621
UniRef90_A0A1D6XS85	100.534
UniRef90_A0A1D6XS85|g__Bacteroides.s__Bacteroides_vulgatus	100.534
UniRef90_A0A076J5W5	100.415
UniRef90_A0A076J5W5|g__Bacteroides.s__Bacteroides_vulgatus	100.415
UniRef90_A0A380ZGV8	100.19
UniRef90_A0A380ZGV8|g__Bacteroides.s__Bacteroides_vulgatus	100.19
UniRef90_A0A3E5ECU5	99.7299
UniRef90_A0A3E5ECU5|g__Bacteroides.s__Bacteroides_vulgatus	99.7299
UniRef90_A0A174TWT2	99.7126
UniRef90_A0A174TWT2|g__Bacteroides.s__Bacteroides_vulgatus	99.7126
UniRef90_A0A173WTQ6	99.6283
UniRef90_A0A173WTQ6|g__Bacteroides.s__Bacteroides_vulgatus	99.6283
UniRef90_Q8A2S4	99.5697
UniRef90_Q8A2S4|g__Bacteroides.s__Bacteroides_vulgatus	99.5697
UniRef90_A0A0P0M0K4	99.4544
UniRef90_A0A0P0M0K4|g__Bacteroides.s__Bacteroides_vulgatus	99.4544
UniRef90_A0A0P0LPP0	99.3712
UniRef90_A0A0P0LPP0|g__Bacteroides.s__Bacteroides_vulgatus	99.3712
UniRef90_A0A076IR60	99.227
UniRef90_A0A076IR60|g__Bacteroides.s__Bacteroides_vulgatus	99.227
UniRef90_I9T843	98.8686
UniRef90_I9T843|g__Bacteroides.s__Bacteroides_vulgatus	98.8686
UniRef90_K6AE66	98.3478
UniRef90_K6AE66|g__Bacteroides.s__Bacteroides_vulgatus	98.3478
UniRef90_A6L3B5	98.1775
UniRef90_A6L3B5|g__Bacteroides.s__Bacteroides_vulgatus	98.1775
UniRef90_A0A076J702	97.959
UniRef90_A0A076J702|g__Bacteroides.s__Bacteroides_vulgatus	97.959
UniRef90_D4VCT1	97.9187
UniRef90_D4VCT1|g__Bacteroides.s__Bacteroides_vulgatus	97.9187
UniRef90_A0A3E4T9A4	97.9102
UniRef90_A0A3E4T9A4|g__Bacteroides.s__Bacteroides_vulgatus	97.9102
UniRef90_A0A1G1TVY5	97.4428
UniRef90_A0A1G1TVY5|g__Bacteroides.s__Bacteroides_vulgatus	97.4428
UniRef90_A0A0P0LIK6	97.4102
UniRef90_A0A0P0LIK6|g__Bacteroides.s__Bacteroides_vulgatus	97.4102
UniRef90_A0A0N7J7N2	97.3879
UniRef90_A0A0N7J7N2|g__Bacteroides.s__Bacteroides_vulgatus	97.3879
UniRef90_K5Z4K3	97.3025
UniRef90_K5Z4K3|g__Bacteroides.s__Bacteroides_vulgatus	97.3025
UniRef90_A0A0E2TFE3	97.1314
UniRef90_A0A0E2TFE3|g__Bacteroides.s__Bacteroides_vulgatus	97.1314
UniRef90_A6KYK4	96.5468
UniRef90_A6KYK4|g__Bacteroides.s__Bacteroides_vulgatus	96.5468
UniRef90_C6IQD9	96.4881
UniRef90_C6IQD9|g__Bacteroides.s__Bacteroides_vulgatus	96.4881
UniRef90_A0A374Q4U9	96.3374
UniRef90_A0A374Q4U9|g__Bacteroides.s__Bacteroides_vulgatus	96.3374
UniRef90_A0A174WBC9	95.9774
UniRef90_A0A174WBC9|g__Bacteroides.s__Bacteroides_vulgatus	95.9774
UniRef90_A0A174BPA4	95.7991
UniRef90_A0A174BPA4|g__Bacteroides.s__Bacteroides_vulgatus	95.7991
UniRef90_A0A0P0M4E9	95.1794
UniRef90_A0A0P0M4E9|g__Bacteroides.s__Bacteroides_vulgatus	95.1794
UniRef90_A0A0P0LDL7	94.5281
UniRef90_A0A0P0LDL7|g__Bacteroides.s__Bacteroides_vulgatus	94.5281
UniRef90_D4VAA1	94.1141
UniRef90_D4VAA1|g__Bacteroides.s__Bacteroides_vulgatus	94.1141
UniRef90_A0A174TTJ1	94.0577
UniRef90_A0A174TTJ1|g__Bacteroides.s__Bacteroides_vulgatus	94.0577
UniRef90_A0A0P0LE09	93.8323
UniRef90_A0A0P0LE09|g__Bacteroides.s__Bacteroides_vulgatus	93.8323
UniRef90_A0A076IS10	93.6409
UniRef90_A0A076IS10|g__Bacteroides.s__Bacteroides_vulgatus	93.6409
UniRef90_A0A1H7MMS0	93.4547
UniRef90_A0A1H7MMS0|g__Bacteroides.s__Bacteroides_vulgatus	93.4547
UniRef90_A0A0P0M2I3	93.4032
UniRef90_A0A0P0M2I3|g__Bacteroides.s__Bacteroides_vulgatus	93.4032
UniRef90_A6KXU8	92.9181
UniRef90_A6KXU8|g__Bacteroides.s__Bacteroides_vulgatus	92.9181
UniRef90_A6L170	92.8727
UniRef90_A6L170|g__Bacteroides.s__Bacteroides_vulgatus	92.8727
UniRef90_A0A0P0M3U1	92.6642
UniRef90_A0A0P0M3U1|g__Bacteroides.s__Bacteroides_vulgatus	92.6642
UniRef90_D1K7C8	92.1709
UniRef90_D1K7C8|g__Bacteroides.s__Bacteroides_vulgatus	92.1709
UniRef90_A0A076IVW3	91.6687
UniRef90_A0A076IVW3|g__Bacteroides.s__Bacteroides_vulgatus	91.6687
UniRef90_A0A0P0GM51	91.6071
UniRef90_A0A0P0GM51|g__Bacteroides.s__Bacteroides_vulgatus	91.6071
UniRef90_E5UT54	91.4589
UniRef90_E5UT54|g__Bacteroides.s__Bacteroides_vulgatus	91.4589
UniRef90_E5UXH4	91.1805
UniRef90_E5UXH4|g__Bacteroides.s__Bacteroides_vulgatus	91.1805
UniRef90_A0A0K2HE84	91.144
UniRef90_A0A0K2HE84|g__Bacteroides.s__Bacteroides_vulgatus	91.144
UniRef90_A0A174TCX1	91.1381
UniRef90_A0A174TCX1|g__Bacteroides.s__Bacteroides_vulgatus	91.1381
UniRef90_A6KYH0	91.1
UniRef90_A6KYH0|g__Bacteroides.s__Bacteroides_vulgatus	91.1
UniRef90_A0A076IWV6	90.8486
UniRef90_A0A076IWV6|g__Bacteroides.s__Bacteroides_vulgatus	90.8486
UniRef90_A0A0P0LPT7	90.7383
UniRef90_A0A0P0LPT7|g__Bacteroides.s__Bacteroides_vulgatus	90.7383
UniRef90_A0A0K2HL46	90.2194
UniRef90_A0A0K2HL46|g__Bacteroides.s__Bacteroides_vulgatus	90.2194
UniRef90_R5M2H2	89.847
UniRef90_R5M2H2|g__Bacteroides.s__Bacteroides_vulgatus	89.847
UniRef90_A0A0P0M403	89.2468
UniRef90_A0A0P0M403|g__Bacteroides.s__Bacteroides_vulgatus	89.2468
UniRef90_I9RA95	88.8735
UniRef90_I9RA95|g__Bacteroides.s__Bacteroides_vulgatus	88.8735
UniRef90_A0A078RB19	88.5536
UniRef90_A0A078RB19|g__Bacteroides.s__Bacteroides_vulgatus	88.5536
UniRef90_A6L645	88.2945
UniRef90_A6L645|g__Bacteroides.s__Bacteroides_vulgatus	88.2945
UniRef90_A0A069SK66	88.1825
UniRef90_A0A069SK66|g__Bacteroides.s__Bacteroides_vulgatus	88.1825
UniRef90_A0A0P0L4L1	87.4469
UniRef90_A0A0P0L4L1|g__Bacteroides.s__Bacteroides_vulgatus	87.4469
UniRef90_A0A396EL80	87.3113
UniRef90_A0A396EL80|g__Bacteroides.s__Bacteroides_vulgatus	87.3113
UniRef90_E5UQ06	87.304
UniRef90_E5UQ06|g__Bacteroides.s__Bacteroides_vulgatus	87.304
UniRef90_A0A397WD19	87.1262
UniRef90_A0A397WD19|g__Bacteroides.s__Bacteroides_vulgatus	87.1262
UniRef90_A0A076IRS7	87.1008
UniRef90_A0A076IRS7|g__Bacteroides.s__Bacteroides_vulgatus	87.1008
UniRef90_R5JME6	86.0328
UniRef90_R5JME6|g__Bacteroides.s__Bacteroides_vulgatus	86.0328
UniRef90_D4VBD5	85.9034
UniRef90_D4VBD5|g__Bacteroides.s__Bacteroides_vulgatus	85.9034
UniRef90_Q8A155	85.6278
UniRef90_Q8A155|g__Bacteroides.s__Bacteroides_vulgatus	85.6278
UniRef90_A0A396F9T7	85.4749
UniRef90_A0A396F9T7|g__Bacteroides.s__Bacteroides_vulgatus	85.4749
UniRef90_A0A396AT32	85.0422
UniRef90_A0A396AT32|g__Bacteroides.s__Bacteroides_vulgatus	85.0422
UniRef90_A0A1Y4PFB7	84.8165
UniRef90_A0A1Y4PFB7|g__Bacteroides.s__Bacteroides_vulgatus	84.8165
UniRef90_A0A174WXU9	84.6006
UniRef90_A0A174WXU9|g__Bacteroides.s__Bacteroides_vulgatus	84.6006
UniRef90_A0A173WIK6	84.4326
UniRef90_A0A173WIK6|g__Bacteroides.s__Bacteroides_vulgatus	84.4326
UniRef90_A0A076INR1	84.1991
UniRef90_A0A076INR1|g__Bacteroides.s__Bacteroides_vulgatus	84.1991
UniRef90_A0A174IEZ6	83.6565
UniRef90_A0A174IEZ6|g__Bacteroides.s__Bacteroides_vulgatus	83.6565
UniRef90_A0A3E4JUG9	82.9359
UniRef90_A0A3E4JUG9|g__Bacteroides.s__Bacteroides_vulgatus	82.9359
UniRef90_C3RBF3	82.9233
UniRef90_C3RBF3|g__Bacteroides.s__Bacteroides_vulgatus	82.9233
UniRef90_A0A0P0M5P5	82.7551
UniRef90_A0A0P0M5P5|g__Bacteroides.s__Bacteroides_vulgatus	82.7551
UniRef90_A0A076IZ47	82.6582
UniRef90_A0A076IZ47|g__Bacteroides.s__Bacteroides_vulgatus	82.6582
UniRef90_A0A0P0M0H9	82.5237
UniRef90_A0A0P0M0H9|g__Bacteroides.s__Bacteroides_vulgatus	82.5237
UniRef90_A0A076IQH4	82.2432
UniRef90_A0A076IQH4|g__Bacteroides.s__Bacteroides_vulgatus	82.2432
UniRef90_A0A1H7MMN1	82.0585
UniRef90_A0A1H7MMN1|g__Bacteroides.s__Bacteroides_vulgatus	82.0585
UniRef90_A0A174Q601	82.0222
UniRef90_A0A174Q601|g__Bacteroides.s__Bacteroides_vulgatus	82.0222
UniRef90_A0A076J543	81.9204
UniRef90_A0A076J543|g__Bacteroides.s__Bacteroides_vulgatus	81.9204
UniRef90_B5CXZ6	81.7259
UniRef90_B5CXZ6|g__Bacteroides.s__Bacteroides_vulgatus	81.7259
UniRef90_A0A0K2HP99	81.4392
UniRef90_A0A0K2HP99|g__Bacteroides.s__Bacteroides_vulgatus	81.4392
UniRef90_C6Z3U6	81.1741
UniRef90_C6Z3U6|g__Bacteroides.s__Bacteroides_vulgatus	81.1741
UniRef90_A0A078RHS1	81.0948
UniRef90_A0A078RHS1|g__Bacteroides.s__Bacteroides_vulgatus	81.0948
UniRef90_Q89YW6	81.0714
UniRef90_Q89YW6|g__Bacteroides.s__Bacteroides_vulgatus	81.0714
UniRef90_A0A0F5JR45	80.9599
UniRef90_A0A0F5JR45|g__Bacteroides.s__Bacteroides_vulgatus	80.9599
UniRef90_A0A1Y4PC68	80.7837
UniRef90_A0A1Y4PC68|g__Bacteroides.s__Bacteroides_vulgatus	80.7837
UniRef90_A0A174SQD9	80.7723
UniRef90_A0A174SQD9|g__Bacteroides.s__Bacteroides_vulgatus	80.7723
UniRef90_A0A174NSG4	80.5938
UniRef90_A0A174NSG4|g__Bacteroides.s__Bacteroides_vulgatus	80.5938
UniRef90_A0A396ALC3	80.346
UniRef90_A0A396ALC3|g__Bacteroides.s__Bacteroides_vulgatus	80.346
UniRef90_A0A0P0FT12	79.852
UniRef90_A0A0P0FT12|g__Bacteroides.s__Bacteroides_vulgatus	79.852
UniRef90_A0A395UNU1	79.1984
UniRef90_A0A395UNU1|g__Bacteroides.s__Bacteroides_vulgatus	79.1984
UniRef90_D4WAD6	79.1408
UniRef90_D4WAD6|g__Bacteroides.s__Bacteroides_vulgatus	79.1408
UniRef90_A0A0M1W597	78.9646
UniRef90_A0A0M1W597|g__Bacteroides.s__Bacteroides_vulgatus	78.9646
UniRef90_A6KWF6	78.6554
UniRef90_A6KWF6|g__Bacteroides.s__Bacteroides_vulgatus	78.6554
UniRef90_A0A076J1W8	78.4766
UniRef90_A0A076J1W8|g__Bacteroides.s__Bacteroides_vulgatus	78.4766
UniRef90_A0A076J997	78.2119
UniRef90_A0A076J997|g__Bacteroides.s__Bacteroides_vulgatus	78.2119
UniRef90_A0A0P0L7F8	77.679
UniRef90_A0A0P0L7F8|g__Bacteroides.s__Bacteroides_vulgatus	77.679
UniRef90_B5CXN6	77.4256
UniRef90_B5CXN6|g__Bacteroides.s__Bacteroides_vulgatus	77.4256
UniRef90_A0A174TWV3	77.3619
UniRef90_A0A174TWV3|g__Bacteroides.s__Bacteroides_vulgatus	77.3619
UniRef90_A0A0P0M5Z5	76.9014
UniRef90_A0A0P0M5Z5|g__Bacteroides.s__Bacteroides_vulgatus	76.9014
UniRef90_A0A3E5E6D9	76.5693
UniRef90_A0A3E5E6D9|g__Bacteroides.s__Bacteroides_vulgatus	76.5693
UniRef90_A0A174J5J5	76.4229
UniRef90_A0A174J5J5|g__Bacteroides.s__Bacteroides_vulgatus	76.4229
UniRef90_A0A396FAT6	75.6427
UniRef90_A0A396FAT6|g__Bacteroides.s__Bacteroides_vulgatus	75.6427
UniRef90_A0A396F8P0	75.1489
UniRef90_A0A396F8P0|g__Bacteroides.s__Bacteroides_vulgatus	75.1489
UniRef90_A0A078QWE8	75.0661
UniRef90_A0A078QWE8|g__Bacteroides.s__Bacteroides_vulgatus	75.0661
UniRef90_A6L686	74.7677
UniRef90_A6L686|g__Bacteroides.s__Bacteroides_vulgatus	74.7677
UniRef90_C6Z6H8	74.6139
UniRef90_C6Z6H8|g__Bacteroides.s__Bacteroides_vulgatus	74.6139
UniRef90_K5ZRE6	74.1691
UniRef90_K5ZRE6|g__Bacteroides.s__Bacteroides_vulgatus	74.1691
UniRef90_A0A0P0M192	73.5779
UniRef90_A0A0P0M192|g__Bacteroides.s__Bacteroides_vulgatus	73.5779
UniRef90_A0A0M1W3W6	72.4072
UniRef90_A0A0M1W3W6|g__Bacteroides.s__Bacteroides_vulgatus	72.4072
UniRef90_A0A174RUP9	72.2489
UniRef90_A0A174RUP9|g__Bacteroides.s__Bacteroides_vulgatus	72.2489
UniRef90_A0A0P0L886	72.1261
UniRef90_A0A0P0L886|g__Bacteroides.s__Bacteroides_vulgatus	72.1261
UniRef90_A0A395VEZ8	71.9445
UniRef90_A0A395VEZ8|g__Bacteroides.s__Bacteroides_vulgatus	71.9445
UniRef90_A0A0N7J7G2	71.2248
UniRef90_A0A0N7J7G2|g__Bacteroides.s__Bacteroides_vulgatus	71.2248
UniRef90_A0A0P0M152	71.1678
UniRef90_A0A0P0M152|g__Bacteroides.s__Bacteroides_vulgatus	71.1678
UniRef90_S0F7Y5	70.9565
UniRef90_S0F7Y5|g__Bacteroides.s__Bacteroides_vulgatus	70.9565
UniRef90_UPI0002E0A599	70.915
UniRef90_UPI0002E0A599|g__Bacteroides.s__Bacteroides_vulgatus	70.915
UniRef90_D1QWA5	70.3232
UniRef90_D1QWA5|g__Bacteroides.s__Bacteroides_vulgatus	70.3232
UniRef90_K6AK01	70.184
UniRef90_K6AK01|g__Bacteroides.s__Bacteroides_vulgatus	70.184
UniRef90_A0A1Y3ZSD5	70.1053
UniRef90_A0A1Y3ZSD5|g__Bacteroides.s__Bacteroides_vulgatus	70.1053
UniRef90_R6F3Y1	69.7387
UniRef90_R6F3Y1|g__Bacteroides.s__Bacteroides_vulgatus	69.7387
UniRef90_A0A0P0M586	69.7037
UniRef90_A0A0P0M586|g__Bacteroides.s__Bacteroides_vulgatus	69.7037
UniRef90_D4VBS8	67.001
UniRef90_D4VBS8|g__Bacteroides.s__Bacteroides_vulgatus	67.001
UniRef90_A0A0M1W198	66.1807
UniRef90_A0A0M1W198|g__Bacteroides.s__Bacteroides_vulgatus	66.1807
UniRef90_A0A3E4T9B7	65.9542
UniRef90_A0A3E4T9B7|g__Bacteroides.s__Bacteroides_vulgatus	65.9542
UniRef90_A0A0P0LIQ9	65.6943
UniRef90_A0A0P0LIQ9|g__Bacteroides.s__Bacteroides_vulgatus	65.6943
UniRef90_D1JY20	65.5226
UniRef90_D1JY20|g__Bacteroides.s__Bacteroides_vulgatus	65.5226
UniRef90_A0A1Y4PQ59	65.4434
UniRef90_A0A1Y4PQ59|g__Bacteroides.s__Bacteroides_vulgatus	65.4434
UniRef90_A0A397WCE7	65.1618
UniRef90_A0A397WCE7|g__Bacteroides.s__Bacteroides_vulgatus	65.1618
UniRef90_A0A0P0M394	64.9255
UniRef90_A0A0P0M394|g__Bacteroides.s__Bacteroides_vulgatus	64.9255
UniRef90_A0A0P0M606	63.8781
UniRef90_A0A0P0M606|g__Bacteroides.s__Bacteroides_vulgatus	63.8781
UniRef90_D1JU88	62.9132
UniRef90_D1JU88|g__Bacteroides.s__Bacteroides_vulgatus	62.9132
UniRef90_D4VCM7	61.2944
UniRef90_D4VCM7|g__Bacteroides.s__Bacteroides_vulgatus	61.2944
UniRef90_A0A3E4HFL8	60.6672
UniRef90_A0A3E4HFL8|g__Bacteroides.s__Bacteroides_vulgatus	60.6672
UniRef90_A0A076IR50	60.4936
UniRef90_A0A076IR50|g__Bacteroides.s__Bacteroides_vulgatus	60.4936
UniRef90_D4V8X4	60.0195
UniRef90_D4V8X4|g__Bacteroides.s__Bacteroides_vulgatus	60.0195
UniRef90_I9A5F6	59.7315
UniRef90_I9A5F6|g__Bacteroides.s__Bacteroides_vulgatus	59.7315
UniRef90_A0A1H7IVI3	59.1986
UniRef90_A0A1H7IVI3|g__Bacteroides.s__Bacteroides_vulgatus	59.1986
UniRef90_C3QQR7	57.9419
UniRef90_C3QQR7|g__Bacteroides.s__Bacteroides_vulgatus	57.9419
UniRef90_A0A3E5EMN9	56.9694
UniRef90_A0A3E5EMN9|g__Bacteroides.s__Bacteroides_vulgatus	56.9694
UniRef90_I9RFL3	56.7091
UniRef90_I9RFL3|g__Bacteroides.s__Bacteroides_vulgatus	56.7091
UniRef90_A0A1Q6JNB2	56.2446
UniRef90_A0A1Q6JNB2|g__Bacteroides.s__Bacteroides_vulgatus	56.2446
UniRef90_A0A395VSK8	55.837
UniRef90_A0A395VSK8|g__Bacteroides.s__Bacteroides_vulgatus	55.837
UniRef90_D7INU4	55.1262
UniRef90_D7INU4|g__Bacteroides.s__Bacteroides_vulgatus	55.1262
UniRef90_A0A0P0L6Q3	54.1379
UniRef90_A0A0P0L6Q3|g__Bacteroides.s__Bacteroides_vulgatus	54.1379
UniRef90_A0A396EVR0	53.5
UniRef90_A0A396EVR0|g__Bacteroides.s__Bacteroides_vulgatus	53.5
UniRef90_UPI000E432A7C	51.6302
UniRef90_UPI000E432A7C|g__Bacteroides.s__Bacteroides_vulgatus	51.6302
UniRef90_A0A380Z5C7	43.7335
UniRef90_A0A380Z5C7|g__Bacteroides.s__Bacteroides_vulgatus	43.7335
