# Gene Family	demo_Abundance-RPKs	extra_col
UNMAPPED	118306	a
UniRef90_I9EJJ4	853.9682539683	b
UniRef90_I9EJJ4|g__Bacteroides.s__Bacteroides_vulgatus	853.9682539683	c
UniRef90_B5D0V1	454.2685520331	d
UniRef90_B5D0V1|g__Bacteroides.s__Bacteroides_vulgatus	454.2685520331	e
UniRef90_A0A395VP60	315.5374087047	f
UniRef90_A0A395VP60|g__Bacteroides.s__Bacteroides_vulgatus	315.5374087047	g
UniRef90_A0A3E4PLE2	280.3652717582	h
UniRef90_A0A3E4PLE2|g__Bacteroides.s__Bacteroides_vulgatus	280.3652717582	i
UniRef90_A0A078RIU7	233.5992907801	j
UniRef90_A0A078RIU7|g__Bacteroides.s__Bacteroides_vulgatus	233.5992907801	k
UniRef90_C6ZAS2	217.7908733931	l
UniRef90_C6ZAS2|g__Bacteroides.s__Bacteroides_vulgatus	217.7908733931	m
UniRef90_A0A3E4XFQ6	200.6107912997	n
UniRef90_A0A3E4XFQ6|g__Bacteroides.s__Bacteroides_vulgatus	200.6107912997	o
UniRef90_G1UM91	200	p
UniRef90_G1UM91|g__Bacteroides.s__Bacteroides_vulgatus	200	q
UniRef90_A0A396E449	198.4870406363	r
UniRef90_A0A396E449|g__Bacteroides.s__Bacteroides_vulgatus	198.4870406363	s
UniRef90_A6KZR2	186.0265191586	t
UniRef90_A6KZR2|g__Bacteroides.s__Bacteroides_vulgatus	186.0265191586	u
UniRef90_I9J2Y0	177.6315789474	v
UniRef90_I9J2Y0|g__Bacteroides.s__Bacteroides_vulgatus	177.6315789474	w
UniRef90_D4V549	169.0830993748	x
UniRef90_D4V549|g__Bacteroides.s__Bacteroides_vulgatus	169.0830993748	y
UniRef90_A0A3E4XFK9	166.2058113914	z
UniRef90_A0A3E4XFK9|g__Bacteroides.s__Bacteroides_vulgatus	166.2058113914	a
UniRef90_B5D0U7	157.6892361978	b
UniRef90_B5D0U7|g__Bacteroides.s__Bacteroides_vulgatus	157.6892361978	c
UniRef90_A0A015X489	157.3600563068	d
UniRef90_A0A015X489|g__Bacteroides.s__Bacteroides_vulgatus	157.3600563068	e
UniRef90_A0A396E704	155.3846529439	f
UniRef90_A0A396E704|g__Bacteroides.s__Bacteroides_vulgatus	155.3846529439	g
UniRef90_A0A3E4XFK3	153.6000425914	h
UniRef90_A0A3E4XFK3|g__Bacteroides.s__Bacteroides_vulgatus	153.6000425914	i
UniRef90_A0A3E4XFK5	143.3710925137	j
UniRef90_A0A3E4XFK5|g__Bacteroides.s__Bacteroides_vulgatus	143.3710925137	k
UniRef90_C6ZAN6	132.6849953508	l
UniRef90_C6ZAN6|g__Bacteroides.s__Bacteroides_vulgatus	132.6849953508	m
UniRef90_C6ZAL1	131.5547977719	n
UniRef90_C6ZAL1|g__Bacteroides.s__Bacteroides_vulgatus	131.5547977719	o
UniRef90_B5D0N0	131.248263908	p
UniRef90_B5D0N0|g__Bacteroides.s__Bacteroides_vulgatus	131.248263908	q
UniRef90_A0A0P0M2E3	123.4339693086	r
UniRef90_A0A0P0M2E3|g__Bacteroides.s__Bacteroides_vulgatus	123.4339693086	s
UniRef90_I9UBB8	120.6081081081	t
UniRef90_I9UBB8|g__Bacteroides.s__Bacteroides_vulgatus	120.6081081081	u
UniRef90_C6ZAR3	117.0779997359	v
UniRef90_C6ZAR3|g__Bacteroides.s__Bacteroides_vulgatus	117.0779997359	w
UniRef90_A0A0P0LI08	108.4281175686	x
UniRef90_A0A0P0LI08|g__Bacteroides.s__Bacteroides_vulgatus	108.4281175686	y
UniRef90_A0A3E4XFT8	108.0949349624	z
UniRef90_A0A3E4XFT8|g__Bacteroides.s__Bacteroides_vulgatus	108.0949349624	a
UniRef90_A0A3E4XFQ9	105.684961254	b
UniRef90_A0A3E4XFQ9|g__Bacteroides.s__Bacteroides_vulgatus	105.684961254	c
UniRef90_A0A076IWK0	103.3096167308	d
UniRef90_A0A076IWK0|g__Bacteroides.s__Bacteroides_vulgatus	103.3096167308	e
UniRef90_B6W1I3	102.6958244987	f
UniRef90_B6W1I3|g__Bacteroides.s__Bacteroides_vulgatus	102.6958244987	g
UniRef90_A0A076ITS7	100.1983246333	h
UniRef90_A0A076ITS7|g__Bacteroides.s__Bacteroides_vulgatus	100.1983246333	i
UniRef90_C9KTE0	100.0889684553	j
UniRef90_C9KTE0|g__Bacteroides.s__Bacteroides_vulgatus	100.0889684553	k
UniRef90_D1JWR6	98.2957562794	l
UniRef90_D1JWR6|g__Bacteroides.s__Bacteroides_vulgatus	98.2957562794	m
UniRef90_A0A069S2P7	96.6877973578	n
UniRef90_A0A069S2P7|g__Bacteroides.s__Bacteroides_vulgatus	96.6877973578	o
UniRef90_A0A3E4JCP7	95.7747732439	p
UniRef90_A0A3E4JCP7|g__Bacteroides.s__Bacteroides_vulgatus	95.7747732439	q
UniRef90_B6VXB6	95.3560996529	r
UniRef90_B6VXB6|g__Bacteroides.s__Bacteroides_vulgatus	95.3560996529	s
UniRef90_F7LXM2	93.75	t
UniRef90_F7LXM2|g__Bacteroides.s__Bacteroides_vulgatus	93.75	u
UniRef90_A0A1Q6IXK0	89.4470617573	v
UniRef90_A0A1Q6IXK0|g__Bacteroides.s__Bacteroides_vulgatus	89.4470617573	w
UniRef90_A0A3E4XFJ9	87.0530759019	x
UniRef90_A0A3E4XFJ9|g__Bacteroides.s__Bacteroides_vulgatus	87.0530759019	y
UniRef90_R5CD91	86.7000589538	z
UniRef90_R5CD91|g__Bacteroides.s__Bacteroides_vulgatus	86.7000589538	a
UniRef90_Q64SH0	85.730265884	b
UniRef90_Q64SH0|g__Bacteroides.s__Bacteroides_vulgatus	85.730265884	c
UniRef90_A0A3E4ZV70	85.1859498509	d
UniRef90_A0A3E4ZV70|g__Bacteroides.s__Bacteroides_vulgatus	85.1859498509	e
UniRef90_A0A069S3S3	84.1325021763	f
UniRef90_A0A069S3S3|g__Bacteroides.s__Bacteroides_vulgatus	84.1325021763	g
UniRef90_D4V4V0	83.4782608696	h
UniRef90_D4V4V0|g__Bacteroides.s__Bacteroides_vulgatus	83.4782608696	i
UniRef90_A0A076IQ49	82.755402191300007	j
UniRef90_A0A076IQ49|g__Bacteroides.s__Bacteroides_vulgatus	82.755402191300007	k
UniRef90_A0A174R7U9	82.6825176944	l
UniRef90_A0A174R7U9|g__Bacteroides.s__Bacteroides_vulgatus	82.6825176944	m
UniRef90_A0A174KU74	80.4542251157	n
UniRef90_A0A174KU74|g__Bacteroides.s__Bacteroides_vulgatus	80.4542251157	o
UniRef90_C6ZAS8	80.4512416982	p
UniRef90_C6ZAS8|g__Bacteroides.s__Bacteroides_vulgatus	80.4512416982	q
UniRef90_A0A078TAG6	79.4956963708	r
UniRef90_A0A078TAG6|g__Bacteroides.s__Bacteroides_vulgatus	79.4956963708	s
UniRef90_A0A076J5I1	79.365598985	t
UniRef90_A0A076J5I1|g__Bacteroides.s__Bacteroides_vulgatus	79.365598985	u
UniRef90_D4VEG4	78.7188700875	v
UniRef90_D4VEG4|g__Bacteroides.s__Bacteroides_vulgatus	78.7188700875	w
UniRef90_A0A1Q6IXL9	78.7049460811	x
UniRef90_A0A1Q6IXL9|g__Bacteroides.s__Bacteroides_vulgatus	78.7049460811	y
UniRef90_A0A0P0LHQ9	78.3165295592	z
UniRef90_A0A0P0LHQ9|g__Bacteroides.s__Bacteroides_vulgatus	78.3165295592	a
UniRef90_C6ZAL8	77.7995435241	b
UniRef90_C6ZAL8|g__Bacteroides.s__Bacteroides_vulgatus	77.7995435241	c
UniRef90_A0A0P0L353	77.6270482915	d
UniRef90_A0A0P0L353|g__Bacteroides.s__Bacteroides_vulgatus	77.6270482915	e
UniRef90_D1K9I6	75.0188138091	f
UniRef90_D1K9I6|g__Bacteroides.s__Bacteroides_vulgatus	75.0188138091	g
UniRef90_A0A395UK03	74.4204762355	h
UniRef90_A0A395UK03|g__Bacteroides.s__Bacteroides_vulgatus	74.4204762355	i
UniRef90_A0A174QUM5	74.2946145824	j
UniRef90_A0A174QUM5|g__Bacteroides.s__Bacteroides_vulgatus	74.2946145824	k
UniRef90_A0A076J5U1	74.0622594952	l
UniRef90_A0A076J5U1|g__Bacteroides.s__Bacteroides_vulgatus	74.0622594952	m
UniRef90_D4V7E2	72.434661763	n
UniRef90_D4V7E2|g__Bacteroides.s__Bacteroides_vulgatus	72.434661763	o
UniRef90_A0A0K2HIA2	72.4008976926	p
UniRef90_A0A0K2HIA2|g__Bacteroides.s__Bacteroides_vulgatus	72.4008976926	q
UniRef90_E5UZP2	71.7460128319	r
UniRef90_E5UZP2|g__Bacteroides.s__Bacteroides_vulgatus	71.7460128319	s
UniRef90_A0A0P0M5L3	71.3305718818	t
UniRef90_A0A0P0M5L3|g__Bacteroides.s__Bacteroides_vulgatus	71.3305718818	u
UniRef90_A0A069S4W8	68.710359408	v
UniRef90_A0A069S4W8|g__Bacteroides.s__Bacteroides_vulgatus	68.710359408	w
UniRef90_A0A0P0LCY3	67.3873258298	x
UniRef90_A0A0P0LCY3|g__Bacteroides.s__Bacteroides_vulgatus	67.3873258298	y
UniRef90_A0A174N3R8	66.9468043959	z
UniRef90_A0A174N3R8|g__Bacteroides.s__Bacteroides_vulgatus	66.9468043959	a
UniRef90_A6L5G7	66.4802654448	b
UniRef90_A6L5G7|g__Bacteroides.s__Bacteroides_vulgatus	66.4802654448	c
UniRef90_A0A076J5W7	66.2463314313	d
UniRef90_A0A076J5W7|g__Bacteroides.s__Bacteroides_vulgatus	66.2463314313	e
UniRef90_A0A0P0LHJ3	64.5439667982	f
UniRef90_A0A0P0LHJ3|g__Bacteroides.s__Bacteroides_vulgatus	64.5439667982	g
UniRef90_A6L083	64.2101294083	h
UniRef90_A6L083|g__Bacteroides.s__Bacteroides_vulgatus	64.2101294083	i
UniRef90_A0A380ZJN2	64.1247649832	j
UniRef90_A0A380ZJN2|g__Bacteroides.s__Bacteroides_vulgatus	64.1247649832	k
UniRef90_A0A0P0LK20	63.5927980676	l
UniRef90_A0A0P0LK20|g__Bacteroides.s__Bacteroides_vulgatus	63.5927980676	m
UniRef90_A0A396ARN2	62.3456790123	n
UniRef90_A0A396ARN2|g__Bacteroides.s__Bacteroides_vulgatus	62.3456790123	o
UniRef90_D4V7C3	61.0719494409	p
UniRef90_D4V7C3|g__Bacteroides.s__Bacteroides_vulgatus	61.0719494409	q
UniRef90_A0A1H7HSD9	60.8346900014	r
UniRef90_A0A1H7HSD9|g__Bacteroides.s__Bacteroides_vulgatus	60.8346900014	s
UniRef90_R7P2X9	60.5100291941	t
UniRef90_R7P2X9|g__Bacteroides.s__Bacteroides_vulgatus	60.5100291941	u
UniRef90_A0A1Y3ZIE4	60.3998211371	v
UniRef90_A0A1Y3ZIE4|g__Bacteroides.s__Bacteroides_vulgatus	60.3998211371	w
UniRef90_A0A396F407	59.2865425428	x
UniRef90_A0A396F407|g__Bacteroides.s__Bacteroides_vulgatus	59.2865425428	y
UniRef90_C3R9T2	59.1397386455	z
UniRef90_C3R9T2|g__Bacteroides.s__Bacteroides_vulgatus	59.1397386455	a
UniRef90_A0A174J4M2	59.0650053125	b
UniRef90_A0A174J4M2|g__Bacteroides.s__Bacteroides_vulgatus	59.0650053125	c
UniRef90_Q650G5	59.0304468756	d
UniRef90_Q650G5|g__Bacteroides.s__Bacteroides_vulgatus	59.0304468756	e
UniRef90_A0A1H7IC77	58.4498561233	f
UniRef90_A0A1H7IC77|g__Bacteroides.s__Bacteroides_vulgatus	58.4498561233	g
UniRef90_A0A0K2HIG2	57.9181957904	h
UniRef90_A0A0K2HIG2|g__Bacteroides.s__Bacteroides_vulgatus	57.9181957904	i
UniRef90_E5UQ30	57.5851242413	j
UniRef90_E5UQ30|g__Bacteroides.s__Bacteroides_vulgatus	57.5851242413	k
UniRef90_I8ZQ06	57.4821371114	l
UniRef90_I8ZQ06|g__Bacteroides.s__Bacteroides_vulgatus	57.4821371114	m
UniRef90_B0NQA3	57.1242339291	n
UniRef90_B0NQA3|g__Bacteroides.s__Bacteroides_vulgatus	57.1242339291	o
UniRef90_A0A0P0M1A3	56.5448239609	p
UniRef90_A0A0P0M1A3|g__Bacteroides.s__Bacteroides_vulgatus	56.5448239609	q
UniRef90_A0A1T4IYC5	56.1814593547	r
UniRef90_A0A1T4IYC5|g__Bacteroides.s__Bacteroides_vulgatus	56.1814593547	s
UniRef90_S0F753	55.7977498066	t
UniRef90_S0F753|g__Bacteroides.s__Bacteroides_vulgatus	55.7977498066	u
UniRef90_A0A076IME4	55.2961716796	v
UniRef90_A0A076IME4|g__Bacteroides.s__Bacteroides_vulgatus	55.2961716796	w
UniRef90_A6L5J5	55.1890630097	x
UniRef90_A6L5J5|g__Bacteroides.s__Bacteroides_vulgatus	55.1890630097	y
UniRef90_A0A0M0N1A8	55.1851913863	z
UniRef90_A0A0M0N1A8|g__Bacteroides.s__Bacteroides_vulgatus	55.1851913863	a
UniRef90_A0A076J6J3	54.79750117	b
UniRef90_A0A076J6J3|g__Bacteroides.s__Bacteroides_vulgatus	54.79750117	c
UniRef90_A0A076IPF6	54.4528240566	d
UniRef90_A0A076IPF6|g__Bacteroides.s__Bacteroides_vulgatus	54.4528240566	e
UniRef90_A0A3E5EGN1	54.3982614707	f
UniRef90_A0A3E5EGN1|g__Bacteroides.s__Bacteroides_vulgatus	54.3982614707	g
UniRef90_E6SQG4	54.2709048849	h
UniRef90_E6SQG4|g__Bacteroides.s__Bacteroides_vulgatus	54.2709048849	i
UniRef90_A0A174Q9Z0	54.1439980722	j
UniRef90_A0A174Q9Z0|g__Bacteroides.s__Bacteroides_vulgatus	54.1439980722	k
UniRef90_A0A174L9Z9	54.065883253	l
UniRef90_A0A174L9Z9|g__Bacteroides.s__Bacteroides_vulgatus	54.065883253	m
UniRef90_A6L2V6	54.033275338	n
UniRef90_A6L2V6|g__Bacteroides.s__Bacteroides_vulgatus	54.033275338	o
UniRef90_A0A3E5HCD5	53.6682275268	p
UniRef90_A0A3E5HCD5|g__Bacteroides.s__Bacteroides_vulgatus	53.6682275268	q
UniRef90_A6L2W9	52.9953838021	r
UniRef90_A6L2W9|g__Bacteroides.s__Bacteroides_vulgatus	52.9953838021	s
UniRef90_A0A076J249	52.6801183401	t
UniRef90_A0A076J249|g__Bacteroides.s__Bacteroides_vulgatus	52.6801183401	u
UniRef90_A0A078QYJ8	52.6315789474	v
UniRef90_A0A078QYJ8|g__Bacteroides.s__Bacteroides_vulgatus	52.6315789474	w
UniRef90_A6L6X5	52.5723214847	x
UniRef90_A6L6X5|g__Bacteroides.s__Bacteroides_vulgatus	52.5723214847	y
UniRef90_A0A174LZM2	52.1924280601	z
UniRef90_A0A174LZM2|g__Bacteroides.s__Bacteroides_vulgatus	52.1924280601	a
UniRef90_A0A0M1W4E7	52.1389467062	b
UniRef90_A0A0M1W4E7|g__Bacteroides.s__Bacteroides_vulgatus	52.1389467062	c
UniRef90_D4VDF7	51.65592117	d
UniRef90_D4VDF7|g__Bacteroides.s__Bacteroides_vulgatus	51.65592117	e
UniRef90_A0A0N7J836	51.6030472173	f
UniRef90_A0A0N7J836|g__Bacteroides.s__Bacteroides_vulgatus	51.6030472173	g
UniRef90_A0A076IMM1	51.1553427944	h
UniRef90_A0A076IMM1|g__Bacteroides.s__Bacteroides_vulgatus	51.1553427944	i
UniRef90_A0A1Y3ZL52	51.1197424856	j
UniRef90_A0A1Y3ZL52|g__Bacteroides.s__Bacteroides_vulgatus	51.1197424856	k
UniRef90_B5D0L4	50.7593195672	l
UniRef90_B5D0L4|g__Bacteroides.s__Bacteroides_vulgatus	50.7593195672	m
UniRef90_A0A397WCV4	50.5854642557	n
UniRef90_A0A397WCV4|g__Bacteroides.s__Bacteroides_vulgatus	50.5854642557	o
UniRef90_A0A078SXL7	50.4682707151	p
UniRef90_A0A078SXL7|g__Bacteroides.s__Bacteroides_vulgatus	50.4682707151	q
UniRef90_A0A0K2HHQ4	50.4088168519	r
UniRef90_A0A0K2HHQ4|g__Bacteroides.s__Bacteroides_vulgatus	50.4088168519	s
UniRef90_A6L2M8	49.8824550822	t
UniRef90_A6L2M8|g__Bacteroides.s__Bacteroides_vulgatus	49.8824550822	u
UniRef90_D4V4L9	49.6182932548	v
UniRef90_D4V4L9|g__Bacteroides.s__Bacteroides_vulgatus	49.6182932548	w
UniRef90_I8VP64	49.464301213	x
UniRef90_I8VP64|g__Bacteroides.s__Bacteroides_vulgatus	49.464301213	y
UniRef90_D4V7L7	49.4384272146	z
UniRef90_D4V7L7|g__Bacteroides.s__Bacteroides_vulgatus	49.4384272146	a
UniRef90_A0A174UG67	48.9871425162	b
UniRef90_A0A174UG67|g__Bacteroides.s__Bacteroides_vulgatus	48.9871425162	c
UniRef90_A6L3C5	48.9353443716	d
UniRef90_A6L3C5|g__Bacteroides.s__Bacteroides_vulgatus	48.9353443716	e
UniRef90_A0A1Y4PBJ5	48.9155716922	f
UniRef90_A0A1Y4PBJ5|g__Bacteroides.s__Bacteroides_vulgatus	48.9155716922	g
UniRef90_A6L168	48.8186804047	h
UniRef90_A6L168|g__Bacteroides.s__Bacteroides_vulgatus	48.8186804047	i
UniRef90_A0A1Q6I1C1	48.5750270932	j
UniRef90_A0A1Q6I1C1|g__Bacteroides.s__Bacteroides_vulgatus	48.5750270932	k
UniRef90_A0A396DX97	48.4663144345	l
UniRef90_A0A396DX97|g__Bacteroides.s__Bacteroides_vulgatus	48.4663144345	m
UniRef90_A6KZL8	48.4552056898	n
UniRef90_A6KZL8|g__Bacteroides.s__Bacteroides_vulgatus	48.4552056898	o
UniRef90_A0A0E2AWP1	48.3263422706	p
UniRef90_A0A0E2AWP1|g__Bacteroides.s__Bacteroides_vulgatus	48.3263422706	q
UniRef90_A0A0P0M574	48.2463867816	r
UniRef90_A0A0P0M574|g__Bacteroides.s__Bacteroides_vulgatus	48.2463867816	s
UniRef90_I8WTV5	48.1927710843	t
UniRef90_I8WTV5|g__Bacteroides.s__Bacteroides_vulgatus	48.1927710843	u
UniRef90_A0A076IM12	47.952195496	v
UniRef90_A0A076IM12|g__Bacteroides.s__Bacteroides_vulgatus	47.952195496	w
UniRef90_A0A0P0M4I6	47.8733092118	x
UniRef90_A0A0P0M4I6|g__Bacteroides.s__Bacteroides_vulgatus	47.8733092118	y
UniRef90_A0A069SNW9	47.8131882131	z
UniRef90_A0A069SNW9|g__Bacteroides.s__Bacteroides_vulgatus	47.8131882131	a
UniRef90_A0A076ILA9	47.5386276762	b
UniRef90_A0A076ILA9|g__Bacteroides.s__Bacteroides_vulgatus	47.5386276762	c
UniRef90_A0A076J8Y4	47.5009093341	d
UniRef90_A0A076J8Y4|g__Bacteroides.s__Bacteroides_vulgatus	47.5009093341	e
UniRef90_A6L4N0	47.2864345236	f
UniRef90_A6L4N0|g__Bacteroides.s__Bacteroides_vulgatus	47.2864345236	g
UniRef90_A0A076J5M4	46.8907802609	h
UniRef90_A0A076J5M4|g__Bacteroides.s__Bacteroides_vulgatus	46.8907802609	i
UniRef90_D4V3P6	46.7541560708	j
UniRef90_D4V3P6|g__Bacteroides.s__Bacteroides_vulgatus	46.7541560708	k
UniRef90_A0A076ITD9	46.6976952542	l
UniRef90_A0A076ITD9|g__Bacteroides.s__Bacteroides_vulgatus	46.6976952542	m
UniRef90_A0A0P0M2V7	46.3994547793	n
UniRef90_A0A0P0M2V7|g__Bacteroides.s__Bacteroides_vulgatus	46.3994547793	o
UniRef90_A0A076IIN4	46.1309827077	p
UniRef90_A0A076IIN4|g__Bacteroides.s__Bacteroides_vulgatus	46.1309827077	q
UniRef90_A0A076J475	45.6419125827	r
UniRef90_A0A076J475|g__Bacteroides.s__Bacteroides_vulgatus	45.6419125827	s
UniRef90_A0A076IRA9	45.6396609458	t
UniRef90_A0A076IRA9|g__Bacteroides.s__Bacteroides_vulgatus	45.6396609458	u
UniRef90_A6L2V8	45.4354993778	v
UniRef90_A6L2V8|g__Bacteroides.s__Bacteroides_vulgatus	45.4354993778	w
UniRef90_D4V870	45.2972774035	x
UniRef90_D4V870|g__Bacteroides.s__Bacteroides_vulgatus	45.2972774035	y
UniRef90_A0A076J355	44.9441774894	z
UniRef90_A0A076J355|g__Bacteroides.s__Bacteroides_vulgatus	44.9441774894	a
UniRef90_U6RCW1	44.8421563194	b
UniRef90_U6RCW1|g__Bacteroides.s__Bacteroides_vulgatus	44.8421563194	c
UniRef90_A0A174TGW6	44.768737471	d
UniRef90_A0A174TGW6|g__Bacteroides.s__Bacteroides_vulgatus	44.768737471	e
UniRef90_A0A076J0M1	44.7374226691	f
UniRef90_A0A076J0M1|g__Bacteroides.s__Bacteroides_vulgatus	44.7374226691	g
UniRef90_A0A396ESL5	44.2033201374	h
UniRef90_A0A396ESL5|g__Bacteroides.s__Bacteroides_vulgatus	44.2033201374	i
UniRef90_A0A0P0LPA8	44.0734507702	j
UniRef90_A0A0P0LPA8|g__Bacteroides.s__Bacteroides_vulgatus	44.0734507702	k
UniRef90_A0A076IWI5	44.037304831	l
UniRef90_A0A076IWI5|g__Bacteroides.s__Bacteroides_vulgatus	44.037304831	m
UniRef90_A0A069SHN4	43.8520339442	n
UniRef90_A0A069SHN4|g__Bacteroides.s__Bacteroides_vulgatus	43.8520339442	o
UniRef90_A6L7T5	43.6767048752	p
UniRef90_A6L7T5|g__Bacteroides.s__Bacteroides_vulgatus	43.6767048752	q
UniRef90_A0A078R0W0	43.4782608696	r
UniRef90_A0A078R0W0|g__Bacteroides.s__Bacteroides_vulgatus	43.4782608696	s
UniRef90_A0A076IQI3	43.4282350539	t
UniRef90_A0A076IQI3|g__Bacteroides.s__Bacteroides_vulgatus	43.4282350539	u
UniRef90_D1KAH7	43.2551046974	v
UniRef90_D1KAH7|g__Bacteroides.s__Bacteroides_vulgatus	43.2551046974	w
UniRef90_A6L330	43.057160535	x
UniRef90_A6L330|g__Bacteroides.s__Bacteroides_vulgatus	43.057160535	y
UniRef90_A0A174NQE1	43.0090924646	z
UniRef90_A0A174NQE1|g__Bacteroides.s__Bacteroides_vulgatus	43.0090924646	a
UniRef90_A0A395UIQ2	42.9758092666	b
UniRef90_A0A395UIQ2|g__Bacteroides.s__Bacteroides_vulgatus	42.9758092666	c
UniRef90_D4V3D2	42.7525196067	d
UniRef90_D4V3D2|g__Bacteroides.s__Bacteroides_vulgatus	42.7525196067	e
UniRef90_A6KXA6	42.4972880594	f
UniRef90_A6KXA6|g__Bacteroides.s__Bacteroides_vulgatus	42.4972880594	g
UniRef90_A0A1Q6HYS0	42.266290840800004	h
UniRef90_A0A1Q6HYS0|g__Bacteroides.s__Bacteroides_vulgatus	42.266290840800004	i
UniRef90_A6L5J0	42.1992574253	j
UniRef90_A6L5J0|g__Bacteroides.s__Bacteroides_vulgatus	42.1992574253	k
UniRef90_C3R9S9	42.0916024778	l
UniRef90_C3R9S9|g__Bacteroides.s__Bacteroides_vulgatus	42.0916024778	m
UniRef90_A0A0P0LH34	41.80351384	n
UniRef90_A0A0P0LH34|g__Bacteroides.s__Bacteroides_vulgatus	41.80351384	o
UniRef90_A0A076IYH9	41.691209892	p
UniRef90_A0A076IYH9|g__Bacteroides.s__Bacteroides_vulgatus	41.691209892	q
UniRef90_A0A076IND8	41.570967907000004	r
UniRef90_A0A076IND8|g__Bacteroides.s__Bacteroides_vulgatus	41.570967907000004	s
UniRef90_C3R8X7	41.3968636871	t
UniRef90_C3R8X7|g__Bacteroides.s__Bacteroides_vulgatus	41.3968636871	u
UniRef90_A6L391	41.2321579789	v
UniRef90_A6L391|g__Bacteroides.s__Bacteroides_vulgatus	41.2321579789	w
UniRef90_A0A174P1Q8	41.1573219751	x
UniRef90_A0A174P1Q8|g__Bacteroides.s__Bacteroides_vulgatus	41.1573219751	y
UniRef90_A6KXY5	41.1263843037	z
UniRef90_A6KXY5|g__Bacteroides.s__Bacteroides_vulgatus	41.1263843037	a
UniRef90_A0A1Y3ZE18	40.6904891737	b
UniRef90_A0A1Y3ZE18|g__Bacteroides.s__Bacteroides_vulgatus	40.6904891737	c
UniRef90_A0A174M183	40.6514305892	d
UniRef90_A0A174M183|g__Bacteroides.s__Bacteroides_vulgatus	40.6514305892	e
UniRef90_A0A396BH28	40.6075822849	f
UniRef90_A0A396BH28|g__Bacteroides.s__Bacteroides_vulgatus	40.6075822849	g
UniRef90_A0A0P0L8N9	40.5850711334	h
UniRef90_A0A0P0L8N9|g__Bacteroides.s__Bacteroides_vulgatus	40.5850711334	i
UniRef90_C3RE72	40.4920376861	j
UniRef90_C3RE72|g__Bacteroides.s__Bacteroides_vulgatus	40.4920376861	k
UniRef90_A0A3E5EDG4	40.4411866945	l
UniRef90_A0A3E5EDG4|g__Bacteroides.s__Bacteroides_vulgatus	40.4411866945	m
UniRef90_A0A076IYC1	40.4354283473	n
UniRef90_A0A076IYC1|g__Bacteroides.s__Bacteroides_vulgatus	40.4354283473	o
UniRef90_A6L1P5	40.2320307641	p
UniRef90_A6L1P5|g__Bacteroides.s__Bacteroides_vulgatus	40.2320307641	q
UniRef90_A0A081TW72	39.7024394015	r
UniRef90_A0A081TW72|g__Bacteroides.s__Bacteroides_vulgatus	39.7024394015	s
UniRef90_A6L1V8	39.6417698237	t
UniRef90_A6L1V8|g__Bacteroides.s__Bacteroides_vulgatus	39.6417698237	u
UniRef90_A0A076INP4	39.4820223554	v
UniRef90_A0A076INP4|g__Bacteroides.s__Bacteroides_vulgatus	39.4820223554	w
UniRef90_A6L089	39.3596570552	x
UniRef90_A6L089|g__Bacteroides.s__Bacteroides_vulgatus	39.3596570552	y
UniRef90_A0A0K2HHR9	39.3284265815	z
UniRef90_A0A0K2HHR9|g__Bacteroides.s__Bacteroides_vulgatus	39.3284265815	a
UniRef90_A0A015W6F0	39.1405512931	b
UniRef90_A0A015W6F0|g__Bacteroides.s__Bacteroides_vulgatus	39.1405512931	c
UniRef90_C3R9E8	39.0506831974	d
UniRef90_C3R9E8|g__Bacteroides.s__Bacteroides_vulgatus	39.0506831974	e
UniRef90_B6VSS7	38.9550767135	f
UniRef90_B6VSS7|g__Bacteroides.s__Bacteroides_vulgatus	38.9550767135	g
UniRef90_A6L1Z3	38.8959484704	h
UniRef90_A6L1Z3|g__Bacteroides.s__Bacteroides_vulgatus	38.8959484704	i
UniRef90_A6KZN7	38.5571318985	j
UniRef90_A6KZN7|g__Bacteroides.s__Bacteroides_vulgatus	38.5571318985	k
UniRef90_A0A0M1VY16	38.5329451192	l
UniRef90_A0A0M1VY16|g__Bacteroides.s__Bacteroides_vulgatus	38.5329451192	m
UniRef90_A0A015UTA3	38.5066619573	n
UniRef90_A0A015UTA3|g__Bacteroides.s__Bacteroides_vulgatus	38.5066619573	o
UniRef90_D4V881	38.5031511965	p
UniRef90_D4V881|g__Bacteroides.s__Bacteroides_vulgatus	38.5031511965	q
UniRef90_A0A396FHA9	38.4262513689	r
UniRef90_A0A396FHA9|g__Bacteroides.s__Bacteroides_vulgatus	38.4262513689	s
UniRef90_A6KZH6	38.314790703	t
UniRef90_A6KZH6|g__Bacteroides.s__Bacteroides_vulgatus	38.314790703	u
UniRef90_A0A1H7IQQ6	38.2564466391	v
UniRef90_A0A1H7IQQ6|g__Bacteroides.s__Bacteroides_vulgatus	38.2564466391	w
UniRef90_A0A076IZY4	38.1552058878	x
UniRef90_A0A076IZY4|g__Bacteroides.s__Bacteroides_vulgatus	38.1552058878	y
UniRef90_A0A076IXB1	38.0990848089	z
UniRef90_A0A076IXB1|g__Bacteroides.s__Bacteroides_vulgatus	38.0990848089	a
UniRef90_C3RDM7	37.7480343084	b
UniRef90_C3RDM7|g__Bacteroides.s__Bacteroides_vulgatus	37.7480343084	c
UniRef90_A0A1Q6IDM1	37.7266708557	d
UniRef90_A0A1Q6IDM1|g__Bacteroides.s__Bacteroides_vulgatus	37.7266708557	e
UniRef90_I8WIS4	37.6446726912	f
UniRef90_I8WIS4|g__Bacteroides.s__Bacteroides_vulgatus	37.6446726912	g
UniRef90_A0A396FBP9	37.5531621812	h
UniRef90_A0A396FBP9|g__Bacteroides.s__Bacteroides_vulgatus	37.5531621812	i
UniRef90_A0A076J096	37.5359296007	j
UniRef90_A0A076J096|g__Bacteroides.s__Bacteroides_vulgatus	37.5359296007	k
UniRef90_R5VS54	37.4067125926	l
UniRef90_R5VS54|g__Bacteroides.s__Bacteroides_vulgatus	37.4067125926	m
UniRef90_A0A3D9A664	37.3372403826	n
UniRef90_A0A3D9A664|g__Bacteroides.s__Bacteroides_vulgatus	37.3372403826	o
UniRef90_E5X3T8	37.2036874451	p
UniRef90_E5X3T8|g__Bacteroides.s__Bacteroides_vulgatus	37.2036874451	q
UniRef90_A6KXF7	37.1208862221	r
UniRef90_A6KXF7|g__Bacteroides.s__Bacteroides_vulgatus	37.1208862221	s
UniRef90_A0A076J5B8	37.1119834101	t
UniRef90_A0A076J5B8|g__Bacteroides.s__Bacteroides_vulgatus	37.1119834101	u
UniRef90_A6KWM1	37.0466200469	v
UniRef90_A6KWM1|g__Bacteroides.s__Bacteroides_vulgatus	37.0466200469	w
UniRef90_F7LTM1	36.870139744	x
UniRef90_F7LTM1|g__Bacteroides.s__Bacteroides_vulgatus	36.870139744	y
UniRef90_S0F674	36.7305283506	z
UniRef90_S0F674|g__Bacteroides.s__Bacteroides_vulgatus	36.7305283506	a
UniRef90_A0A0P0M6J9	36.4869382684	b
UniRef90_A0A0P0M6J9|g__Bacteroides.s__Bacteroides_vulgatus	36.4869382684	c
UniRef90_A0A076INF6	36.45873116	d
UniRef90_A0A076INF6|g__Bacteroides.s__Bacteroides_vulgatus	36.45873116	e
UniRef90_A0A076IW30	36.0936926108	f
UniRef90_A0A076IW30|g__Bacteroides.s__Bacteroides_vulgatus	36.0936926108	g
UniRef90_A0A0K2HFA0	35.7330721275	h
UniRef90_A0A0K2HFA0|g__Bacteroides.s__Bacteroides_vulgatus	35.7330721275	i
UniRef90_A0A0N7J703	35.7329289878	j
UniRef90_A0A0N7J703|g__Bacteroides.s__Bacteroides_vulgatus	35.7329289878	k
UniRef90_A0A076J4I6	35.7058425562	l
UniRef90_A0A076J4I6|g__Bacteroides.s__Bacteroides_vulgatus	35.7058425562	m
UniRef90_A0A1Q6IDU2	35.5016076672	n
UniRef90_A0A1Q6IDU2|g__Bacteroides.s__Bacteroides_vulgatus	35.5016076672	o
UniRef90_A0A3E4PLD2	35.4775574113	p
UniRef90_A0A3E4PLD2|g__Bacteroides.s__Bacteroides_vulgatus	35.4775574113	q
UniRef90_B6VTD9	35.3876182978	r
UniRef90_B6VTD9|g__Bacteroides.s__Bacteroides_vulgatus	35.3876182978	s
UniRef90_A0A0P0LP45	35.3320496171	t
UniRef90_A0A0P0LP45|g__Bacteroides.s__Bacteroides_vulgatus	35.3320496171	u
UniRef90_I8WCZ9	35.2627104895	v
UniRef90_I8WCZ9|g__Bacteroides.s__Bacteroides_vulgatus	35.2627104895	w
UniRef90_A0A076J2S9	35.1928387399	x
UniRef90_A0A076J2S9|g__Bacteroides.s__Bacteroides_vulgatus	35.1928387399	y
UniRef90_A0A076ITA9	35.1153459997	z
UniRef90_A0A076ITA9|g__Bacteroides.s__Bacteroides_vulgatus	35.1153459997	a
UniRef90_A0A0P0M3N9	35.0251781171	b
UniRef90_A0A0P0M3N9|g__Bacteroides.s__Bacteroides_vulgatus	35.0251781171	c
UniRef90_R6J7M6	34.9955230409	d
UniRef90_R6J7M6|g__Bacteroides.s__Bacteroides_vulgatus	34.9955230409	e
UniRef90_A0A174U119	34.9649667033	f
UniRef90_A0A174U119|g__Bacteroides.s__Bacteroides_vulgatus	34.9649667033	g
UniRef90_A0A0P0M5G4	34.9156469462	h
UniRef90_A0A0P0M5G4|g__Bacteroides.s__Bacteroides_vulgatus	34.9156469462	i
UniRef90_A0A076INP0	34.8805990963	j
UniRef90_A0A076INP0|g__Bacteroides.s__Bacteroides_vulgatus	34.8805990963	k
UniRef90_D4IN85	34.8521259993	l
UniRef90_D4IN85|g__Bacteroides.s__Bacteroides_vulgatus	34.8521259993	m
UniRef90_A0A174AYT0	34.662215763	n
UniRef90_A0A174AYT0|g__Bacteroides.s__Bacteroides_vulgatus	34.662215763	o
UniRef90_A0A076ISS3	34.6331532249	p
UniRef90_A0A076ISS3|g__Bacteroides.s__Bacteroides_vulgatus	34.6331532249	q
UniRef90_A7V7C4	34.6164375289	r
UniRef90_A7V7C4|g__Bacteroides.s__Bacteroides_vulgatus	34.6164375289	s
UniRef90_B3JFM7	34.5806776548	t
UniRef90_B3JFM7|g__Bacteroides.s__Bacteroides_vulgatus	34.5806776548	u
UniRef90_A0A0M1W407	34.5433779261	v
UniRef90_A0A0M1W407|g__Bacteroides.s__Bacteroides_vulgatus	34.5433779261	w
UniRef90_A0A174MM23	34.4999281907	x
UniRef90_A0A174MM23|g__Bacteroides.s__Bacteroides_vulgatus	34.4999281907	y
UniRef90_A0A0P0LHW5	34.2252158251	z
UniRef90_A0A0P0LHW5|g__Bacteroides.s__Bacteroides_vulgatus	34.2252158251	a
UniRef90_A0A396FE59	34.2099308483	b
UniRef90_A0A396FE59|g__Bacteroides.s__Bacteroides_vulgatus	34.2099308483	c
UniRef90_A0A0P0LIZ0	34.1564499605	d
UniRef90_A0A0P0LIZ0|g__Bacteroides.s__Bacteroides_vulgatus	34.1564499605	e
UniRef90_A0A0M1W6F3	34.1483109124	f
UniRef90_A0A0M1W6F3|g__Bacteroides.s__Bacteroides_vulgatus	34.1483109124	g
UniRef90_E5UND7	33.9688035658	h
UniRef90_E5UND7|g__Bacteroides.s__Bacteroides_vulgatus	33.9688035658	i
UniRef90_A0A016FI57	33.9364421103	j
UniRef90_A0A016FI57|g__Bacteroides.s__Bacteroides_vulgatus	33.9364421103	k
UniRef90_R6ZMG2	33.8915288336	l
UniRef90_R6ZMG2|g__Bacteroides.s__Bacteroides_vulgatus	33.8915288336	m
UniRef90_A0A396F2S3	33.7315210571	n
UniRef90_A0A396F2S3|g__Bacteroides.s__Bacteroides_vulgatus	33.7315210571	o
UniRef90_C3R9T7	33.6069840645	p
UniRef90_C3R9T7|g__Bacteroides.s__Bacteroides_vulgatus	33.6069840645	q
UniRef90_A0A076ITT2	33.5600580038	r
UniRef90_A0A076ITT2|g__Bacteroides.s__Bacteroides_vulgatus	33.5600580038	s
UniRef90_B6VVN3	33.5356967472	t
UniRef90_B6VVN3|g__Bacteroides.s__Bacteroides_vulgatus	33.5356967472	u
UniRef90_A0A1Q6IXI0	33.3619180074	v
UniRef90_A0A1Q6IXI0|g__Bacteroides.s__Bacteroides_vulgatus	33.3619180074	w
UniRef90_A0A1Q6I8J8	33.2873586057	x
UniRef90_A0A1Q6I8J8|g__Bacteroides.s__Bacteroides_vulgatus	33.2873586057	y
UniRef90_A0A3E5E638	33.1845910372	z
UniRef90_A0A3E5E638|g__Bacteroides.s__Bacteroides_vulgatus	33.1845910372	a
UniRef90_A0A0M1W292	33.142079203	b
UniRef90_A0A0M1W292|g__Bacteroides.s__Bacteroides_vulgatus	33.142079203	c
UniRef90_F9ZCR2	32.8265924851	d
UniRef90_F9ZCR2|g__Bacteroides.s__Bacteroides_vulgatus	32.8265924851	e
UniRef90_A0A076J8H6	32.7175010388	f
UniRef90_A0A076J8H6|g__Bacteroides.s__Bacteroides_vulgatus	32.7175010388	g
UniRef90_B6VXC1	32.6762158839	h
UniRef90_B6VXC1|g__Bacteroides.s__Bacteroides_vulgatus	32.6762158839	i
UniRef90_U6RJ00	32.5881977855	j
UniRef90_U6RJ00|g__Bacteroides.s__Bacteroides_vulgatus	32.5881977855	k
UniRef90_A0A397WJL1	32.4925558949	l
UniRef90_A0A397WJL1|g__Bacteroides.s__Bacteroides_vulgatus	32.4925558949	m
UniRef90_B6W141	32.4731150059	n
UniRef90_B6W141|g__Bacteroides.s__Bacteroides_vulgatus	32.4731150059	o
UniRef90_A0A174ULH9	32.4268989791	p
UniRef90_A0A174ULH9|g__Bacteroides.s__Bacteroides_vulgatus	32.4268989791	q
UniRef90_A0A1Q6JRH3	32.3966293108	r
UniRef90_A0A1Q6JRH3|g__Bacteroides.s__Bacteroides_vulgatus	32.3966293108	s
UniRef90_A0A380ZM27	32.3483578	t
UniRef90_A0A380ZM27|g__Bacteroides.s__Bacteroides_vulgatus	32.3483578	u
UniRef90_R6JK25	32.3481840406	v
UniRef90_R6JK25|g__Bacteroides.s__Bacteroides_vulgatus	32.3481840406	w
UniRef90_A0A0K2HEM0	32.2217542815	x
UniRef90_A0A0K2HEM0|g__Bacteroides.s__Bacteroides_vulgatus	32.2217542815	y
UniRef90_A0A395VSA3	32.0550128444	z
UniRef90_A0A395VSA3|g__Bacteroides.s__Bacteroides_vulgatus	32.0550128444	a
UniRef90_R5W221	32.0218624247	b
UniRef90_R5W221|g__Bacteroides.s__Bacteroides_vulgatus	32.0218624247	c
UniRef90_A0A076J4H3	31.753119072	d
UniRef90_A0A076J4H3|g__Bacteroides.s__Bacteroides_vulgatus	31.753119072	e
UniRef90_I9UBD0	31.724402502	f
UniRef90_I9UBD0|g__Bacteroides.s__Bacteroides_vulgatus	31.724402502	g
UniRef90_A0A076J8B0	31.6560355617	h
UniRef90_A0A076J8B0|g__Bacteroides.s__Bacteroides_vulgatus	31.6560355617	i
UniRef90_A0A078QNU1	31.5997990457	j
UniRef90_A0A078QNU1|g__Bacteroides.s__Bacteroides_vulgatus	31.5997990457	k
UniRef90_A0A076IHG6	31.5967510956	l
UniRef90_A0A076IHG6|g__Bacteroides.s__Bacteroides_vulgatus	31.5967510956	m
UniRef90_B6W235	31.545845541	n
UniRef90_B6W235|g__Bacteroides.s__Bacteroides_vulgatus	31.545845541	o
UniRef90_U6RGT5	31.5160400744	p
UniRef90_U6RGT5|g__Bacteroides.s__Bacteroides_vulgatus	31.5160400744	q
UniRef90_A0A076ISC1	31.4285575227	r
UniRef90_A0A076ISC1|g__Bacteroides.s__Bacteroides_vulgatus	31.4285575227	s
UniRef90_A6L3K7	31.3723201561	t
UniRef90_A6L3K7|g__Bacteroides.s__Bacteroides_vulgatus	31.3723201561	u
UniRef90_A0A174RVK1	31.3696241409	v
UniRef90_A0A174RVK1|g__Bacteroides.s__Bacteroides_vulgatus	31.3696241409	w
UniRef90_C3R6I8	31.3212748262	x
UniRef90_C3R6I8|g__Bacteroides.s__Bacteroides_vulgatus	31.3212748262	y
UniRef90_A6KZA8	31.3160296102	z
UniRef90_A6KZA8|g__Bacteroides.s__Bacteroides_vulgatus	31.3160296102	a
UniRef90_E4MEM1	31.2725659103	b
UniRef90_E4MEM1|g__Bacteroides.s__Bacteroides_vulgatus	31.2725659103	c
UniRef90_A0A174Q5I4	31.2524870322	d
UniRef90_A0A174Q5I4|g__Bacteroides.s__Bacteroides_vulgatus	31.2524870322	e
UniRef90_A0A076IUQ4	31.2252886905	f
UniRef90_A0A076IUQ4|g__Bacteroides.s__Bacteroides_vulgatus	31.2252886905	g
UniRef90_A0A0P0M688	31.0919119164	h
UniRef90_A0A0P0M688|g__Bacteroides.s__Bacteroides_vulgatus	31.0919119164	i
UniRef90_A0A076J5J6	30.902801759	j
UniRef90_A0A076J5J6|g__Bacteroides.s__Bacteroides_vulgatus	30.902801759	k
UniRef90_A6KWM0	30.8860029046	l
UniRef90_A6KWM0|g__Bacteroides.s__Bacteroides_vulgatus	30.8860029046	m
UniRef90_A0A076J443	30.85660715	n
UniRef90_A0A076J443|g__Bacteroides.s__Bacteroides_vulgatus	30.85660715	o
UniRef90_A0A0P0M0T3	30.8243875939	p
UniRef90_A0A0P0M0T3|g__Bacteroides.s__Bacteroides_vulgatus	30.8243875939	q
UniRef90_I9RAR8	30.7456181657	r
UniRef90_I9RAR8|g__Bacteroides.s__Bacteroides_vulgatus	30.7456181657	s
UniRef90_C6IUI6	30.7407705196	t
UniRef90_C6IUI6|g__Bacteroides.s__Bacteroides_vulgatus	30.7407705196	u
UniRef90_A0A396AT78	30.7119515498	v
UniRef90_A0A396AT78|g__Bacteroides.s__Bacteroides_vulgatus	30.7119515498	w
UniRef90_A0A076IUD6	30.7055901931	x
UniRef90_A0A076IUD6|g__Bacteroides.s__Bacteroides_vulgatus	30.7055901931	y
UniRef90_C3QQU0	30.6707643977	z
UniRef90_C3QQU0|g__Bacteroides.s__Bacteroides_vulgatus	30.6707643977	a
UniRef90_A0A0M1VZB7	30.6388436127	b
UniRef90_A0A0M1VZB7|g__Bacteroides.s__Bacteroides_vulgatus	30.6388436127	c
UniRef90_A0A396E3S1	30.612244898	d
UniRef90_A0A396E3S1|g__Bacteroides.s__Bacteroides_vulgatus	30.612244898	e
UniRef90_A0A076IHJ6	30.5291302291	f
UniRef90_A0A076IHJ6|g__Bacteroides.s__Bacteroides_vulgatus	30.5291302291	g
UniRef90_A6L175	30.5244450278	h
UniRef90_A6L175|g__Bacteroides.s__Bacteroides_vulgatus	30.5244450278	i
UniRef90_B6VZX1	30.5125124544	j
UniRef90_B6VZX1|g__Bacteroides.s__Bacteroides_vulgatus	30.5125124544	k
UniRef90_A0A0P0M5Q5	30.4750261398	l
UniRef90_A0A0P0M5Q5|g__Bacteroides.s__Bacteroides_vulgatus	30.4750261398	m
UniRef90_A0A076JA16	30.474003478	n
UniRef90_A0A076JA16|g__Bacteroides.s__Bacteroides_vulgatus	30.474003478	o
UniRef90_A0A076J0R6	30.2958628737	p
UniRef90_A0A076J0R6|g__Bacteroides.s__Bacteroides_vulgatus	30.2958628737	q
UniRef90_A0A1Y3ZLJ2	30.2339853136	r
UniRef90_A0A1Y3ZLJ2|g__Bacteroides.s__Bacteroides_vulgatus	30.2339853136	s
UniRef90_R9HPY0	30.2266398281	t
UniRef90_R9HPY0|g__Bacteroides.s__Bacteroides_vulgatus	30.2266398281	u
UniRef90_A0A076IL10	30.1218434791	v
UniRef90_A0A076IL10|g__Bacteroides.s__Bacteroides_vulgatus	30.1218434791	w
UniRef90_A6L169	30.100800353	x
UniRef90_A6L169|g__Bacteroides.s__Bacteroides_vulgatus	30.100800353	y
UniRef90_A0A076ILZ8	30.0773639055	z
UniRef90_A0A076ILZ8|g__Bacteroides.s__Bacteroides_vulgatus	30.0773639055	a
UniRef90_A0A395UR53	29.9243271294	b
UniRef90_A0A395UR53|g__Bacteroides.s__Bacteroides_vulgatus	29.9243271294	c
UniRef90_B0NQJ5	29.817762094	d
UniRef90_B0NQJ5|g__Bacteroides.s__Bacteroides_vulgatus	29.817762094	e
UniRef90_A0A076J0W8	29.6818553648	f
UniRef90_A0A076J0W8|g__Bacteroides.s__Bacteroides_vulgatus	29.6818553648	g
UniRef90_B4UUJ6	29.6586150294	h
UniRef90_B4UUJ6|g__Bacteroides.s__Bacteroides_vulgatus	29.6586150294	i
UniRef90_A0A174QEA0	29.5065927803	j
UniRef90_A0A174QEA0|g__Bacteroides.s__Bacteroides_vulgatus	29.5065927803	k
UniRef90_A0A076IKY2	29.459720354	l
UniRef90_A0A076IKY2|g__Bacteroides.s__Bacteroides_vulgatus	29.459720354	m
UniRef90_A0A076IY52	29.3808180425	n
UniRef90_A0A076IY52|g__Bacteroides.s__Bacteroides_vulgatus	29.3808180425	o
UniRef90_K6A8K3	29.3686895466	p
UniRef90_K6A8K3|g__Bacteroides.s__Bacteroides_vulgatus	29.3686895466	q
UniRef90_I9FHZ1	29.3279497126	r
UniRef90_I9FHZ1|g__Bacteroides.s__Bacteroides_vulgatus	29.3279497126	s
UniRef90_A6L4M4	29.3139030772	t
UniRef90_A6L4M4|g__Bacteroides.s__Bacteroides_vulgatus	29.3139030772	u
UniRef90_E5UY21	29.1892660182	v
UniRef90_E5UY21|g__Bacteroides.s__Bacteroides_vulgatus	29.1892660182	w
UniRef90_A0A174G697	29.1365188223	x
UniRef90_A0A174G697|g__Bacteroides.s__Bacteroides_vulgatus	29.1365188223	y
UniRef90_A0A076ISJ7	29.1185132714	z
UniRef90_A0A076ISJ7|g__Bacteroides.s__Bacteroides_vulgatus	29.1185132714	a
UniRef90_I8W766	29.1141942399	b
UniRef90_I8W766|g__Bacteroides.s__Bacteroides_vulgatus	29.1141942399	c
UniRef90_U6RGU2	29.0752359315	d
UniRef90_U6RGU2|g__Bacteroides.s__Bacteroides_vulgatus	29.0752359315	e
UniRef90_A0A076IRR2	29.0244490486	f
UniRef90_A0A076IRR2|g__Bacteroides.s__Bacteroides_vulgatus	29.0244490486	g
UniRef90_A6KZV1	29.0193475439	h
UniRef90_A6KZV1|g__Bacteroides.s__Bacteroides_vulgatus	29.0193475439	i
UniRef90_A0A076J1K6	29.0156138344	j
UniRef90_A0A076J1K6|g__Bacteroides.s__Bacteroides_vulgatus	29.0156138344	k
UniRef90_A0A174FKR7	28.9448393016	l
UniRef90_A0A174FKR7|g__Bacteroides.s__Bacteroides_vulgatus	28.9448393016	m
UniRef90_A0A174L7W1	28.7666217012	n
UniRef90_A0A174L7W1|g__Bacteroides.s__Bacteroides_vulgatus	28.7666217012	o
UniRef90_B5CTJ4	28.7263810943	p
UniRef90_B5CTJ4|g__Bacteroides.s__Bacteroides_vulgatus	28.7263810943	q
UniRef90_A0A076IY28	28.5910660475	r
UniRef90_A0A076IY28|g__Bacteroides.s__Bacteroides_vulgatus	28.5910660475	s
UniRef90_A0A0P0M3X7	28.5457973841	t
UniRef90_A0A0P0M3X7|g__Bacteroides.s__Bacteroides_vulgatus	28.5457973841	u
UniRef90_A0A069SE00	28.4884679479	v
UniRef90_A0A069SE00|g__Bacteroides.s__Bacteroides_vulgatus	28.4884679479	w
UniRef90_A6KWQ7	28.4856273273	x
UniRef90_A6KWQ7|g__Bacteroides.s__Bacteroides_vulgatus	28.4856273273	y
UniRef90_C3R8W1	28.4318962361	z
UniRef90_C3R8W1|g__Bacteroides.s__Bacteroides_vulgatus	28.4318962361	a
UniRef90_A6L198	28.4210699205	b
UniRef90_A6L198|g__Bacteroides.s__Bacteroides_vulgatus	28.4210699205	c
UniRef90_A0A076J7U9	28.3932306416	d
UniRef90_A0A076J7U9|g__Bacteroides.s__Bacteroides_vulgatus	28.3932306416	e
UniRef90_A0A397WMH6	28.3792811248	f
UniRef90_A0A397WMH6|g__Bacteroides.s__Bacteroides_vulgatus	28.3792811248	g
UniRef90_A0A076ITU8	28.3650306239	h
UniRef90_A0A076ITU8|g__Bacteroides.s__Bacteroides_vulgatus	28.3650306239	i
UniRef90_A0A0P0M534	28.352266612	j
UniRef90_A0A0P0M534|g__Bacteroides.s__Bacteroides_vulgatus	28.352266612	k
UniRef90_D4IN49	28.3131490316	l
UniRef90_D4IN49|g__Bacteroides.s__Bacteroides_vulgatus	28.3131490316	m
UniRef90_A6KZK0	28.1061820646	n
UniRef90_A6KZK0|g__Bacteroides.s__Bacteroides_vulgatus	28.1061820646	o
UniRef90_D1K1G9	28.0382784085	p
UniRef90_D1K1G9|g__Bacteroides.s__Bacteroides_vulgatus	28.0382784085	q
UniRef90_A6L078	27.9720725871	r
UniRef90_A6L078|g__Bacteroides.s__Bacteroides_vulgatus	27.9720725871	s
UniRef90_R5K610	27.9643076674	t
UniRef90_R5K610|g__Bacteroides.s__Bacteroides_vulgatus	27.9643076674	u
UniRef90_R6CPE5	27.9609778866	v
UniRef90_R6CPE5|g__Bacteroides.s__Bacteroides_vulgatus	27.9609778866	w
UniRef90_A6L1Z2	27.9345198528	x
UniRef90_A6L1Z2|g__Bacteroides.s__Bacteroides_vulgatus	27.9345198528	y
UniRef90_A0A395UQZ5	27.8965876836	z
UniRef90_A0A395UQZ5|g__Bacteroides.s__Bacteroides_vulgatus	27.8965876836	a
UniRef90_S0F6E1	27.7817166319	b
UniRef90_S0F6E1|g__Bacteroides.s__Bacteroides_vulgatus	27.7817166319	c
UniRef90_A0A078SUV6	27.7777777778	d
UniRef90_A0A078SUV6|g__Bacteroides.s__Bacteroides_vulgatus	27.7777777778	e
UniRef90_A6L171	27.7347265395	f
UniRef90_A6L171|g__Bacteroides.s__Bacteroides_vulgatus	27.7347265395	g
UniRef90_I8VLN7	27.546128798	h
UniRef90_I8VLN7|g__Bacteroides.s__Bacteroides_vulgatus	27.546128798	i
UniRef90_I8Z1J8	27.4925381813	j
UniRef90_I8Z1J8|g__Bacteroides.s__Bacteroides_vulgatus	27.4925381813	k
UniRef90_D4V9H7	27.4562691698	l
UniRef90_D4V9H7|g__Bacteroides.s__Bacteroides_vulgatus	27.4562691698	m
UniRef90_A0A076J277	27.4177471439	n
UniRef90_A0A076J277|g__Bacteroides.s__Bacteroides_vulgatus	27.4177471439	o
UniRef90_A0A0P0LMJ9	27.383464632	p
UniRef90_A0A0P0LMJ9|g__Bacteroides.s__Bacteroides_vulgatus	27.383464632	q
UniRef90_A0A0P0LCP3	27.3029088371	r
UniRef90_A0A0P0LCP3|g__Bacteroides.s__Bacteroides_vulgatus	27.3029088371	s
UniRef90_A0A396F406	27.2485075767	t
UniRef90_A0A396F406|g__Bacteroides.s__Bacteroides_vulgatus	27.2485075767	u
UniRef90_A0A076ILU1	27.2111514216	v
UniRef90_A0A076ILU1|g__Bacteroides.s__Bacteroides_vulgatus	27.2111514216	w
UniRef90_A0A0P0LCQ4	27.0961796177	x
UniRef90_A0A0P0LCQ4|g__Bacteroides.s__Bacteroides_vulgatus	27.0961796177	y
UniRef90_A0A076IWQ2	27.0417873687	z
UniRef90_A0A076IWQ2|g__Bacteroides.s__Bacteroides_vulgatus	27.0417873687	a
UniRef90_A0A0N7J704	26.9266695938	b
UniRef90_A0A0N7J704|g__Bacteroides.s__Bacteroides_vulgatus	26.9266695938	c
UniRef90_D4VC73	26.8733178663	d
UniRef90_D4VC73|g__Bacteroides.s__Bacteroides_vulgatus	26.8733178663	e
UniRef90_A0A3E4JRG9	26.7427879225	f
UniRef90_A0A3E4JRG9|g__Bacteroides.s__Bacteroides_vulgatus	26.7427879225	g
UniRef90_A0A0P0M0U6	26.6963952332	h
UniRef90_A0A0P0M0U6|g__Bacteroides.s__Bacteroides_vulgatus	26.6963952332	i
UniRef90_A6KZZ5	26.6950344598	j
UniRef90_A6KZZ5|g__Bacteroides.s__Bacteroides_vulgatus	26.6950344598	k
UniRef90_F7LTK8	26.6426583657	l
UniRef90_F7LTK8|g__Bacteroides.s__Bacteroides_vulgatus	26.6426583657	m
UniRef90_A0A174G281	26.6330480627	n
UniRef90_A0A174G281|g__Bacteroides.s__Bacteroides_vulgatus	26.6330480627	o
UniRef90_A0A0M1VZG1	26.4339129277	p
UniRef90_A0A0M1VZG1|g__Bacteroides.s__Bacteroides_vulgatus	26.4339129277	q
UniRef90_A0A381D8P7	26.3947672182	r
UniRef90_A0A381D8P7|g__Bacteroides.s__Bacteroides_vulgatus	26.3947672182	s
UniRef90_A0A0K2HHQ5	26.3600927031	t
UniRef90_A0A0K2HHQ5|g__Bacteroides.s__Bacteroides_vulgatus	26.3600927031	u
UniRef90_I9R4C5	26.3244067887	v
UniRef90_I9R4C5|g__Bacteroides.s__Bacteroides_vulgatus	26.3244067887	w
UniRef90_A0A174JI66	26.2399920931	x
UniRef90_A0A174JI66|g__Bacteroides.s__Bacteroides_vulgatus	26.2399920931	y
UniRef90_A0A3E5DLS5	26.1931657201	z
UniRef90_A0A3E5DLS5|g__Bacteroides.s__Bacteroides_vulgatus	26.1931657201	a
UniRef90_A0A0P0M580	26.1621891263	b
UniRef90_A0A0P0M580|g__Bacteroides.s__Bacteroides_vulgatus	26.1621891263	c
UniRef90_B6VVT2	26.1527580213	d
UniRef90_B6VVT2|g__Bacteroides.s__Bacteroides_vulgatus	26.1527580213	e
UniRef90_A0A076IZX2	26.1219442597	f
UniRef90_A0A076IZX2|g__Bacteroides.s__Bacteroides_vulgatus	26.1219442597	g
UniRef90_A0A076IQC5	26.0787706488	h
UniRef90_A0A076IQC5|g__Bacteroides.s__Bacteroides_vulgatus	26.0787706488	i
UniRef90_A0A174W8K2	26.056034102	j
UniRef90_A0A174W8K2|g__Bacteroides.s__Bacteroides_vulgatus	26.056034102	k
UniRef90_A0A127SQY3	26.0559667024	l
UniRef90_A0A127SQY3|g__Bacteroides.s__Bacteroides_vulgatus	26.0559667024	m
UniRef90_Q8A6P8	25.9556369254	n
UniRef90_Q8A6P8|g__Bacteroides.s__Bacteroides_vulgatus	25.9556369254	o
UniRef90_A0A0P0EVZ2	25.9287803271	p
UniRef90_A0A0P0EVZ2|g__Bacteroides.s__Bacteroides_vulgatus	25.9287803271	q
UniRef90_A0A0P0L2N8	25.9252560222	r
UniRef90_A0A0P0L2N8|g__Bacteroides.s__Bacteroides_vulgatus	25.9252560222	s
UniRef90_A0A076IRW6	25.9196944805	t
UniRef90_A0A076IRW6|g__Bacteroides.s__Bacteroides_vulgatus	25.9196944805	u
UniRef90_A0A0P0M3Q6	25.873056453	v
UniRef90_A0A0P0M3Q6|g__Bacteroides.s__Bacteroides_vulgatus	25.873056453	w
UniRef90_A6L5E7	25.8472534243	x
UniRef90_A6L5E7|g__Bacteroides.s__Bacteroides_vulgatus	25.8472534243	y
UniRef90_I9EZE0	25.8140849303	z
UniRef90_I9EZE0|g__Bacteroides.s__Bacteroides_vulgatus	25.8140849303	a
UniRef90_D7IKE4	25.7731958763	b
UniRef90_D7IKE4|g__Bacteroides.s__Bacteroides_vulgatus	25.7731958763	c
UniRef90_A0A396ATB7	25.7680732202	d
UniRef90_A0A396ATB7|g__Bacteroides.s__Bacteroides_vulgatus	25.7680732202	e
UniRef90_A0A174LZ35	25.7540373983	f
UniRef90_A0A174LZ35|g__Bacteroides.s__Bacteroides_vulgatus	25.7540373983	g
UniRef90_C3RFL6	25.5531266002	h
UniRef90_C3RFL6|g__Bacteroides.s__Bacteroides_vulgatus	25.5531266002	i
UniRef90_A0A174SEK7	25.5466238676	j
UniRef90_A0A174SEK7|g__Bacteroides.s__Bacteroides_vulgatus	25.5466238676	k
UniRef90_A0A174QBD4	25.4855231993	l
UniRef90_A0A174QBD4|g__Bacteroides.s__Bacteroides_vulgatus	25.4855231993	m
UniRef90_A0A0P0M4T8	25.41260266	n
UniRef90_A0A0P0M4T8|g__Bacteroides.s__Bacteroides_vulgatus	25.41260266	o
UniRef90_A0A076J0X0	25.3874704771	p
UniRef90_A0A076J0X0|g__Bacteroides.s__Bacteroides_vulgatus	25.3874704771	q
UniRef90_A6KWS3	25.3825202716	r
UniRef90_A6KWS3|g__Bacteroides.s__Bacteroides_vulgatus	25.3825202716	s
UniRef90_A6L6H7	25.2898418978	t
UniRef90_A6L6H7|g__Bacteroides.s__Bacteroides_vulgatus	25.2898418978	u
UniRef90_A0A380ZP89	25.2157236226	v
UniRef90_A0A380ZP89|g__Bacteroides.s__Bacteroides_vulgatus	25.2157236226	w
UniRef90_A0A076IXV9	25.2058945405	x
UniRef90_A0A076IXV9|g__Bacteroides.s__Bacteroides_vulgatus	25.2058945405	y
UniRef90_A0A076JAM2	25.1780888201	z
UniRef90_A0A076JAM2|g__Bacteroides.s__Bacteroides_vulgatus	25.1780888201	a
UniRef90_C3R7A7	25.1101356972	b
UniRef90_C3R7A7|g__Bacteroides.s__Bacteroides_vulgatus	25.1101356972	c
UniRef90_A0A0P0LDE8	25.0603799508	d
UniRef90_A0A0P0LDE8|g__Bacteroides.s__Bacteroides_vulgatus	25.0603799508	e
UniRef90_A0A396B2Z4	25.0500489627	f
UniRef90_A0A396B2Z4|g__Bacteroides.s__Bacteroides_vulgatus	25.0500489627	g
UniRef90_I8WFL2	25.0496633514	h
UniRef90_I8WFL2|g__Bacteroides.s__Bacteroides_vulgatus	25.0496633514	i
UniRef90_A0A076IQU9	25.0086254573	j
UniRef90_A0A076IQU9|g__Bacteroides.s__Bacteroides_vulgatus	25.0086254573	k
UniRef90_C6YZH3	25.0065100289	l
UniRef90_C6YZH3|g__Bacteroides.s__Bacteroides_vulgatus	25.0065100289	m
UniRef90_D1JXS4	24.9402810602	n
UniRef90_D1JXS4|g__Bacteroides.s__Bacteroides_vulgatus	24.9402810602	o
UniRef90_A0A174S849	24.9351442001	p
UniRef90_A0A174S849|g__Bacteroides.s__Bacteroides_vulgatus	24.9351442001	q
UniRef90_A0A076J6G0	24.9288409694	r
UniRef90_A0A076J6G0|g__Bacteroides.s__Bacteroides_vulgatus	24.9288409694	s
UniRef90_F0R8V1	24.8913862659	t
UniRef90_F0R8V1|g__Bacteroides.s__Bacteroides_vulgatus	24.8913862659	u
UniRef90_A0A3E4G680	24.8063798788	v
UniRef90_A0A3E4G680|g__Bacteroides.s__Bacteroides_vulgatus	24.8063798788	w
UniRef90_A0A173XN64	24.657565341	x
UniRef90_A0A173XN64|g__Bacteroides.s__Bacteroides_vulgatus	24.657565341	y
UniRef90_A0A174MX71	24.6392490447	z
UniRef90_A0A174MX71|g__Bacteroides.s__Bacteroides_vulgatus	24.6392490447	a
UniRef90_A0A1Q6JPX4	24.6011483383	b
UniRef90_A0A1Q6JPX4|g__Bacteroides.s__Bacteroides_vulgatus	24.6011483383	c
UniRef90_A6KZJ9	24.4308722387	d
UniRef90_A6KZJ9|g__Bacteroides.s__Bacteroides_vulgatus	24.4308722387	e
UniRef90_A6L7Q8	24.4252848173	f
UniRef90_A6L7Q8|g__Bacteroides.s__Bacteroides_vulgatus	24.4252848173	g
UniRef90_U6REW2	24.413155123	h
UniRef90_U6REW2|g__Bacteroides.s__Bacteroides_vulgatus	24.413155123	i
UniRef90_I0PXX6	24.3902439024	j
UniRef90_I0PXX6|g__Bacteroides.s__Bacteroides_vulgatus	24.3902439024	k
UniRef90_A0A0P0L9Z5	24.3319292796	l
UniRef90_A0A0P0L9Z5|g__Bacteroides.s__Bacteroides_vulgatus	24.3319292796	m
UniRef90_A0A174N2M4	24.3105534113	n
UniRef90_A0A174N2M4|g__Bacteroides.s__Bacteroides_vulgatus	24.3105534113	o
UniRef90_A0A397WGQ8	24.2557098058	p
UniRef90_A0A397WGQ8|g__Bacteroides.s__Bacteroides_vulgatus	24.2557098058	q
UniRef90_A0A076J819	24.2530125364	r
UniRef90_A0A076J819|g__Bacteroides.s__Bacteroides_vulgatus	24.2530125364	s
UniRef90_L1PB72	24.2440951384	t
UniRef90_L1PB72|g__Bacteroides.s__Bacteroides_vulgatus	24.2440951384	u
UniRef90_R7P1E3	24.2304263973	v
UniRef90_R7P1E3|g__Bacteroides.s__Bacteroides_vulgatus	24.2304263973	w
UniRef90_A0A0M1W865	24.1639677406	x
UniRef90_A0A0M1W865|g__Bacteroides.s__Bacteroides_vulgatus	24.1639677406	y
UniRef90_A0A076ILN2	24.1405789023	z
UniRef90_A0A076ILN2|g__Bacteroides.s__Bacteroides_vulgatus	24.1405789023	a
UniRef90_A0A0F5JSQ2	24.1364395945	b
UniRef90_A0A0F5JSQ2|g__Bacteroides.s__Bacteroides_vulgatus	24.1364395945	c
UniRef90_D1JZ97	24.1314603463	d
UniRef90_D1JZ97|g__Bacteroides.s__Bacteroides_vulgatus	24.1314603463	e
UniRef90_A6L071	24.124974129	f
UniRef90_A6L071|g__Bacteroides.s__Bacteroides_vulgatus	24.124974129	g
UniRef90_A0A174X753	24.0806218975	h
UniRef90_A0A174X753|g__Bacteroides.s__Bacteroides_vulgatus	24.0806218975	i
UniRef90_A0A396EZT3	24.064171123	j
UniRef90_A0A396EZT3|g__Bacteroides.s__Bacteroides_vulgatus	24.064171123	k
UniRef90_A0A076J2E9	24.0480359903	l
UniRef90_A0A076J2E9|g__Bacteroides.s__Bacteroides_vulgatus	24.0480359903	m
UniRef90_A6L585	23.9758580857	n
UniRef90_A6L585|g__Bacteroides.s__Bacteroides_vulgatus	23.9758580857	o
UniRef90_A0A076IS94	23.9528317778	p
UniRef90_A0A076IS94|g__Bacteroides.s__Bacteroides_vulgatus	23.9528317778	q
UniRef90_A0A0P0LJ92	23.909520379700002	r
UniRef90_A0A0P0LJ92|g__Bacteroides.s__Bacteroides_vulgatus	23.909520379700002	s
UniRef90_A0A0P0LGH4	23.8914002115	t
UniRef90_A0A0P0LGH4|g__Bacteroides.s__Bacteroides_vulgatus	23.8914002115	u
UniRef90_B5D0K1	23.8795242904	v
UniRef90_B5D0K1|g__Bacteroides.s__Bacteroides_vulgatus	23.8795242904	w
UniRef90_R6JG40	23.8705039957	x
UniRef90_R6JG40|g__Bacteroides.s__Bacteroides_vulgatus	23.8705039957	y
UniRef90_A0A396ASE2	23.8636363636	z
UniRef90_A0A396ASE2|g__Bacteroides.s__Bacteroides_vulgatus	23.8636363636	a
UniRef90_B6W139	23.8161711839	b
UniRef90_B6W139|g__Bacteroides.s__Bacteroides_vulgatus	23.8161711839	c
UniRef90_A6LFQ4	23.7962049573	d
UniRef90_A6LFQ4|g__Bacteroides.s__Bacteroides_vulgatus	23.7962049573	e
UniRef90_A0A0P0M3T4	23.7945284186	f
UniRef90_A0A0P0M3T4|g__Bacteroides.s__Bacteroides_vulgatus	23.7945284186	g
UniRef90_A0A1Y3ZLI2	23.7724360039	h
UniRef90_A0A1Y3ZLI2|g__Bacteroides.s__Bacteroides_vulgatus	23.7724360039	i
UniRef90_D0TH60	23.7200860213	j
UniRef90_D0TH60|g__Bacteroides.s__Bacteroides_vulgatus	23.7200860213	k
UniRef90_A0A076IV89	23.6673774933	l
UniRef90_A0A076IV89|g__Bacteroides.s__Bacteroides_vulgatus	23.6673774933	m
UniRef90_A0A127SVB4	23.5314322563	n
UniRef90_A0A127SVB4|g__Bacteroides.s__Bacteroides_vulgatus	23.5314322563	o
UniRef90_A0A0P0M486	23.4871134003	p
UniRef90_A0A0P0M486|g__Bacteroides.s__Bacteroides_vulgatus	23.4871134003	q
UniRef90_A0A3E4I9R6	23.4524723936	r
UniRef90_A0A3E4I9R6|g__Bacteroides.s__Bacteroides_vulgatus	23.4524723936	s
UniRef90_A6L6D2	23.3947237432	t
UniRef90_A6L6D2|g__Bacteroides.s__Bacteroides_vulgatus	23.3947237432	u
UniRef90_D1K2J1	23.2578800945	v
UniRef90_D1K2J1|g__Bacteroides.s__Bacteroides_vulgatus	23.2578800945	w
UniRef90_A0A076J8I6	23.2396677768	x
UniRef90_A0A076J8I6|g__Bacteroides.s__Bacteroides_vulgatus	23.2396677768	y
UniRef90_U6RK63	23.2142508736	z
UniRef90_U6RK63|g__Bacteroides.s__Bacteroides_vulgatus	23.2142508736	a
UniRef90_B6VTP3	23.1870548927	b
UniRef90_B6VTP3|g__Bacteroides.s__Bacteroides_vulgatus	23.1870548927	c
UniRef90_A0A0P0M503	23.1858502501	d
UniRef90_A0A0P0M503|g__Bacteroides.s__Bacteroides_vulgatus	23.1858502501	e
UniRef90_A0A0P0M6A8	23.1677128724	f
UniRef90_A0A0P0M6A8|g__Bacteroides.s__Bacteroides_vulgatus	23.1677128724	g
UniRef90_A0A174NAX3	23.1476201415	h
UniRef90_A0A174NAX3|g__Bacteroides.s__Bacteroides_vulgatus	23.1476201415	i
UniRef90_A0A396ERU4	23.146411515	j
UniRef90_A0A396ERU4|g__Bacteroides.s__Bacteroides_vulgatus	23.146411515	k
UniRef90_A0A1H7FY75	23.0795239314	l
UniRef90_A0A1H7FY75|g__Bacteroides.s__Bacteroides_vulgatus	23.0795239314	m
UniRef90_D4VDD1	23.0102390334	n
UniRef90_D4VDD1|g__Bacteroides.s__Bacteroides_vulgatus	23.0102390334	o
UniRef90_R9H058	22.9660577761	p
UniRef90_R9H058|g__Bacteroides.s__Bacteroides_vulgatus	22.9660577761	q
UniRef90_A0A395VV85	22.9519976574	r
UniRef90_A0A395VV85|g__Bacteroides.s__Bacteroides_vulgatus	22.9519976574	s
UniRef90_A0A396EPH8	22.9350458302	t
UniRef90_A0A396EPH8|g__Bacteroides.s__Bacteroides_vulgatus	22.9350458302	u
UniRef90_A0A0P0M3J6	22.8192446043	v
UniRef90_A0A0P0M3J6|g__Bacteroides.s__Bacteroides_vulgatus	22.8192446043	w
UniRef90_A0A076J1V1	22.7724755746	x
UniRef90_A0A076J1V1|g__Bacteroides.s__Bacteroides_vulgatus	22.7724755746	y
UniRef90_A0A395VMH7	22.7255661063	z
UniRef90_A0A395VMH7|g__Bacteroides.s__Bacteroides_vulgatus	22.7255661063	a
UniRef90_A0A174T3G0	22.7052500507	b
UniRef90_A0A174T3G0|g__Bacteroides.s__Bacteroides_vulgatus	22.7052500507	c
UniRef90_B6W1I5	22.6716115093	d
UniRef90_B6W1I5|g__Bacteroides.s__Bacteroides_vulgatus	22.6716115093	e
UniRef90_A0A380ZJI0	22.6369456697	f
UniRef90_A0A380ZJI0|g__Bacteroides.s__Bacteroides_vulgatus	22.6369456697	g
UniRef90_A0A396F7M2	22.5676965712	h
UniRef90_A0A396F7M2|g__Bacteroides.s__Bacteroides_vulgatus	22.5676965712	i
UniRef90_A6L0A5	22.5419206387	j
UniRef90_A6L0A5|g__Bacteroides.s__Bacteroides_vulgatus	22.5419206387	k
UniRef90_A0A0P0M132	22.5173566739	l
UniRef90_A0A0P0M132|g__Bacteroides.s__Bacteroides_vulgatus	22.5173566739	m
UniRef90_A6L1U8	22.4629378366	n
UniRef90_A6L1U8|g__Bacteroides.s__Bacteroides_vulgatus	22.4629378366	o
UniRef90_E5UU61	22.4271084107	p
UniRef90_E5UU61|g__Bacteroides.s__Bacteroides_vulgatus	22.4271084107	q
UniRef90_B5D0P3	22.3952962551	r
UniRef90_B5D0P3|g__Bacteroides.s__Bacteroides_vulgatus	22.3952962551	s
UniRef90_A0A0P0M1F8	22.311252021	t
UniRef90_A0A0P0M1F8|g__Bacteroides.s__Bacteroides_vulgatus	22.311252021	u
UniRef90_A0A397WCY9	22.232715144	v
UniRef90_A0A397WCY9|g__Bacteroides.s__Bacteroides_vulgatus	22.232715144	w
UniRef90_A0A396ALX3	22.1963941318	x
UniRef90_A0A396ALX3|g__Bacteroides.s__Bacteroides_vulgatus	22.1963941318	y
UniRef90_A0A0K2HFZ2	22.1356765236	z
UniRef90_A0A0K2HFZ2|g__Bacteroides.s__Bacteroides_vulgatus	22.1356765236	a
UniRef90_A0A0P0M2R7	22.1217158108	b
UniRef90_A0A0P0M2R7|g__Bacteroides.s__Bacteroides_vulgatus	22.1217158108	c
UniRef90_A0A0P0LJQ7	22.0230436985	d
UniRef90_A0A0P0LJQ7|g__Bacteroides.s__Bacteroides_vulgatus	22.0230436985	e
UniRef90_A0A397WGT0	21.9737634125	f
UniRef90_A0A397WGT0|g__Bacteroides.s__Bacteroides_vulgatus	21.9737634125	g
UniRef90_A0A076IT92	21.8819760144	h
UniRef90_A0A076IT92|g__Bacteroides.s__Bacteroides_vulgatus	21.8819760144	i
UniRef90_E4MB74	21.8641808856	j
UniRef90_E4MB74|g__Bacteroides.s__Bacteroides_vulgatus	21.8641808856	k
UniRef90_A0A0M1W4C5	21.8444923465	l
UniRef90_A0A0M1W4C5|g__Bacteroides.s__Bacteroides_vulgatus	21.8444923465	m
UniRef90_A0A396API9	21.8035312241	n
UniRef90_A0A396API9|g__Bacteroides.s__Bacteroides_vulgatus	21.8035312241	o
UniRef90_A0A076JBK6	21.7160190113	p
UniRef90_A0A076JBK6|g__Bacteroides.s__Bacteroides_vulgatus	21.7160190113	q
UniRef90_A0A0P0M1X4	21.6606913854	r
UniRef90_A0A0P0M1X4|g__Bacteroides.s__Bacteroides_vulgatus	21.6606913854	s
UniRef90_A0A0K2HNB1	21.6605490601	t
UniRef90_A0A0K2HNB1|g__Bacteroides.s__Bacteroides_vulgatus	21.6605490601	u
UniRef90_A0A1Y4PM44	21.5492328229	v
UniRef90_A0A1Y4PM44|g__Bacteroides.s__Bacteroides_vulgatus	21.5492328229	w
UniRef90_I3YJ03	21.503996913799998	x
UniRef90_I3YJ03|g__Bacteroides.s__Bacteroides_vulgatus	21.503996913799998	y
UniRef90_A0A1Y4PKT0	21.3972262244	z
UniRef90_A0A1Y4PKT0|g__Bacteroides.s__Bacteroides_vulgatus	21.3972262244	a
UniRef90_A0A076J8B4	21.3772771795	b
UniRef90_A0A076J8B4|g__Bacteroides.s__Bacteroides_vulgatus	21.3772771795	c
UniRef90_G9S0F6	21.3765738022	d
UniRef90_G9S0F6|g__Bacteroides.s__Bacteroides_vulgatus	21.3765738022	e
UniRef90_A6L6X6	21.3430516321	f
UniRef90_A6L6X6|g__Bacteroides.s__Bacteroides_vulgatus	21.3430516321	g
UniRef90_A6L6X1	21.3177637351	h
UniRef90_A6L6X1|g__Bacteroides.s__Bacteroides_vulgatus	21.3177637351	i
UniRef90_A6KZT2	21.2990995837	j
UniRef90_A6KZT2|g__Bacteroides.s__Bacteroides_vulgatus	21.2990995837	k
UniRef90_A0A0P0M440	21.2741096294	l
UniRef90_A0A0P0M440|g__Bacteroides.s__Bacteroides_vulgatus	21.2741096294	m
UniRef90_A0A1Q6I9Y0	21.2679647533	n
UniRef90_A0A1Q6I9Y0|g__Bacteroides.s__Bacteroides_vulgatus	21.2679647533	o
UniRef90_A0A0P0M178	21.2521107711	p
UniRef90_A0A0P0M178|g__Bacteroides.s__Bacteroides_vulgatus	21.2521107711	q
UniRef90_D4V546	21.2370847393	r
UniRef90_D4V546|g__Bacteroides.s__Bacteroides_vulgatus	21.2370847393	s
UniRef90_A0A0N7J7M4	21.2052600619	t
UniRef90_A0A0N7J7M4|g__Bacteroides.s__Bacteroides_vulgatus	21.2052600619	u
UniRef90_A0A3E5E5Z2	21.1497619871	v
UniRef90_A0A3E5E5Z2|g__Bacteroides.s__Bacteroides_vulgatus	21.1497619871	w
UniRef90_A0A076J0V1	21.1354432876	x
UniRef90_A0A076J0V1|g__Bacteroides.s__Bacteroides_vulgatus	21.1354432876	y
UniRef90_A0A173X1R1	21.091919742	z
UniRef90_A0A173X1R1|g__Bacteroides.s__Bacteroides_vulgatus	21.091919742	a
UniRef90_A0A017N007	21.047008547	b
UniRef90_A0A017N007|g__Bacteroides.s__Bacteroides_vulgatus	21.047008547	c
UniRef90_A0A076J5E7	20.9277559643	d
UniRef90_A0A076J5E7|g__Bacteroides.s__Bacteroides_vulgatus	20.9277559643	e
UniRef90_A0A396F7I8	20.9043226705	f
UniRef90_A0A396F7I8|g__Bacteroides.s__Bacteroides_vulgatus	20.9043226705	g
UniRef90_A0A076J710	20.8904699173	h
UniRef90_A0A076J710|g__Bacteroides.s__Bacteroides_vulgatus	20.8904699173	i
UniRef90_U6RP94	20.7662314916	j
UniRef90_U6RP94|g__Bacteroides.s__Bacteroides_vulgatus	20.7662314916	k
UniRef90_B5D0L5	20.7516921042	l
UniRef90_B5D0L5|g__Bacteroides.s__Bacteroides_vulgatus	20.7516921042	m
UniRef90_A0A0P0M4N3	20.7364016736	n
UniRef90_A0A0P0M4N3|g__Bacteroides.s__Bacteroides_vulgatus	20.7364016736	o
UniRef90_A0A174PHW9	20.6905857706	p
UniRef90_A0A174PHW9|g__Bacteroides.s__Bacteroides_vulgatus	20.6905857706	q
UniRef90_A0A395VSR3	20.6858805658	r
UniRef90_A0A395VSR3|g__Bacteroides.s__Bacteroides_vulgatus	20.6858805658	s
UniRef90_A0A3E5DXA0	20.6562576989	t
UniRef90_A0A3E5DXA0|g__Bacteroides.s__Bacteroides_vulgatus	20.6562576989	u
UniRef90_A0A397WDI7	20.6335584791	v
UniRef90_A0A397WDI7|g__Bacteroides.s__Bacteroides_vulgatus	20.6335584791	w
UniRef90_A0A076J7P6	20.6327820396	x
UniRef90_A0A076J7P6|g__Bacteroides.s__Bacteroides_vulgatus	20.6327820396	y
UniRef90_D4V880	20.6159131464	z
UniRef90_D4V880|g__Bacteroides.s__Bacteroides_vulgatus	20.6159131464	a
UniRef90_I9F0V9	20.5549409091	b
UniRef90_I9F0V9|g__Bacteroides.s__Bacteroides_vulgatus	20.5549409091	c
UniRef90_A6L5X6	20.468149934	d
UniRef90_A6L5X6|g__Bacteroides.s__Bacteroides_vulgatus	20.468149934	e
UniRef90_A0A396FE52	20.4610080585	f
UniRef90_A0A396FE52|g__Bacteroides.s__Bacteroides_vulgatus	20.4610080585	g
UniRef90_UPI0009B5BC86	20.4081632653	h
UniRef90_UPI0009B5BC86|g__Bacteroides.s__Bacteroides_vulgatus	20.4081632653	i
UniRef90_A0A0K2HET7	20.3779374651	j
UniRef90_A0A0K2HET7|g__Bacteroides.s__Bacteroides_vulgatus	20.3779374651	k
UniRef90_A0A174S1C1	20.358843784	l
UniRef90_A0A174S1C1|g__Bacteroides.s__Bacteroides_vulgatus	20.358843784	m
UniRef90_A0A174QTU0	20.3268322035	n
UniRef90_A0A174QTU0|g__Bacteroides.s__Bacteroides_vulgatus	20.3268322035	o
UniRef90_A0A3E5H739	20.3245036121	p
UniRef90_A0A3E5H739|g__Bacteroides.s__Bacteroides_vulgatus	20.3245036121	q
UniRef90_A0A396BBP9	20.2982796716	r
UniRef90_A0A396BBP9|g__Bacteroides.s__Bacteroides_vulgatus	20.2982796716	s
UniRef90_A0A0M1VZJ5	20.2862149864	t
UniRef90_A0A0M1VZJ5|g__Bacteroides.s__Bacteroides_vulgatus	20.2862149864	u
UniRef90_A6L3G7	20.2851484599	v
UniRef90_A6L3G7|g__Bacteroides.s__Bacteroides_vulgatus	20.2851484599	w
UniRef90_A0A174PZ91	20.2526494802	x
UniRef90_A0A174PZ91|g__Bacteroides.s__Bacteroides_vulgatus	20.2526494802	y
UniRef90_A0A0P0M677	20.182189472	z
UniRef90_A0A0P0M677|g__Bacteroides.s__Bacteroides_vulgatus	20.182189472	a
UniRef90_I9RE41	20.1118655183	b
UniRef90_I9RE41|g__Bacteroides.s__Bacteroides_vulgatus	20.1118655183	c
UniRef90_A0A076IV27	20.1108369058	d
UniRef90_A0A076IV27|g__Bacteroides.s__Bacteroides_vulgatus	20.1108369058	e
UniRef90_D4V9M7	20.0977763521	f
UniRef90_D4V9M7|g__Bacteroides.s__Bacteroides_vulgatus	20.0977763521	g
UniRef90_A0A380ZD55	20.0773579142	h
UniRef90_A0A380ZD55|g__Bacteroides.s__Bacteroides_vulgatus	20.0773579142	i
UniRef90_A0A069S8Q5	20.072590929	j
UniRef90_A0A069S8Q5|g__Bacteroides.s__Bacteroides_vulgatus	20.072590929	k
UniRef90_D1JZU2	20.0703019284	l
UniRef90_D1JZU2|g__Bacteroides.s__Bacteroides_vulgatus	20.0703019284	m
UniRef90_A0A0P0LAY1	20.065501262	n
UniRef90_A0A0P0LAY1|g__Bacteroides.s__Bacteroides_vulgatus	20.065501262	o
UniRef90_I9QCP3	20.0505782433	p
UniRef90_I9QCP3|g__Bacteroides.s__Bacteroides_vulgatus	20.0505782433	q
UniRef90_B6VS45	20.0399908552	r
UniRef90_B6VS45|g__Bacteroides.s__Bacteroides_vulgatus	20.0399908552	s
UniRef90_A0A1H7FY66	20.0307016749	t
UniRef90_A0A1H7FY66|g__Bacteroides.s__Bacteroides_vulgatus	20.0307016749	u
UniRef90_B5D3F5	20.025285809	v
UniRef90_B5D3F5|g__Bacteroides.s__Bacteroides_vulgatus	20.025285809	w
UniRef90_A0A076ITC1	19.9853715012	x
UniRef90_A0A076ITC1|g__Bacteroides.s__Bacteroides_vulgatus	19.9853715012	y
UniRef90_A0A3E4KIM1	19.9210183231	z
UniRef90_A0A3E4KIM1|g__Bacteroides.s__Bacteroides_vulgatus	19.9210183231	a
UniRef90_A0A395VIK7	19.8920246653	b
UniRef90_A0A395VIK7|g__Bacteroides.s__Bacteroides_vulgatus	19.8920246653	c
UniRef90_C3RAI3	19.8705938494	d
UniRef90_C3RAI3|g__Bacteroides.s__Bacteroides_vulgatus	19.8705938494	e
UniRef90_D4V3X9	19.8574575026	f
UniRef90_D4V3X9|g__Bacteroides.s__Bacteroides_vulgatus	19.8574575026	g
UniRef90_A6L1E7	19.8353766612	h
UniRef90_A6L1E7|g__Bacteroides.s__Bacteroides_vulgatus	19.8353766612	i
UniRef90_A0A0K2HG58	19.8346338185	j
UniRef90_A0A0K2HG58|g__Bacteroides.s__Bacteroides_vulgatus	19.8346338185	k
UniRef90_A0A174ANF9	19.772427157	l
UniRef90_A0A174ANF9|g__Bacteroides.s__Bacteroides_vulgatus	19.772427157	m
UniRef90_D4V565	19.7028550763	n
UniRef90_D4V565|g__Bacteroides.s__Bacteroides_vulgatus	19.7028550763	o
UniRef90_A6L532	19.6780829828	p
UniRef90_A6L532|g__Bacteroides.s__Bacteroides_vulgatus	19.6780829828	q
UniRef90_A0A0P0M4G1	19.6501032896	r
UniRef90_A0A0P0M4G1|g__Bacteroides.s__Bacteroides_vulgatus	19.6501032896	s
UniRef90_Q89Z59	19.6171150436	t
UniRef90_Q89Z59|g__Bacteroides.s__Bacteroides_vulgatus	19.6171150436	u
UniRef90_A0A078RBJ1	19.5721602654	v
UniRef90_A0A078RBJ1|g__Bacteroides.s__Bacteroides_vulgatus	19.5721602654	w
UniRef90_A0A0M1W2F8	19.5103750978	x
UniRef90_A0A0M1W2F8|g__Bacteroides.s__Bacteroides_vulgatus	19.5103750978	y
UniRef90_A0A3E4IFI0	19.4553099891	z
UniRef90_A0A3E4IFI0|g__Bacteroides.s__Bacteroides_vulgatus	19.4553099891	a
UniRef90_A0A076IMS7	19.4196198743	b
UniRef90_A0A076IMS7|g__Bacteroides.s__Bacteroides_vulgatus	19.4196198743	c
UniRef90_A0A397WK36	19.4052941784	d
UniRef90_A0A397WK36|g__Bacteroides.s__Bacteroides_vulgatus	19.4052941784	e
UniRef90_D1K675	19.3993365434	f
UniRef90_D1K675|g__Bacteroides.s__Bacteroides_vulgatus	19.3993365434	g
UniRef90_A0A0P0M5S4	19.2307692308	h
UniRef90_A0A0P0M5S4|g__Bacteroides.s__Bacteroides_vulgatus	19.2307692308	i
UniRef90_B5D0J2	19.2291246999	j
UniRef90_B5D0J2|g__Bacteroides.s__Bacteroides_vulgatus	19.2291246999	k
UniRef90_A0A174VI51	19.2208614742	l
UniRef90_A0A174VI51|g__Bacteroides.s__Bacteroides_vulgatus	19.2208614742	m
UniRef90_A0A078RCT4	19.2185007974	n
UniRef90_A0A078RCT4|g__Bacteroides.s__Bacteroides_vulgatus	19.2185007974	o
UniRef90_R6C410	19.1556649189	p
UniRef90_R6C410|g__Bacteroides.s__Bacteroides_vulgatus	19.1556649189	q
UniRef90_A0A174SFB0	19.1022229972	r
UniRef90_A0A174SFB0|g__Bacteroides.s__Bacteroides_vulgatus	19.1022229972	s
UniRef90_A0A076J1V0	19.055156094	t
UniRef90_A0A076J1V0|g__Bacteroides.s__Bacteroides_vulgatus	19.055156094	u
UniRef90_B0NSG7	19.0237998381	v
UniRef90_B0NSG7|g__Bacteroides.s__Bacteroides_vulgatus	19.0237998381	w
UniRef90_A0A0P0M4D2	18.9964758219	x
UniRef90_A0A0P0M4D2|g__Bacteroides.s__Bacteroides_vulgatus	18.9964758219	y
UniRef90_A0A0P0LGN9	18.9916645576	z
UniRef90_A0A0P0LGN9|g__Bacteroides.s__Bacteroides_vulgatus	18.9916645576	a
UniRef90_A0A015TKW0	18.964107038	b
UniRef90_A0A015TKW0|g__Bacteroides.s__Bacteroides_vulgatus	18.964107038	c
UniRef90_I8VTE5	18.9414835608	d
UniRef90_I8VTE5|g__Bacteroides.s__Bacteroides_vulgatus	18.9414835608	e
UniRef90_C3QT85	18.9307156948	f
UniRef90_C3QT85|g__Bacteroides.s__Bacteroides_vulgatus	18.9307156948	g
UniRef90_A0A1Y4PM15	18.8872996663	h
UniRef90_A0A1Y4PM15|g__Bacteroides.s__Bacteroides_vulgatus	18.8872996663	i
UniRef90_A0A1Y4PDW8	18.8492999333	j
UniRef90_A0A1Y4PDW8|g__Bacteroides.s__Bacteroides_vulgatus	18.8492999333	k
UniRef90_A6KYC8	18.8299899282	l
UniRef90_A6KYC8|g__Bacteroides.s__Bacteroides_vulgatus	18.8299899282	m
UniRef90_A0A397WER9	18.8013827484	n
UniRef90_A0A397WER9|g__Bacteroides.s__Bacteroides_vulgatus	18.8013827484	o
UniRef90_A0A0N7J7Z6	18.7721153374	p
UniRef90_A0A0N7J7Z6|g__Bacteroides.s__Bacteroides_vulgatus	18.7721153374	q
UniRef90_C3R4L3	18.756331592	r
UniRef90_C3R4L3|g__Bacteroides.s__Bacteroides_vulgatus	18.756331592	s
UniRef90_A0A174VCF6	18.7467581457	t
UniRef90_A0A174VCF6|g__Bacteroides.s__Bacteroides_vulgatus	18.7467581457	u
UniRef90_A6L070	18.7007711249	v
UniRef90_A6L070|g__Bacteroides.s__Bacteroides_vulgatus	18.7007711249	w
UniRef90_A0A395VSG6	18.691588785	x
UniRef90_A0A395VSG6|g__Bacteroides.s__Bacteroides_vulgatus	18.691588785	y
UniRef90_A0A396EQ60	18.6866020424	z
UniRef90_A0A396EQ60|g__Bacteroides.s__Bacteroides_vulgatus	18.6866020424	a
UniRef90_D4V3Y1	18.6291922094	b
UniRef90_D4V3Y1|g__Bacteroides.s__Bacteroides_vulgatus	18.6291922094	c
UniRef90_A0A0P0L2L4	18.5126641552	d
UniRef90_A0A0P0L2L4|g__Bacteroides.s__Bacteroides_vulgatus	18.5126641552	e
UniRef90_A0A174LYN9	18.5061810645	f
UniRef90_A0A174LYN9|g__Bacteroides.s__Bacteroides_vulgatus	18.5061810645	g
UniRef90_A0A396AP31	18.4460882623	h
UniRef90_A0A396AP31|g__Bacteroides.s__Bacteroides_vulgatus	18.4460882623	i
UniRef90_D4V593	18.419029308	j
UniRef90_D4V593|g__Bacteroides.s__Bacteroides_vulgatus	18.419029308	k
UniRef90_A0A0P0L7X4	18.33733023	l
UniRef90_A0A0P0L7X4|g__Bacteroides.s__Bacteroides_vulgatus	18.33733023	m
UniRef90_A0A395VTA3	18.2958882413	n
UniRef90_A0A395VTA3|g__Bacteroides.s__Bacteroides_vulgatus	18.2958882413	o
UniRef90_A0A076IQ70	18.2727753779	p
UniRef90_A0A076IQ70|g__Bacteroides.s__Bacteroides_vulgatus	18.2727753779	q
UniRef90_A0A076IUQ2	18.2663457598	r
UniRef90_A0A076IUQ2|g__Bacteroides.s__Bacteroides_vulgatus	18.2663457598	s
UniRef90_C3RG82	18.1800860803	t
UniRef90_C3RG82|g__Bacteroides.s__Bacteroides_vulgatus	18.1800860803	u
UniRef90_A0A1H7KR90	18.1667542335	v
UniRef90_A0A1H7KR90|g__Bacteroides.s__Bacteroides_vulgatus	18.1667542335	w
UniRef90_U6RBT0	18.1359489219	x
UniRef90_U6RBT0|g__Bacteroides.s__Bacteroides_vulgatus	18.1359489219	y
UniRef90_A0A1Q6I8W2	18.1095610627	z
UniRef90_A0A1Q6I8W2|g__Bacteroides.s__Bacteroides_vulgatus	18.1095610627	a
UniRef90_C3R6B4	18.0447606574	b
UniRef90_C3R6B4|g__Bacteroides.s__Bacteroides_vulgatus	18.0447606574	c
UniRef90_A0A396AQX7	18.0424498897	d
UniRef90_A0A396AQX7|g__Bacteroides.s__Bacteroides_vulgatus	18.0424498897	e
UniRef90_A0A0N7J733	18.0299838504	f
UniRef90_A0A0N7J733|g__Bacteroides.s__Bacteroides_vulgatus	18.0299838504	g
UniRef90_A0A0P0L8Z7	17.9511465959	h
UniRef90_A0A0P0L8Z7|g__Bacteroides.s__Bacteroides_vulgatus	17.9511465959	i
UniRef90_C6Z6H7	17.9367552897	j
UniRef90_C6Z6H7|g__Bacteroides.s__Bacteroides_vulgatus	17.9367552897	k
UniRef90_A0A133PU47	17.9284602977	l
UniRef90_A0A133PU47|g__Bacteroides.s__Bacteroides_vulgatus	17.9284602977	m
UniRef90_A6KZQ5	17.9211528249	n
UniRef90_A6KZQ5|g__Bacteroides.s__Bacteroides_vulgatus	17.9211528249	o
UniRef90_A0A076IXF0	17.9138751423	p
UniRef90_A0A076IXF0|g__Bacteroides.s__Bacteroides_vulgatus	17.9138751423	q
UniRef90_A0A0K2HQ54	17.8504640639	r
UniRef90_A0A0K2HQ54|g__Bacteroides.s__Bacteroides_vulgatus	17.8504640639	s
UniRef90_A0A174SCL4	17.7302309671	t
UniRef90_A0A174SCL4|g__Bacteroides.s__Bacteroides_vulgatus	17.7302309671	u
UniRef90_C3R8W0	17.7144852757	v
UniRef90_C3R8W0|g__Bacteroides.s__Bacteroides_vulgatus	17.7144852757	w
UniRef90_A0A0P0L4I7	17.6991150442	x
UniRef90_A0A0P0L4I7|g__Bacteroides.s__Bacteroides_vulgatus	17.6991150442	y
UniRef90_A0A0M1W6U9	17.6829490072	z
UniRef90_A0A0M1W6U9|g__Bacteroides.s__Bacteroides_vulgatus	17.6829490072	a
UniRef90_A0A076IYL7	17.6492565164	b
UniRef90_A0A076IYL7|g__Bacteroides.s__Bacteroides_vulgatus	17.6492565164	c
UniRef90_A0A174S253	17.639585289	d
UniRef90_A0A174S253|g__Bacteroides.s__Bacteroides_vulgatus	17.639585289	e
UniRef90_I9FIN4	17.5593407001	f
UniRef90_I9FIN4|g__Bacteroides.s__Bacteroides_vulgatus	17.5593407001	g
UniRef90_C9KVC5	17.4906446264	h
UniRef90_C9KVC5|g__Bacteroides.s__Bacteroides_vulgatus	17.4906446264	i
UniRef90_A0A076ISZ3	17.4900595548	j
UniRef90_A0A076ISZ3|g__Bacteroides.s__Bacteroides_vulgatus	17.4900595548	k
UniRef90_A0A078QXB4	17.459989522	l
UniRef90_A0A078QXB4|g__Bacteroides.s__Bacteroides_vulgatus	17.459989522	m
UniRef90_A6KZL1	17.4420926989	n
UniRef90_A6KZL1|g__Bacteroides.s__Bacteroides_vulgatus	17.4420926989	o
UniRef90_A0A076ISB8	17.3483323793	p
UniRef90_A0A076ISB8|g__Bacteroides.s__Bacteroides_vulgatus	17.3483323793	q
UniRef90_A0A015XDU1	17.3338154935	r
UniRef90_A0A015XDU1|g__Bacteroides.s__Bacteroides_vulgatus	17.3338154935	s
UniRef90_A0A0P0LJZ6	17.326870689	t
UniRef90_A0A0P0LJZ6|g__Bacteroides.s__Bacteroides_vulgatus	17.326870689	u
UniRef90_A0A0K2HP50	17.2470674848	v
UniRef90_A0A0K2HP50|g__Bacteroides.s__Bacteroides_vulgatus	17.2470674848	w
UniRef90_A0A0P0L0H0	17.1791349421	x
UniRef90_A0A0P0L0H0|g__Bacteroides.s__Bacteroides_vulgatus	17.1791349421	y
UniRef90_W6NZG1	17.0758396323	z
UniRef90_W6NZG1|g__Bacteroides.s__Bacteroides_vulgatus	17.0758396323	a
UniRef90_A6KZJ8	17.0644455631	b
UniRef90_A6KZJ8|g__Bacteroides.s__Bacteroides_vulgatus	17.0644455631	c
UniRef90_A0A396ASJ6	17.0443275896	d
UniRef90_A0A396ASJ6|g__Bacteroides.s__Bacteroides_vulgatus	17.0443275896	e
UniRef90_A6KXU3	17.0190584187	f
UniRef90_A6KXU3|g__Bacteroides.s__Bacteroides_vulgatus	17.0190584187	g
UniRef90_A0A076ISU9	17.0120872549	h
UniRef90_A0A076ISU9|g__Bacteroides.s__Bacteroides_vulgatus	17.0120872549	i
UniRef90_A0A380Z4D5	17.0068027211	j
UniRef90_A0A380Z4D5|g__Bacteroides.s__Bacteroides_vulgatus	17.0068027211	k
UniRef90_A0A0P0M501	16.9672042858	l
UniRef90_A0A0P0M501|g__Bacteroides.s__Bacteroides_vulgatus	16.9672042858	m
UniRef90_A0A3E4JG82	16.9384238598	n
UniRef90_A0A3E4JG82|g__Bacteroides.s__Bacteroides_vulgatus	16.9384238598	o
UniRef90_A0A0M1W1V6	16.9193887194	p
UniRef90_A0A0M1W1V6|g__Bacteroides.s__Bacteroides_vulgatus	16.9193887194	q
UniRef90_A0A397WBS2	16.9098230278	r
UniRef90_A0A397WBS2|g__Bacteroides.s__Bacteroides_vulgatus	16.9098230278	s
UniRef90_A0A0P0M4K3	16.9092886103	t
UniRef90_A0A0P0M4K3|g__Bacteroides.s__Bacteroides_vulgatus	16.9092886103	u
UniRef90_A0A078PLC9	16.894929211	v
UniRef90_A0A078PLC9|g__Bacteroides.s__Bacteroides_vulgatus	16.894929211	w
UniRef90_A0A0P0M2S1	16.8869557957	x
UniRef90_A0A0P0M2S1|g__Bacteroides.s__Bacteroides_vulgatus	16.8869557957	y
UniRef90_C6IUJ3	16.8729044832	z
UniRef90_C6IUJ3|g__Bacteroides.s__Bacteroides_vulgatus	16.8729044832	a
UniRef90_D4V8X0	16.8430016488	b
UniRef90_D4V8X0|g__Bacteroides.s__Bacteroides_vulgatus	16.8430016488	c
UniRef90_I9TY61	16.8173951332	d
UniRef90_I9TY61|g__Bacteroides.s__Bacteroides_vulgatus	16.8173951332	e
UniRef90_A0A076J215	16.8109392427	f
UniRef90_A0A076J215|g__Bacteroides.s__Bacteroides_vulgatus	16.8109392427	g
UniRef90_A0A0M1VZN2	16.7745225138	h
UniRef90_A0A0M1VZN2|g__Bacteroides.s__Bacteroides_vulgatus	16.7745225138	i
UniRef90_A0A076IQW0	16.7742453758	j
UniRef90_A0A076IQW0|g__Bacteroides.s__Bacteroides_vulgatus	16.7742453758	k
UniRef90_A0A016GBY6	16.6863950192	l
UniRef90_A0A016GBY6|g__Bacteroides.s__Bacteroides_vulgatus	16.6863950192	m
UniRef90_A0A0K2HQB2	16.6783519725	n
UniRef90_A0A0K2HQB2|g__Bacteroides.s__Bacteroides_vulgatus	16.6783519725	o
UniRef90_A6L4L7	16.6420948686	p
UniRef90_A6L4L7|g__Bacteroides.s__Bacteroides_vulgatus	16.6420948686	q
UniRef90_A0A395VJY0	16.5765000447	r
UniRef90_A0A395VJY0|g__Bacteroides.s__Bacteroides_vulgatus	16.5765000447	s
UniRef90_C3R4H6	16.5085419373	t
UniRef90_C3R4H6|g__Bacteroides.s__Bacteroides_vulgatus	16.5085419373	u
UniRef90_D4V3D6	16.4541770103	v
UniRef90_D4V3D6|g__Bacteroides.s__Bacteroides_vulgatus	16.4541770103	w
UniRef90_B6VZI2	16.4259034943	x
UniRef90_B6VZI2|g__Bacteroides.s__Bacteroides_vulgatus	16.4259034943	y
UniRef90_A6L313	16.422394656	z
UniRef90_A6L313|g__Bacteroides.s__Bacteroides_vulgatus	16.422394656	a
UniRef90_R6CCE8	16.4044018712	b
UniRef90_R6CCE8|g__Bacteroides.s__Bacteroides_vulgatus	16.4044018712	c
UniRef90_C3RGN1	16.4013445863	d
UniRef90_C3RGN1|g__Bacteroides.s__Bacteroides_vulgatus	16.4013445863	e
UniRef90_D1JXT2	16.3897918857	f
UniRef90_D1JXT2|g__Bacteroides.s__Bacteroides_vulgatus	16.3897918857	g
UniRef90_A0A076ILH5	16.2839075618	h
UniRef90_A0A076ILH5|g__Bacteroides.s__Bacteroides_vulgatus	16.2839075618	i
UniRef90_C3R6C8	16.2453395256	j
UniRef90_C3R6C8|g__Bacteroides.s__Bacteroides_vulgatus	16.2453395256	k
UniRef90_A0A078RC18	16.2260966606	l
UniRef90_A0A078RC18|g__Bacteroides.s__Bacteroides_vulgatus	16.2260966606	m
UniRef90_A0A0P0L6G4	16.1733108128	n
UniRef90_A0A0P0L6G4|g__Bacteroides.s__Bacteroides_vulgatus	16.1733108128	o
UniRef90_A0A076IYP6	16.1711538342	p
UniRef90_A0A076IYP6|g__Bacteroides.s__Bacteroides_vulgatus	16.1711538342	q
UniRef90_U6R932	16.1655443119	r
UniRef90_U6R932|g__Bacteroides.s__Bacteroides_vulgatus	16.1655443119	s
UniRef90_A0A174K803	16.153689493	t
UniRef90_A0A174K803|g__Bacteroides.s__Bacteroides_vulgatus	16.153689493	u
UniRef90_A0A174NM17	16.1435365097	v
UniRef90_A0A174NM17|g__Bacteroides.s__Bacteroides_vulgatus	16.1435365097	w
UniRef90_C3R8I0	16.1290322581	x
UniRef90_C3R8I0|g__Bacteroides.s__Bacteroides_vulgatus	16.1290322581	y
UniRef90_A0A0P0LA17	16.1128384506	z
UniRef90_A0A0P0LA17|g__Bacteroides.s__Bacteroides_vulgatus	16.1128384506	a
UniRef90_B0MZA3	16.106795264	b
UniRef90_B0MZA3|g__Bacteroides.s__Bacteroides_vulgatus	16.106795264	c
UniRef90_P30899	16.0782930126	d
UniRef90_P30899|g__Bacteroides.s__Bacteroides_vulgatus	16.0782930126	e
UniRef90_I9FMQ5	16.0754296736	f
UniRef90_I9FMQ5|g__Bacteroides.s__Bacteroides_vulgatus	16.0754296736	g
UniRef90_A0A0M1W0Y9	16.0281902826	h
UniRef90_A0A0M1W0Y9|g__Bacteroides.s__Bacteroides_vulgatus	16.0281902826	i
UniRef90_A0A397WLU0	15.9321050551	j
UniRef90_A0A397WLU0|g__Bacteroides.s__Bacteroides_vulgatus	15.9321050551	k
UniRef90_A0A1Q6IQ53	15.8748568486	l
UniRef90_A0A1Q6IQ53|g__Bacteroides.s__Bacteroides_vulgatus	15.8748568486	m
UniRef90_A0A076J288	15.8659832677	n
UniRef90_A0A076J288|g__Bacteroides.s__Bacteroides_vulgatus	15.8659832677	o
UniRef90_A0A0K2HHG8	15.8509245326	p
UniRef90_A0A0K2HHG8|g__Bacteroides.s__Bacteroides_vulgatus	15.8509245326	q
UniRef90_A0A1Y4PR89	15.818775194	r
UniRef90_A0A1Y4PR89|g__Bacteroides.s__Bacteroides_vulgatus	15.818775194	s
UniRef90_C6IUI8	15.71065671	t
UniRef90_C6IUI8|g__Bacteroides.s__Bacteroides_vulgatus	15.71065671	u
UniRef90_B6VZ21	15.6904427617	v
UniRef90_B6VZ21|g__Bacteroides.s__Bacteroides_vulgatus	15.6904427617	w
UniRef90_F3PL25	15.6819890059	x
UniRef90_F3PL25|g__Bacteroides.s__Bacteroides_vulgatus	15.6819890059	y
UniRef90_A0A0K2HNA3	15.6529833816	z
UniRef90_A0A0K2HNA3|g__Bacteroides.s__Bacteroides_vulgatus	15.6529833816	a
UniRef90_A0A0M1W4C3	15.6208241111	b
UniRef90_A0A0M1W4C3|g__Bacteroides.s__Bacteroides_vulgatus	15.6208241111	c
UniRef90_I3YLF4	15.5659566916	d
UniRef90_I3YLF4|g__Bacteroides.s__Bacteroides_vulgatus	15.5659566916	e
UniRef90_A0A1L5KFI3	15.5632084948	f
UniRef90_A0A1L5KFI3|g__Bacteroides.s__Bacteroides_vulgatus	15.5632084948	g
UniRef90_A0A076INE9	15.5132922244	h
UniRef90_A0A076INE9|g__Bacteroides.s__Bacteroides_vulgatus	15.5132922244	i
UniRef90_A0A076IQS3	15.5075817546	j
UniRef90_A0A076IQS3|g__Bacteroides.s__Bacteroides_vulgatus	15.5075817546	k
UniRef90_A0A0N7J6S6	15.4963298166	l
UniRef90_A0A0N7J6S6|g__Bacteroides.s__Bacteroides_vulgatus	15.4963298166	m
UniRef90_C3R8X1	15.4883395118	n
UniRef90_C3R8X1|g__Bacteroides.s__Bacteroides_vulgatus	15.4883395118	o
UniRef90_A0A0P0LRE5	15.4429351099	p
UniRef90_A0A0P0LRE5|g__Bacteroides.s__Bacteroides_vulgatus	15.4429351099	q
UniRef90_A0A397WKY4	15.4426634679	r
UniRef90_A0A397WKY4|g__Bacteroides.s__Bacteroides_vulgatus	15.4426634679	s
UniRef90_A0A395UTD2	15.3339549894	t
UniRef90_A0A395UTD2|g__Bacteroides.s__Bacteroides_vulgatus	15.3339549894	u
UniRef90_A0A139JRM5	15.2953075743	v
UniRef90_A0A139JRM5|g__Bacteroides.s__Bacteroides_vulgatus	15.2953075743	w
UniRef90_A0A076J4G7	15.2561157653	x
UniRef90_A0A076J4G7|g__Bacteroides.s__Bacteroides_vulgatus	15.2561157653	y
UniRef90_A0A396EIK9	15.2204588701	z
UniRef90_A0A396EIK9|g__Bacteroides.s__Bacteroides_vulgatus	15.2204588701	a
UniRef90_A0A076IUS6	15.2040418935	b
UniRef90_A0A076IUS6|g__Bacteroides.s__Bacteroides_vulgatus	15.2040418935	c
UniRef90_A0A0N7J7I0	15.182119867	d
UniRef90_A0A0N7J7I0|g__Bacteroides.s__Bacteroides_vulgatus	15.182119867	e
UniRef90_A0A3E4JEG1	15.1515151515	f
UniRef90_A0A3E4JEG1|g__Bacteroides.s__Bacteroides_vulgatus	15.1515151515	g
UniRef90_E5UQL1	15.1406103854	h
UniRef90_E5UQL1|g__Bacteroides.s__Bacteroides_vulgatus	15.1406103854	i
UniRef90_D4V3P4	15.1039974886	j
UniRef90_D4V3P4|g__Bacteroides.s__Bacteroides_vulgatus	15.1039974886	k
UniRef90_A0A3E4XTM5	15.0302346794	l
UniRef90_A0A3E4XTM5|g__Bacteroides.s__Bacteroides_vulgatus	15.0302346794	m
UniRef90_A0A395VR68	14.9707824276	n
UniRef90_A0A395VR68|g__Bacteroides.s__Bacteroides_vulgatus	14.9707824276	o
UniRef90_A0A0K2HG35	14.9566775002	p
UniRef90_A0A0K2HG35|g__Bacteroides.s__Bacteroides_vulgatus	14.9566775002	q
UniRef90_A0A076J254	14.9323361107	r
UniRef90_A0A076J254|g__Bacteroides.s__Bacteroides_vulgatus	14.9323361107	s
UniRef90_A0A0N7J7Z5	14.9193795082	t
UniRef90_A0A0N7J7Z5|g__Bacteroides.s__Bacteroides_vulgatus	14.9193795082	u
UniRef90_A0A174KY93	14.8932353214	v
UniRef90_A0A174KY93|g__Bacteroides.s__Bacteroides_vulgatus	14.8932353214	w
UniRef90_A0A380ZJH4	14.8921069855	x
UniRef90_A0A380ZJH4|g__Bacteroides.s__Bacteroides_vulgatus	14.8921069855	y
UniRef90_A0A174J9C9	14.8254706443	z
UniRef90_A0A174J9C9|g__Bacteroides.s__Bacteroides_vulgatus	14.8254706443	a
UniRef90_A0A3E4I8G8	14.785823005	b
UniRef90_A0A3E4I8G8|g__Bacteroides.s__Bacteroides_vulgatus	14.785823005	c
UniRef90_A0A397WBK9	14.7801548817	d
UniRef90_A0A397WBK9|g__Bacteroides.s__Bacteroides_vulgatus	14.7801548817	e
UniRef90_A0A1D6XS85	14.7674418832	f
UniRef90_A0A1D6XS85|g__Bacteroides.s__Bacteroides_vulgatus	14.7674418832	g
UniRef90_A0A076J5W5	14.7498853188	h
UniRef90_A0A076J5W5|g__Bacteroides.s__Bacteroides_vulgatus	14.7498853188	i
UniRef90_A0A380ZGV8	14.716903885	j
UniRef90_A0A380ZGV8|g__Bacteroides.s__Bacteroides_vulgatus	14.716903885	k
UniRef90_A0A3E5ECU5	14.6492703475	l
UniRef90_A0A3E5ECU5|g__Bacteroides.s__Bacteroides_vulgatus	14.6492703475	m
UniRef90_A0A174TWT2	14.6467218565	n
UniRef90_A0A174TWT2|g__Bacteroides.s__Bacteroides_vulgatus	14.6467218565	o
UniRef90_A0A173WTQ6	14.6343332406	p
UniRef90_A0A173WTQ6|g__Bacteroides.s__Bacteroides_vulgatus	14.6343332406	q
UniRef90_Q8A2S4	14.6257387704	r
UniRef90_Q8A2S4|g__Bacteroides.s__Bacteroides_vulgatus	14.6257387704	s
UniRef90_A0A0P0M0K4	14.6088008502	t
UniRef90_A0A0P0M0K4|g__Bacteroides.s__Bacteroides_vulgatus	14.6088008502	u
UniRef90_A0A0P0LPP0	14.5965784984	v
UniRef90_A0A0P0LPP0|g__Bacteroides.s__Bacteroides_vulgatus	14.5965784984	w
UniRef90_A0A076IR60	14.5753894204	x
UniRef90_A0A076IR60|g__Bacteroides.s__Bacteroides_vulgatus	14.5753894204	y
UniRef90_I9T843	14.5227492263	z
UniRef90_I9T843|g__Bacteroides.s__Bacteroides_vulgatus	14.5227492263	a
UniRef90_K6AE66	14.4462430767	b
UniRef90_K6AE66|g__Bacteroides.s__Bacteroides_vulgatus	14.4462430767	c
UniRef90_A6L3B5	14.4212295869	d
UniRef90_A6L3B5|g__Bacteroides.s__Bacteroides_vulgatus	14.4212295869	e
UniRef90_A0A076J702	14.3891362164	f
UniRef90_A0A076J702|g__Bacteroides.s__Bacteroides_vulgatus	14.3891362164	g
UniRef90_D4VCT1	14.3832181136	h
UniRef90_D4VCT1|g__Bacteroides.s__Bacteroides_vulgatus	14.3832181136	i
UniRef90_A0A3E4T9A4	14.3819752237	j
UniRef90_A0A3E4T9A4|g__Bacteroides.s__Bacteroides_vulgatus	14.3819752237	k
UniRef90_A0A1G1TVY5	14.3133178424	l
UniRef90_A0A1G1TVY5|g__Bacteroides.s__Bacteroides_vulgatus	14.3133178424	m
UniRef90_A0A0P0LIK6	14.3085228835	n
UniRef90_A0A0P0LIK6|g__Bacteroides.s__Bacteroides_vulgatus	14.3085228835	o
UniRef90_A0A0N7J7N2	14.3052441797	p
UniRef90_A0A0N7J7N2|g__Bacteroides.s__Bacteroides_vulgatus	14.3052441797	q
UniRef90_K5Z4K3	14.29270557	r
UniRef90_K5Z4K3|g__Bacteroides.s__Bacteroides_vulgatus	14.29270557	s
UniRef90_A0A0E2TFE3	14.2675751569	t
UniRef90_A0A0E2TFE3|g__Bacteroides.s__Bacteroides_vulgatus	14.2675751569	u
UniRef90_A6KYK4	14.1817053645	v
UniRef90_A6KYK4|g__Bacteroides.s__Bacteroides_vulgatus	14.1817053645	w
UniRef90_C6IQD9	14.1730842668	x
UniRef90_C6IQD9|g__Bacteroides.s__Bacteroides_vulgatus	14.1730842668	y
UniRef90_A0A374Q4U9	14.1509433962	z
UniRef90_A0A374Q4U9|g__Bacteroides.s__Bacteroides_vulgatus	14.1509433962	a
UniRef90_A0A174WBC9	14.0980537858	b
UniRef90_A0A174WBC9|g__Bacteroides.s__Bacteroides_vulgatus	14.0980537858	c
UniRef90_A0A174BPA4	14.0718762399	d
UniRef90_A0A174BPA4|g__Bacteroides.s__Bacteroides_vulgatus	14.0718762399	e
UniRef90_A0A0P0M4E9	13.9808392765	f
UniRef90_A0A0P0M4E9|g__Bacteroides.s__Bacteroides_vulgatus	13.9808392765	g
UniRef90_A0A0P0LDL7	13.8851761858	h
UniRef90_A0A0P0LDL7|g__Bacteroides.s__Bacteroides_vulgatus	13.8851761858	i
UniRef90_D4VAA1	13.8243660023	j
UniRef90_D4VAA1|g__Bacteroides.s__Bacteroides_vulgatus	13.8243660023	k
UniRef90_A0A174TTJ1	13.8160779342	l
UniRef90_A0A174TTJ1|g__Bacteroides.s__Bacteroides_vulgatus	13.8160779342	m
UniRef90_A0A0P0LE09	13.7829709425	n
UniRef90_A0A0P0LE09|g__Bacteroides.s__Bacteroides_vulgatus	13.7829709425	o
UniRef90_A0A076IS10	13.7548467438	p
UniRef90_A0A076IS10|g__Bacteroides.s__Bacteroides_vulgatus	13.7548467438	q
UniRef90_A0A1H7MMS0	13.7275032203	r
UniRef90_A0A1H7MMS0|g__Bacteroides.s__Bacteroides_vulgatus	13.7275032203	s
UniRef90_A0A0P0M2I3	13.7199353282	t
UniRef90_A0A0P0M2I3|g__Bacteroides.s__Bacteroides_vulgatus	13.7199353282	u
UniRef90_A6KXU8	13.6486865646	v
UniRef90_A6KXU8|g__Bacteroides.s__Bacteroides_vulgatus	13.6486865646	w
UniRef90_A6L170	13.6420171006	x
UniRef90_A6L170|g__Bacteroides.s__Bacteroides_vulgatus	13.6420171006	y
UniRef90_A0A0P0M3U1	13.6113832302	z
UniRef90_A0A0P0M3U1|g__Bacteroides.s__Bacteroides_vulgatus	13.6113832302	a
UniRef90_D1K7C8	13.5389282619	b
UniRef90_D1K7C8|g__Bacteroides.s__Bacteroides_vulgatus	13.5389282619	c
UniRef90_A0A076IVW3	13.4651548771	d
UniRef90_A0A076IVW3|g__Bacteroides.s__Bacteroides_vulgatus	13.4651548771	e
UniRef90_A0A0P0GM51	13.4561107548	f
UniRef90_A0A0P0GM51|g__Bacteroides.s__Bacteroides_vulgatus	13.4561107548	g
UniRef90_E5UT54	13.4343449561	h
UniRef90_E5UT54|g__Bacteroides.s__Bacteroides_vulgatus	13.4343449561	i
UniRef90_E5UXH4	13.3934501023	j
UniRef90_E5UXH4|g__Bacteroides.s__Bacteroides_vulgatus	13.3934501023	k
UniRef90_A0A0K2HE84	13.3880888471	l
UniRef90_A0A0K2HE84|g__Bacteroides.s__Bacteroides_vulgatus	13.3880888471	m
UniRef90_A0A174TCX1	13.3872164399	n
UniRef90_A0A174TCX1|g__Bacteroides.s__Bacteroides_vulgatus	13.3872164399	o
UniRef90_A6KYH0	13.3816170024	p
UniRef90_A6KYH0|g__Bacteroides.s__Bacteroides_vulgatus	13.3816170024	q
UniRef90_A0A076IWV6	13.3446989952	r
UniRef90_A0A076IWV6|g__Bacteroides.s__Bacteroides_vulgatus	13.3446989952	s
UniRef90_A0A0P0LPT7	13.328491697	t
UniRef90_A0A0P0LPT7|g__Bacteroides.s__Bacteroides_vulgatus	13.328491697	u
UniRef90_A0A0K2HL46	13.2522784887	v
UniRef90_A0A0K2HL46|g__Bacteroides.s__Bacteroides_vulgatus	13.2522784887	w
UniRef90_R5M2H2	13.1975725884	x
UniRef90_R5M2H2|g__Bacteroides.s__Bacteroides_vulgatus	13.1975725884	y
UniRef90_A0A0P0M403	13.1094057578	z
UniRef90_A0A0P0M403|g__Bacteroides.s__Bacteroides_vulgatus	13.1094057578	a
UniRef90_I9RA95	13.054567621	b
UniRef90_I9RA95|g__Bacteroides.s__Bacteroides_vulgatus	13.054567621	c
UniRef90_A0A078RB19	13.0075785562	d
UniRef90_A0A078RB19|g__Bacteroides.s__Bacteroides_vulgatus	13.0075785562	e
UniRef90_A6L645	12.9695188088	f
UniRef90_A6L645|g__Bacteroides.s__Bacteroides_vulgatus	12.9695188088	g
UniRef90_A0A069SK66	12.953075603	h
UniRef90_A0A069SK66|g__Bacteroides.s__Bacteroides_vulgatus	12.953075603	i
UniRef90_A0A0P0L4L1	12.8450172457	j
UniRef90_A0A0P0L4L1|g__Bacteroides.s__Bacteroides_vulgatus	12.8450172457	k
UniRef90_A0A396EL80	12.8250969063	l
UniRef90_A0A396EL80|g__Bacteroides.s__Bacteroides_vulgatus	12.8250969063	m
UniRef90_E5UQ06	12.8240307694	n
UniRef90_E5UQ06|g__Bacteroides.s__Bacteroides_vulgatus	12.8240307694	o
UniRef90_A0A397WD19	12.7979129986	p
UniRef90_A0A397WD19|g__Bacteroides.s__Bacteroides_vulgatus	12.7979129986	q
UniRef90_A0A076IRS7	12.7941880891	r
UniRef90_A0A076IRS7|g__Bacteroides.s__Bacteroides_vulgatus	12.7941880891	s
UniRef90_R5JME6	12.6373012738	t
UniRef90_R5JME6|g__Bacteroides.s__Bacteroides_vulgatus	12.6373012738	u
UniRef90_D4VBD5	12.61829653	v
UniRef90_D4VBD5|g__Bacteroides.s__Bacteroides_vulgatus	12.61829653	w
UniRef90_Q8A155	12.5778151743	x
UniRef90_Q8A155|g__Bacteroides.s__Bacteroides_vulgatus	12.5778151743	y
UniRef90_A0A396F9T7	12.5553621812	z
UniRef90_A0A396F9T7|g__Bacteroides.s__Bacteroides_vulgatus	12.5553621812	a
UniRef90_A0A396AT32	12.4918014515	b
UniRef90_A0A396AT32|g__Bacteroides.s__Bacteroides_vulgatus	12.4918014515	c
UniRef90_A0A1Y4PFB7	12.4586363538	d
UniRef90_A0A1Y4PFB7|g__Bacteroides.s__Bacteroides_vulgatus	12.4586363538	e
UniRef90_A0A174WXU9	12.426929396	f
UniRef90_A0A174WXU9|g__Bacteroides.s__Bacteroides_vulgatus	12.426929396	g
UniRef90_A0A173WIK6	12.4022487744	h
UniRef90_A0A173WIK6|g__Bacteroides.s__Bacteroides_vulgatus	12.4022487744	i
UniRef90_A0A076INR1	12.3679528315	j
UniRef90_A0A076INR1|g__Bacteroides.s__Bacteroides_vulgatus	12.3679528315	k
UniRef90_A0A174IEZ6	12.2882530282	l
UniRef90_A0A174IEZ6|g__Bacteroides.s__Bacteroides_vulgatus	12.2882530282	m
UniRef90_A0A3E4JUG9	12.1824053421	n
UniRef90_A0A3E4JUG9|g__Bacteroides.s__Bacteroides_vulgatus	12.1824053421	o
UniRef90_C3RBF3	12.1805514931	p
UniRef90_C3RBF3|g__Bacteroides.s__Bacteroides_vulgatus	12.1805514931	q
UniRef90_A0A0P0M5P5	12.1558455078	r
UniRef90_A0A0P0M5P5|g__Bacteroides.s__Bacteroides_vulgatus	12.1558455078	s
UniRef90_A0A076IZ47	12.1416183633	t
UniRef90_A0A076IZ47|g__Bacteroides.s__Bacteroides_vulgatus	12.1416183633	u
UniRef90_A0A0P0M0H9	12.1218537023	v
UniRef90_A0A0P0M0H9|g__Bacteroides.s__Bacteroides_vulgatus	12.1218537023	w
UniRef90_A0A076IQH4	12.0806549409	x
UniRef90_A0A076IQH4|g__Bacteroides.s__Bacteroides_vulgatus	12.0806549409	y
UniRef90_A0A1H7MMN1	12.0535154472	z
UniRef90_A0A1H7MMN1|g__Bacteroides.s__Bacteroides_vulgatus	12.0535154472	a
UniRef90_A0A174Q601	12.0481927711	b
UniRef90_A0A174Q601|g__Bacteroides.s__Bacteroides_vulgatus	12.0481927711	c
UniRef90_A0A076J543	12.0332339706	d
UniRef90_A0A076J543|g__Bacteroides.s__Bacteroides_vulgatus	12.0332339706	e
UniRef90_B5CXZ6	12.0046610014	f
UniRef90_B5CXZ6|g__Bacteroides.s__Bacteroides_vulgatus	12.0046610014	g
UniRef90_A0A0K2HP99	11.9625535735	h
UniRef90_A0A0K2HP99|g__Bacteroides.s__Bacteroides_vulgatus	11.9625535735	i
UniRef90_C6Z3U6	11.9236169843	j
UniRef90_C6Z3U6|g__Bacteroides.s__Bacteroides_vulgatus	11.9236169843	k
UniRef90_A0A078RHS1	11.9119662643	l
UniRef90_A0A078RHS1|g__Bacteroides.s__Bacteroides_vulgatus	11.9119662643	m
UniRef90_Q89YW6	11.9085229521	n
UniRef90_Q89YW6|g__Bacteroides.s__Bacteroides_vulgatus	11.9085229521	o
UniRef90_A0A0F5JR45	11.8921505084	p
UniRef90_A0A0F5JR45|g__Bacteroides.s__Bacteroides_vulgatus	11.8921505084	q
UniRef90_A0A1Y4PC68	11.8662748332	r
UniRef90_A0A1Y4PC68|g__Bacteroides.s__Bacteroides_vulgatus	11.8662748332	s
UniRef90_A0A174SQD9	11.8646004025	t
UniRef90_A0A174SQD9|g__Bacteroides.s__Bacteroides_vulgatus	11.8646004025	u
UniRef90_A0A174NSG4	11.8383740176	v
UniRef90_A0A174NSG4|g__Bacteroides.s__Bacteroides_vulgatus	11.8383740176	w
UniRef90_A0A396ALC3	11.8019774405	x
UniRef90_A0A396ALC3|g__Bacteroides.s__Bacteroides_vulgatus	11.8019774405	y
UniRef90_A0A0P0FT12	11.7294053464	z
UniRef90_A0A0P0FT12|g__Bacteroides.s__Bacteroides_vulgatus	11.7294053464	a
UniRef90_A0A395UNU1	11.6333986681	b
UniRef90_A0A395UNU1|g__Bacteroides.s__Bacteroides_vulgatus	11.6333986681	c
UniRef90_D4WAD6	11.624942637	d
UniRef90_D4WAD6|g__Bacteroides.s__Bacteroides_vulgatus	11.624942637	e
UniRef90_A0A0M1W597	11.5990585261	f
UniRef90_A0A0M1W597|g__Bacteroides.s__Bacteroides_vulgatus	11.5990585261	g
UniRef90_A6KWF6	11.5536405301	h
UniRef90_A6KWF6|g__Bacteroides.s__Bacteroides_vulgatus	11.5536405301	i
UniRef90_A0A076J1W8	11.5273775216	j
UniRef90_A0A076J1W8|g__Bacteroides.s__Bacteroides_vulgatus	11.5273775216	k
UniRef90_A0A076J997	11.4885034978	l
UniRef90_A0A076J997|g__Bacteroides.s__Bacteroides_vulgatus	11.4885034978	m
UniRef90_A0A0P0L7F8	11.4102206965	n
UniRef90_A0A0P0L7F8|g__Bacteroides.s__Bacteroides_vulgatus	11.4102206965	o
UniRef90_B5CXN6	11.372998148	p
UniRef90_B5CXN6|g__Bacteroides.s__Bacteroides_vulgatus	11.372998148	q
UniRef90_A0A174TWV3	11.3636363636	r
UniRef90_A0A174TWV3|g__Bacteroides.s__Bacteroides_vulgatus	11.3636363636	s
UniRef90_A0A0P0M5Z5	11.2960049579	t
UniRef90_A0A0P0M5Z5|g__Bacteroides.s__Bacteroides_vulgatus	11.2960049579	u
UniRef90_A0A3E5E6D9	11.2472134171	v
UniRef90_A0A3E5E6D9|g__Bacteroides.s__Bacteroides_vulgatus	11.2472134171	w
UniRef90_A0A174J5J5	11.2257064852	x
UniRef90_A0A174J5J5|g__Bacteroides.s__Bacteroides_vulgatus	11.2257064852	y
UniRef90_A0A396FAT6	11.1111111111	z
UniRef90_A0A396FAT6|g__Bacteroides.s__Bacteroides_vulgatus	11.1111111111	a
UniRef90_A0A396F8P0	11.0385801872	b
UniRef90_A0A396F8P0|g__Bacteroides.s__Bacteroides_vulgatus	11.0385801872	c
UniRef90_A0A078QWE8	11.0264091838	d
UniRef90_A0A078QWE8|g__Bacteroides.s__Bacteroides_vulgatus	11.0264091838	e
UniRef90_A6L686	10.9825874901	f
UniRef90_A6L686|g__Bacteroides.s__Bacteroides_vulgatus	10.9825874901	g
UniRef90_C6Z6H8	10.9599919361	h
UniRef90_C6Z6H8|g__Bacteroides.s__Bacteroides_vulgatus	10.9599919361	i
UniRef90_K5ZRE6	10.8946474049	j
UniRef90_K5ZRE6|g__Bacteroides.s__Bacteroides_vulgatus	10.8946474049	k
UniRef90_A0A0P0M192	10.8078114861	l
UniRef90_A0A0P0M192|g__Bacteroides.s__Bacteroides_vulgatus	10.8078114861	m
UniRef90_A0A0M1W3W6	10.6358484645	n
UniRef90_A0A0M1W3W6|g__Bacteroides.s__Bacteroides_vulgatus	10.6358484645	o
UniRef90_A0A174RUP9	10.6125924126	p
UniRef90_A0A174RUP9|g__Bacteroides.s__Bacteroides_vulgatus	10.6125924126	q
UniRef90_A0A0P0L886	10.5945525832	r
UniRef90_A0A0P0L886|g__Bacteroides.s__Bacteroides_vulgatus	10.5945525832	s
UniRef90_A0A395VEZ8	10.5678831363	t
UniRef90_A0A395VEZ8|g__Bacteroides.s__Bacteroides_vulgatus	10.5678831363	u
UniRef90_A0A0N7J7G2	10.4621674244	v
UniRef90_A0A0N7J7G2|g__Bacteroides.s__Bacteroides_vulgatus	10.4621674244	w
UniRef90_A0A0P0M152	10.4537949648	x
UniRef90_A0A0P0M152|g__Bacteroides.s__Bacteroides_vulgatus	10.4537949648	y
UniRef90_S0F7Y5	10.4227586	z
UniRef90_S0F7Y5|g__Bacteroides.s__Bacteroides_vulgatus	10.4227586	a
UniRef90_UPI0002E0A599	10.4166666667	b
UniRef90_UPI0002E0A599|g__Bacteroides.s__Bacteroides_vulgatus	10.4166666667	c
UniRef90_D1QWA5	10.3297341863	d
UniRef90_D1QWA5|g__Bacteroides.s__Bacteroides_vulgatus	10.3297341863	e
UniRef90_K6AK01	10.3092783505	f
UniRef90_K6AK01|g__Bacteroides.s__Bacteroides_vulgatus	10.3092783505	g
UniRef90_A0A1Y3ZSD5	10.2977187387	h
UniRef90_A0A1Y3ZSD5|g__Bacteroides.s__Bacteroides_vulgatus	10.2977187387	i
UniRef90_R6F3Y1	10.2438723198	j
UniRef90_R6F3Y1|g__Bacteroides.s__Bacteroides_vulgatus	10.2438723198	k
UniRef90_A0A0P0M586	10.2387386783	l
UniRef90_A0A0P0M586|g__Bacteroides.s__Bacteroides_vulgatus	10.2387386783	m
UniRef90_D4VBS8	9.8417374706	n
UniRef90_D4VBS8|g__Bacteroides.s__Bacteroides_vulgatus	9.8417374706	o
UniRef90_A0A0M1W198	9.7212423165	p
UniRef90_A0A0M1W198|g__Bacteroides.s__Bacteroides_vulgatus	9.7212423165	q
UniRef90_A0A3E4T9B7	9.6879731298	r
UniRef90_A0A3E4T9B7|g__Bacteroides.s__Bacteroides_vulgatus	9.6879731298	s
UniRef90_A0A0P0LIQ9	9.6497890681	t
UniRef90_A0A0P0LIQ9|g__Bacteroides.s__Bacteroides_vulgatus	9.6497890681	u
UniRef90_D1JY20	9.6245794064	v
UniRef90_D1JY20|g__Bacteroides.s__Bacteroides_vulgatus	9.6245794064	w
UniRef90_A0A1Y4PQ59	9.6129349682	x
UniRef90_A0A1Y4PQ59|g__Bacteroides.s__Bacteroides_vulgatus	9.6129349682	y
UniRef90_A0A397WCE7	9.5715794439	z
UniRef90_A0A397WCE7|g__Bacteroides.s__Bacteroides_vulgatus	9.5715794439	a
UniRef90_A0A0P0M394	9.5368684988	b
UniRef90_A0A0P0M394|g__Bacteroides.s__Bacteroides_vulgatus	9.5368684988	c
UniRef90_A0A0P0M606	9.3830150067	d
UniRef90_A0A0P0M606|g__Bacteroides.s__Bacteroides_vulgatus	9.3830150067	e
UniRef90_D1JU88	9.2412746375	f
UniRef90_D1JU88|g__Bacteroides.s__Bacteroides_vulgatus	9.2412746375	g
UniRef90_D4VCM7	9.0034995572	h
UniRef90_D4VCM7|g__Bacteroides.s__Bacteroides_vulgatus	9.0034995572	i
UniRef90_A0A3E4HFL8	8.9113611966	j
UniRef90_A0A3E4HFL8|g__Bacteroides.s__Bacteroides_vulgatus	8.9113611966	k
UniRef90_A0A076IR50	8.8858644733	l
UniRef90_A0A076IR50|g__Bacteroides.s__Bacteroides_vulgatus	8.8858644733	m
UniRef90_D4V8X4	8.8162272365	n
UniRef90_D4V8X4|g__Bacteroides.s__Bacteroides_vulgatus	8.8162272365	o
UniRef90_I9A5F6	8.7739202783	p
UniRef90_I9A5F6|g__Bacteroides.s__Bacteroides_vulgatus	8.7739202783	q
UniRef90_A0A1H7IVI3	8.6956521739	r
UniRef90_A0A1H7IVI3|g__Bacteroides.s__Bacteroides_vulgatus	8.6956521739	s
UniRef90_C3QQR7	8.5110527637	t
UniRef90_C3QQR7|g__Bacteroides.s__Bacteroides_vulgatus	8.5110527637	u
UniRef90_A0A3E5EMN9	8.3682008368	v
UniRef90_A0A3E5EMN9|g__Bacteroides.s__Bacteroides_vulgatus	8.3682008368	w
UniRef90_I9RFL3	8.3299604186	x
UniRef90_I9RFL3|g__Bacteroides.s__Bacteroides_vulgatus	8.3299604186	y
UniRef90_A0A1Q6JNB2	8.2617352644	z
UniRef90_A0A1Q6JNB2|g__Bacteroides.s__Bacteroides_vulgatus	8.2617352644	a
UniRef90_A0A395VSK8	8.2018575568	b
UniRef90_A0A395VSK8|g__Bacteroides.s__Bacteroides_vulgatus	8.2018575568	c
UniRef90_D7INU4	8.0974583491	d
UniRef90_D7INU4|g__Bacteroides.s__Bacteroides_vulgatus	8.0974583491	e
UniRef90_A0A0P0L6Q3	7.9522862823	f
UniRef90_A0A0P0L6Q3|g__Bacteroides.s__Bacteroides_vulgatus	7.9522862823	g
UniRef90_A0A396EVR0	7.8585765015	h
UniRef90_A0A396EVR0|g__Bacteroides.s__Bacteroides_vulgatus	7.8585765015	i
UniRef90_UPI000E432A7C	7.5839268992	j
UniRef90_UPI000E432A7C|g__Bacteroides.s__Bacteroides_vulgatus	7.5839268992	k
UniRef90_A0A380Z5C7	6.4239828694	l
UniRef90_A0A380Z5C7|g__Bacteroides.s__Bacteroides_vulgatus	6.4239828694	m
