# Gene Family	demo_Abundance-RPKs
UNMAPPED	abcdef
UniRef90_I9EJJ4	abcdef
UniRef90_I9EJJ4|g__Bacteroides.s__Bacteroides_vulgatus	abcdef
UniRef90_B5D0V1	abcdef
UniRef90_B5D0V1|g__Bacteroides.s__Bacteroides_vulgatus	abcdef
UniRef90_A0A395VP60	abcdef
UniRef90_A0A395VP60|g__Bacteroides.s__Bacteroides_vulgatus	abcdef
UniRef90_A0A3E4PLE2	abcdef
UniRef90_A0A3E4PLE2|g__Bacteroides.s__Bacteroides_vulgatus	abcdef
UniRef90_A0A078RIU7	abcdef
UniRef90_A0A078RIU7|g__Bacteroides.s__Bacteroides_vulgatus	abcdef
UniRef90_C6ZAS2	abcdef
UniRef90_C6ZAS2|g__Bacteroides.s__Bacteroides_vulgatus	abcdef
UniRef90_A0A3E4XFQ6	abcdef
UniRef90_A0A3E4XFQ6|g__Bacteroides.s__Bacteroides_vulgatus	abcdef
UniRef90_G1UM91	abcdef
UniRef90_G1UM91|g__Bacteroides.s__Bacteroides_vulgatus	abcdef
UniRef90_A0A396E449	abcdef
UniRef90_A0A396E449|g__Bacteroides.s__Bacteroides_vulgatus	abcdef
UniRef90_A6KZR2	abcdef
UniRef90_A6KZR2|g__Bacteroides.s__Bacteroides_vulgatus	abcdef
UniRef90_I9J2Y0	abcdef
UniRef90_I9J2Y0|g__Bacteroides.s__Bacteroides_vulgatus	abcdef
UniRef90_D4V549	abcdef
UniRef90_D4V549|g__Bacteroides.s__Bacteroides_vulgatus	abcdef
UniRef90_A0A3E4XFK9	abcdef
UniRef90_A0A3E4XFK9|g__Bacteroides.s__Bacteroides_vulgatus	abcdef
UniRef90_B5D0U7	abcdef
UniRef90_B5D0U7|g__Bacteroides.s__Bacteroides_vulgatus	abcdef
UniRef90_A0A015X489	abcdef
UniRef90_A0A015X489|g__Bacteroides.s__Bacteroides_vulgatus	abcdef
UniRef90_A0A396E704	abcdef
UniRef90_A0A396E704|g__Bacteroides.s__Bacteroides_vulgatus	abcdef
UniRef90_A0A3E4XFK3	abcdef
UniRef90_A0A3E4XFK3|g__Bacteroides.s__Bacteroides_vulgatus	abcdef
UniRef90_A0A3E4XFK5	abcdef
UniRef90_A0A3E4XFK5|g__Bacteroides.s__Bacteroides_vulgatus	abcdef
UniRef90_C6ZAN6	abcdef
UniRef90_C6ZAN6|g__Bacteroides.s__Bacteroides_vulgatus	abcdef
UniRef90_C6ZAL1	abcdef
UniRef90_C6ZAL1|g__Bacteroides.s__Bacteroides_vulgatus	abcdef
UniRef90_B5D0N0	abcdef
UniRef90_B5D0N0|g__Bacteroides.s__Bacteroides_vulgatus	abcdef
UniRef90_A0A0P0M2E3	abcdef
UniRef90_A0A0P0M2E3|g__Bacteroides.s__Bacteroides_vulgatus	abcdef
UniRef90_I9UBB8	abcdef
UniRef90_I9UBB8|g__Bacteroides.s__Bacteroides_vulgatus	abcdef
UniRef90_C6ZAR3	abcdef
UniRef90_C6ZAR3|g__Bacteroides.s__Bacteroides_vulgatus	abcdef
UniRef90_A0A0P0LI08	abcdef
UniRef90_A0A0P0LI08|g__Bacteroides.s__Bacteroides_vulgatus	abcdef
UniRef90_A0A3E4XFT8	abcdef
UniRef90_A0A3E4XFT8|g__Bacteroides.s__Bacteroides_vulgatus	abcdef
UniRef90_A0A3E4XFQ9	abcdef
UniRef90_A0A3E4XFQ9|g__Bacteroides.s__Bacteroides_vulgatus	abcdef
UniRef90_A0A076IWK0	abcdef
UniRef90_A0A076IWK0|g__Bacteroides.s__Bacteroides_vulgatus	abcdef
UniRef90_B6W1I3	abcdef
UniRef90_B6W1I3|g__Bacteroides.s__Bacteroides_vulgatus	abcdef
UniRef90_A0A076ITS7	abcdef
UniRef90_A0A076ITS7|g__Bacteroides.s__Bacteroides_vulgatus	abcdef
UniRef90_C9KTE0	abcdef
UniRef90_C9KTE0|g__Bacteroides.s__Bacteroides_vulgatus	abcdef
UniRef90_D1JWR6	abcdef
UniRef90_D1JWR6|g__Bacteroides.s__Bacteroides_vulgatus	abcdef
UniRef90_A0A069S2P7	abcdef
UniRef90_A0A069S2P7|g__Bacteroides.s__Bacteroides_vulgatus	abcdef
UniRef90_A0A3E4JCP7	abcdef
UniRef90_A0A3E4JCP7|g__Bacteroides.s__Bacteroides_vulgatus	abcdef
UniRef90_B6VXB6	abcdef
UniRef90_B6VXB6|g__Bacteroides.s__Bacteroides_vulgatus	abcdef
UniRef90_F7LXM2	abcdef
UniRef90_F7LXM2|g__Bacteroides.s__Bacteroides_vulgatus	abcdef
UniRef90_A0A1Q6IXK0	abcdef
UniRef90_A0A1Q6IXK0|g__Bacteroides.s__Bacteroides_vulgatus	abcdef
UniRef90_A0A3E4XFJ9	abcdef
UniRef90_A0A3E4XFJ9|g__Bacteroides.s__Bacteroides_vulgatus	abcdef
UniRef90_R5CD91	abcdef
UniRef90_R5CD91|g__Bacteroides.s__Bacteroides_vulgatus	abcdef
UniRef90_Q64SH0	abcdef
UniRef90_Q64SH0|g__Bacteroides.s__Bacteroides_vulgatus	abcdef
UniRef90_A0A3E4ZV70	abcdef
UniRef90_A0A3E4ZV70|g__Bacteroides.s__Bacteroides_vulgatus	abcdef
UniRef90_A0A069S3S3	abcdef
UniRef90_A0A069S3S3|g__Bacteroides.s__Bacteroides_vulgatus	abcdef
UniRef90_D4V4V0	abcdef
UniRef90_D4V4V0|g__Bacteroides.s__Bacteroides_vulgatus	abcdef
UniRef90_A0A076IQ49	abcdef
UniRef90_A0A076IQ49|g__Bacteroides.s__Bacteroides_vulgatus	abcdef
UniRef90_A0A174R7U9	abcdef
UniRef90_A0A174R7U9|g__Bacteroides.s__Bacteroides_vulgatus	abcdef
UniRef90_A0A174KU74	abcdef
UniRef90_A0A174KU74|g__Bacteroides.s__Bacteroides_vulgatus	abcdef
UniRef90_C6ZAS8	abcdef
UniRef90_C6ZAS8|g__Bacteroides.s__Bacteroides_vulgatus	abcdef
UniRef90_A0A078TAG6	abcdef
UniRef90_A0A078TAG6|g__Bacteroides.s__Bacteroides_vulgatus	abcdef
UniRef90_A0A076J5I1	abcdef
UniRef90_A0A076J5I1|g__Bacteroides.s__Bacteroides_vulgatus	abcdef
UniRef90_D4VEG4	abcdef
UniRef90_D4VEG4|g__Bacteroides.s__Bacteroides_vulgatus	abcdef
UniRef90_A0A1Q6IXL9	abcdef
UniRef90_A0A1Q6IXL9|g__Bacteroides.s__Bacteroides_vulgatus	abcdef
UniRef90_A0A0P0LHQ9	abcdef
UniRef90_A0A0P0LHQ9|g__Bacteroides.s__Bacteroides_vulgatus	abcdef
UniRef90_C6ZAL8	abcdef
UniRef90_C6ZAL8|g__Bacteroides.s__Bacteroides_vulgatus	abcdef
UniRef90_A0A0P0L353	abcdef
UniRef90_A0A0P0L353|g__Bacteroides.s__Bacteroides_vulgatus	abcdef
UniRef90_D1K9I6	abcdef
UniRef90_D1K9I6|g__Bacteroides.s__Bacteroides_vulgatus	abcdef
UniRef90_A0A395UK03	abcdef
UniRef90_A0A395UK03|g__Bacteroides.s__Bacteroides_vulgatus	abcdef
UniRef90_A0A174QUM5	abcdef
UniRef90_A0A174QUM5|g__Bacteroides.s__Bacteroides_vulgatus	abcdef
UniRef90_A0A076J5U1	abcdef
UniRef90_A0A076J5U1|g__Bacteroides.s__Bacteroides_vulgatus	abcdef
UniRef90_D4V7E2	abcdef
UniRef90_D4V7E2|g__Bacteroides.s__Bacteroides_vulgatus	abcdef
UniRef90_A0A0K2HIA2	abcdef
UniRef90_A0A0K2HIA2|g__Bacteroides.s__Bacteroides_vulgatus	abcdef
UniRef90_E5UZP2	abcdef
UniRef90_E5UZP2|g__Bacteroides.s__Bacteroides_vulgatus	abcdef
UniRef90_A0A0P0M5L3	abcdef
UniRef90_A0A0P0M5L3|g__Bacteroides.s__Bacteroides_vulgatus	abcdef
UniRef90_A0A069S4W8	abcdef
UniRef90_A0A069S4W8|g__Bacteroides.s__Bacteroides_vulgatus	abcdef
UniRef90_A0A0P0LCY3	abcdef
UniRef90_A0A0P0LCY3|g__Bacteroides.s__Bacteroides_vulgatus	abcdef
UniRef90_A0A174N3R8	abcdef
UniRef90_A0A174N3R8|g__Bacteroides.s__Bacteroides_vulgatus	abcdef
UniRef90_A6L5G7	abcdef
UniRef90_A6L5G7|g__Bacteroides.s__Bacteroides_vulgatus	abcdef
UniRef90_A0A076J5W7	abcdef
UniRef90_A0A076J5W7|g__Bacteroides.s__Bacteroides_vulgatus	abcdef
UniRef90_A0A0P0LHJ3	abcdef
UniRef90_A0A0P0LHJ3|g__Bacteroides.s__Bacteroides_vulgatus	abcdef
UniRef90_A6L083	abcdef
UniRef90_A6L083|g__Bacteroides.s__Bacteroides_vulgatus	abcdef
UniRef90_A0A380ZJN2	abcdef
UniRef90_A0A380ZJN2|g__Bacteroides.s__Bacteroides_vulgatus	abcdef
UniRef90_A0A0P0LK20	abcdef
UniRef90_A0A0P0LK20|g__Bacteroides.s__Bacteroides_vulgatus	abcdef
UniRef90_A0A396ARN2	abcdef
UniRef90_A0A396ARN2|g__Bacteroides.s__Bacteroides_vulgatus	abcdef
UniRef90_D4V7C3	abcdef
UniRef90_D4V7C3|g__Bacteroides.s__Bacteroides_vulgatus	abcdef
UniRef90_A0A1H7HSD9	abcdef
UniRef90_A0A1H7HSD9|g__Bacteroides.s__Bacteroides_vulgatus	abcdef
UniRef90_R7P2X9	abcdef
UniRef90_R7P2X9|g__Bacteroides.s__Bacteroides_vulgatus	abcdef
UniRef90_A0A1Y3ZIE4	abcdef
UniRef90_A0A1Y3ZIE4|g__Bacteroides.s__Bacteroides_vulgatus	abcdef
UniRef90_A0A396F407	abcdef
UniRef90_A0A396F407|g__Bacteroides.s__Bacteroides_vulgatus	abcdef
UniRef90_C3R9T2	abcdef
UniRef90_C3R9T2|g__Bacteroides.s__Bacteroides_vulgatus	abcdef
UniRef90_A0A174J4M2	abcdef
UniRef90_A0A174J4M2|g__Bacteroides.s__Bacteroides_vulgatus	abcdef
UniRef90_Q650G5	abcdef
UniRef90_Q650G5|g__Bacteroides.s__Bacteroides_vulgatus	abcdef
UniRef90_A0A1H7IC77	abcdef
UniRef90_A0A1H7IC77|g__Bacteroides.s__Bacteroides_vulgatus	abcdef
UniRef90_A0A0K2HIG2	abcdef
UniRef90_A0A0K2HIG2|g__Bacteroides.s__Bacteroides_vulgatus	abcdef
UniRef90_E5UQ30	abcdef
UniRef90_E5UQ30|g__Bacteroides.s__Bacteroides_vulgatus	abcdef
UniRef90_I8ZQ06	abcdef
UniRef90_I8ZQ06|g__Bacteroides.s__Bacteroides_vulgatus	abcdef
UniRef90_B0NQA3	abcdef
UniRef90_B0NQA3|g__Bacteroides.s__Bacteroides_vulgatus	abcdef
UniRef90_A0A0P0M1A3	abcdef
UniRef90_A0A0P0M1A3|g__Bacteroides.s__Bacteroides_vulgatus	abcdef
UniRef90_A0A1T4IYC5	abcdef
UniRef90_A0A1T4IYC5|g__Bacteroides.s__Bacteroides_vulgatus	abcdef
UniRef90_S0F753	abcdef
UniRef90_S0F753|g__Bacteroides.s__Bacteroides_vulgatus	abcdef
UniRef90_A0A076IME4	abcdef
UniRef90_A0A076IME4|g__Bacteroides.s__Bacteroides_vulgatus	abcdef
UniRef90_A6L5J5	abcdef
UniRef90_A6L5J5|g__Bacteroides.s__Bacteroides_vulgatus	abcdef
UniRef90_A0A0M0N1A8	abcdef
UniRef90_A0A0M0N1A8|g__Bacteroides.s__Bacteroides_vulgatus	abcdef
UniRef90_A0A076J6J3	abcdef
UniRef90_A0A076J6J3|g__Bacteroides.s__Bacteroides_vulgatus	abcdef
UniRef90_A0A076IPF6	abcdef
UniRef90_A0A076IPF6|g__Bacteroides.s__Bacteroides_vulgatus	abcdef
UniRef90_A0A3E5EGN1	abcdef
UniRef90_A0A3E5EGN1|g__Bacteroides.s__Bacteroides_vulgatus	abcdef
UniRef90_E6SQG4	abcdef
UniRef90_E6SQG4|g__Bacteroides.s__Bacteroides_vulgatus	abcdef
UniRef90_A0A174Q9Z0	abcdef
UniRef90_A0A174Q9Z0|g__Bacteroides.s__Bacteroides_vulgatus	abcdef
UniRef90_A0A174L9Z9	abcdef
UniRef90_A0A174L9Z9|g__Bacteroides.s__Bacteroides_vulgatus	abcdef
UniRef90_A6L2V6	abcdef
UniRef90_A6L2V6|g__Bacteroides.s__Bacteroides_vulgatus	abcdef
UniRef90_A0A3E5HCD5	abcdef
UniRef90_A0A3E5HCD5|g__Bacteroides.s__Bacteroides_vulgatus	abcdef
UniRef90_A6L2W9	abcdef
UniRef90_A6L2W9|g__Bacteroides.s__Bacteroides_vulgatus	abcdef
UniRef90_A0A076J249	abcdef
UniRef90_A0A076J249|g__Bacteroides.s__Bacteroides_vulgatus	abcdef
UniRef90_A0A078QYJ8	abcdef
UniRef90_A0A078QYJ8|g__Bacteroides.s__Bacteroides_vulgatus	abcdef
UniRef90_A6L6X5	abcdef
UniRef90_A6L6X5|g__Bacteroides.s__Bacteroides_vulgatus	abcdef
UniRef90_A0A174LZM2	abcdef
UniRef90_A0A174LZM2|g__Bacteroides.s__Bacteroides_vulgatus	abcdef
UniRef90_A0A0M1W4E7	abcdef
UniRef90_A0A0M1W4E7|g__Bacteroides.s__Bacteroides_vulgatus	abcdef
UniRef90_D4VDF7	abcdef
UniRef90_D4VDF7|g__Bacteroides.s__Bacteroides_vulgatus	abcdef
UniRef90_A0A0N7J836	abcdef
UniRef90_A0A0N7J836|g__Bacteroides.s__Bacteroides_vulgatus	abcdef
UniRef90_A0A076IMM1	abcdef
UniRef90_A0A076IMM1|g__Bacteroides.s__Bacteroides_vulgatus	abcdef
UniRef90_A0A1Y3ZL52	abcdef
UniRef90_A0A1Y3ZL52|g__Bacteroides.s__Bacteroides_vulgatus	abcdef
UniRef90_B5D0L4	abcdef
UniRef90_B5D0L4|g__Bacteroides.s__Bacteroides_vulgatus	abcdef
UniRef90_A0A397WCV4	abcdef
UniRef90_A0A397WCV4|g__Bacteroides.s__Bacteroides_vulgatus	abcdef
UniRef90_A0A078SXL7	abcdef
UniRef90_A0A078SXL7|g__Bacteroides.s__Bacteroides_vulgatus	abcdef
UniRef90_A0A0K2HHQ4	abcdef
UniRef90_A0A0K2HHQ4|g__Bacteroides.s__Bacteroides_vulgatus	abcdef
UniRef90_A6L2M8	abcdef
UniRef90_A6L2M8|g__Bacteroides.s__Bacteroides_vulgatus	abcdef
UniRef90_D4V4L9	abcdef
UniRef90_D4V4L9|g__Bacteroides.s__Bacteroides_vulgatus	abcdef
UniRef90_I8VP64	abcdef
UniRef90_I8VP64|g__Bacteroides.s__Bacteroides_vulgatus	abcdef
UniRef90_D4V7L7	abcdef
UniRef90_D4V7L7|g__Bacteroides.s__Bacteroides_vulgatus	abcdef
UniRef90_A0A174UG67	abcdef
UniRef90_A0A174UG67|g__Bacteroides.s__Bacteroides_vulgatus	abcdef
UniRef90_A6L3C5	abcdef
UniRef90_A6L3C5|g__Bacteroides.s__Bacteroides_vulgatus	abcdef
UniRef90_A0A1Y4PBJ5	abcdef
UniRef90_A0A1Y4PBJ5|g__Bacteroides.s__Bacteroides_vulgatus	abcdef
UniRef90_A6L168	abcdef
UniRef90_A6L168|g__Bacteroides.s__Bacteroides_vulgatus	abcdef
UniRef90_A0A1Q6I1C1	abcdef
UniRef90_A0A1Q6I1C1|g__Bacteroides.s__Bacteroides_vulgatus	abcdef
UniRef90_A0A396DX97	abcdef
UniRef90_A0A396DX97|g__Bacteroides.s__Bacteroides_vulgatus	abcdef
UniRef90_A6KZL8	abcdef
UniRef90_A6KZL8|g__Bacteroides.s__Bacteroides_vulgatus	abcdef
UniRef90_A0A0E2AWP1	abcdef
UniRef90_A0A0E2AWP1|g__Bacteroides.s__Bacteroides_vulgatus	abcdef
UniRef90_A0A0P0M574	abcdef
UniRef90_A0A0P0M574|g__Bacteroides.s__Bacteroides_vulgatus	abcdef
UniRef90_I8WTV5	abcdef
UniRef90_I8WTV5|g__Bacteroides.s__Bacteroides_vulgatus	abcdef
UniRef90_A0A076IM12	abcdef
UniRef90_A0A076IM12|g__Bacteroides.s__Bacteroides_vulgatus	abcdef
UniRef90_A0A0P0M4I6	abcdef
UniRef90_A0A0P0M4I6|g__Bacteroides.s__Bacteroides_vulgatus	abcdef
UniRef90_A0A069SNW9	abcdef
UniRef90_A0A069SNW9|g__Bacteroides.s__Bacteroides_vulgatus	abcdef
UniRef90_A0A076ILA9	abcdef
UniRef90_A0A076ILA9|g__Bacteroides.s__Bacteroides_vulgatus	abcdef
UniRef90_A0A076J8Y4	abcdef
UniRef90_A0A076J8Y4|g__Bacteroides.s__Bacteroides_vulgatus	abcdef
UniRef90_A6L4N0	abcdef
UniRef90_A6L4N0|g__Bacteroides.s__Bacteroides_vulgatus	abcdef
UniRef90_A0A076J5M4	abcdef
UniRef90_A0A076J5M4|g__Bacteroides.s__Bacteroides_vulgatus	abcdef
UniRef90_D4V3P6	abcdef
UniRef90_D4V3P6|g__Bacteroides.s__Bacteroides_vulgatus	abcdef
UniRef90_A0A076ITD9	abcdef
UniRef90_A0A076ITD9|g__Bacteroides.s__Bacteroides_vulgatus	abcdef
UniRef90_A0A0P0M2V7	abcdef
UniRef90_A0A0P0M2V7|g__Bacteroides.s__Bacteroides_vulgatus	abcdef
UniRef90_A0A076IIN4	abcdef
UniRef90_A0A076IIN4|g__Bacteroides.s__Bacteroides_vulgatus	abcdef
UniRef90_A0A076J475	abcdef
UniRef90_A0A076J475|g__Bacteroides.s__Bacteroides_vulgatus	abcdef
UniRef90_A0A076IRA9	abcdef
UniRef90_A0A076IRA9|g__Bacteroides.s__Bacteroides_vulgatus	abcdef
UniRef90_A6L2V8	abcdef
UniRef90_A6L2V8|g__Bacteroides.s__Bacteroides_vulgatus	abcdef
UniRef90_D4V870	abcdef
UniRef90_D4V870|g__Bacteroides.s__Bacteroides_vulgatus	abcdef
UniRef90_A0A076J355	abcdef
UniRef90_A0A076J355|g__Bacteroides.s__Bacteroides_vulgatus	abcdef
UniRef90_U6RCW1	abcdef
UniRef90_U6RCW1|g__Bacteroides.s__Bacteroides_vulgatus	abcdef
UniRef90_A0A174TGW6	abcdef
UniRef90_A0A174TGW6|g__Bacteroides.s__Bacteroides_vulgatus	abcdef
UniRef90_A0A076J0M1	abcdef
UniRef90_A0A076J0M1|g__Bacteroides.s__Bacteroides_vulgatus	abcdef
UniRef90_A0A396ESL5	abcdef
UniRef90_A0A396ESL5|g__Bacteroides.s__Bacteroides_vulgatus	abcdef
UniRef90_A0A0P0LPA8	abcdef
UniRef90_A0A0P0LPA8|g__Bacteroides.s__Bacteroides_vulgatus	abcdef
UniRef90_A0A076IWI5	abcdef
UniRef90_A0A076IWI5|g__Bacteroides.s__Bacteroides_vulgatus	abcdef
UniRef90_A0A069SHN4	abcdef
UniRef90_A0A069SHN4|g__Bacteroides.s__Bacteroides_vulgatus	abcdef
UniRef90_A6L7T5	abcdef
UniRef90_A6L7T5|g__Bacteroides.s__Bacteroides_vulgatus	abcdef
UniRef90_A0A078R0W0	abcdef
UniRef90_A0A078R0W0|g__Bacteroides.s__Bacteroides_vulgatus	abcdef
UniRef90_A0A076IQI3	abcdef
UniRef90_A0A076IQI3|g__Bacteroides.s__Bacteroides_vulgatus	abcdef
UniRef90_D1KAH7	abcdef
UniRef90_D1KAH7|g__Bacteroides.s__Bacteroides_vulgatus	abcdef
UniRef90_A6L330	abcdef
UniRef90_A6L330|g__Bacteroides.s__Bacteroides_vulgatus	abcdef
UniRef90_A0A174NQE1	abcdef
UniRef90_A0A174NQE1|g__Bacteroides.s__Bacteroides_vulgatus	abcdef
UniRef90_A0A395UIQ2	abcdef
UniRef90_A0A395UIQ2|g__Bacteroides.s__Bacteroides_vulgatus	abcdef
UniRef90_D4V3D2	abcdef
UniRef90_D4V3D2|g__Bacteroides.s__Bacteroides_vulgatus	abcdef
UniRef90_A6KXA6	abcdef
UniRef90_A6KXA6|g__Bacteroides.s__Bacteroides_vulgatus	abcdef
UniRef90_A0A1Q6HYS0	abcdef
UniRef90_A0A1Q6HYS0|g__Bacteroides.s__Bacteroides_vulgatus	abcdef
UniRef90_A6L5J0	abcdef
UniRef90_A6L5J0|g__Bacteroides.s__Bacteroides_vulgatus	abcdef
UniRef90_C3R9S9	abcdef
UniRef90_C3R9S9|g__Bacteroides.s__Bacteroides_vulgatus	abcdef
UniRef90_A0A0P0LH34	abcdef
UniRef90_A0A0P0LH34|g__Bacteroides.s__Bacteroides_vulgatus	abcdef
UniRef90_A0A076IYH9	abcdef
UniRef90_A0A076IYH9|g__Bacteroides.s__Bacteroides_vulgatus	abcdef
UniRef90_A0A076IND8	abcdef
UniRef90_A0A076IND8|g__Bacteroides.s__Bacteroides_vulgatus	abcdef
UniRef90_C3R8X7	abcdef
UniRef90_C3R8X7|g__Bacteroides.s__Bacteroides_vulgatus	abcdef
UniRef90_A6L391	abcdef
UniRef90_A6L391|g__Bacteroides.s__Bacteroides_vulgatus	abcdef
UniRef90_A0A174P1Q8	abcdef
UniRef90_A0A174P1Q8|g__Bacteroides.s__Bacteroides_vulgatus	abcdef
UniRef90_A6KXY5	abcdef
UniRef90_A6KXY5|g__Bacteroides.s__Bacteroides_vulgatus	abcdef
UniRef90_A0A1Y3ZE18	abcdef
UniRef90_A0A1Y3ZE18|g__Bacteroides.s__Bacteroides_vulgatus	abcdef
UniRef90_A0A174M183	abcdef
UniRef90_A0A174M183|g__Bacteroides.s__Bacteroides_vulgatus	abcdef
UniRef90_A0A396BH28	abcdef
UniRef90_A0A396BH28|g__Bacteroides.s__Bacteroides_vulgatus	abcdef
UniRef90_A0A0P0L8N9	abcdef
UniRef90_A0A0P0L8N9|g__Bacteroides.s__Bacteroides_vulgatus	abcdef
UniRef90_C3RE72	abcdef
UniRef90_C3RE72|g__Bacteroides.s__Bacteroides_vulgatus	abcdef
UniRef90_A0A3E5EDG4	abcdef
UniRef90_A0A3E5EDG4|g__Bacteroides.s__Bacteroides_vulgatus	abcdef
UniRef90_A0A076IYC1	abcdef
UniRef90_A0A076IYC1|g__Bacteroides.s__Bacteroides_vulgatus	abcdef
UniRef90_A6L1P5	abcdef
UniRef90_A6L1P5|g__Bacteroides.s__Bacteroides_vulgatus	abcdef
UniRef90_A0A081TW72	abcdef
UniRef90_A0A081TW72|g__Bacteroides.s__Bacteroides_vulgatus	abcdef
UniRef90_A6L1V8	abcdef
UniRef90_A6L1V8|g__Bacteroides.s__Bacteroides_vulgatus	abcdef
UniRef90_A0A076INP4	abcdef
UniRef90_A0A076INP4|g__Bacteroides.s__Bacteroides_vulgatus	abcdef
UniRef90_A6L089	abcdef
UniRef90_A6L089|g__Bacteroides.s__Bacteroides_vulgatus	abcdef
UniRef90_A0A0K2HHR9	abcdef
UniRef90_A0A0K2HHR9|g__Bacteroides.s__Bacteroides_vulgatus	abcdef
UniRef90_A0A015W6F0	abcdef
UniRef90_A0A015W6F0|g__Bacteroides.s__Bacteroides_vulgatus	abcdef
UniRef90_C3R9E8	abcdef
UniRef90_C3R9E8|g__Bacteroides.s__Bacteroides_vulgatus	abcdef
UniRef90_B6VSS7	abcdef
UniRef90_B6VSS7|g__Bacteroides.s__Bacteroides_vulgatus	abcdef
UniRef90_A6L1Z3	abcdef
UniRef90_A6L1Z3|g__Bacteroides.s__Bacteroides_vulgatus	abcdef
UniRef90_A6KZN7	abcdef
UniRef90_A6KZN7|g__Bacteroides.s__Bacteroides_vulgatus	abcdef
UniRef90_A0A0M1VY16	abcdef
UniRef90_A0A0M1VY16|g__Bacteroides.s__Bacteroides_vulgatus	abcdef
UniRef90_A0A015UTA3	abcdef
UniRef90_A0A015UTA3|g__Bacteroides.s__Bacteroides_vulgatus	abcdef
UniRef90_D4V881	abcdef
UniRef90_D4V881|g__Bacteroides.s__Bacteroides_vulgatus	abcdef
UniRef90_A0A396FHA9	abcdef
UniRef90_A0A396FHA9|g__Bacteroides.s__Bacteroides_vulgatus	abcdef
UniRef90_A6KZH6	abcdef
UniRef90_A6KZH6|g__Bacteroides.s__Bacteroides_vulgatus	abcdef
UniRef90_A0A1H7IQQ6	abcdef
UniRef90_A0A1H7IQQ6|g__Bacteroides.s__Bacteroides_vulgatus	abcdef
UniRef90_A0A076IZY4	abcdef
UniRef90_A0A076IZY4|g__Bacteroides.s__Bacteroides_vulgatus	abcdef
UniRef90_A0A076IXB1	abcdef
UniRef90_A0A076IXB1|g__Bacteroides.s__Bacteroides_vulgatus	abcdef
UniRef90_C3RDM7	abcdef
UniRef90_C3RDM7|g__Bacteroides.s__Bacteroides_vulgatus	abcdef
UniRef90_A0A1Q6IDM1	abcdef
UniRef90_A0A1Q6IDM1|g__Bacteroides.s__Bacteroides_vulgatus	abcdef
UniRef90_I8WIS4	abcdef
UniRef90_I8WIS4|g__Bacteroides.s__Bacteroides_vulgatus	abcdef
UniRef90_A0A396FBP9	abcdef
UniRef90_A0A396FBP9|g__Bacteroides.s__Bacteroides_vulgatus	abcdef
UniRef90_A0A076J096	abcdef
UniRef90_A0A076J096|g__Bacteroides.s__Bacteroides_vulgatus	abcdef
UniRef90_R5VS54	abcdef
UniRef90_R5VS54|g__Bacteroides.s__Bacteroides_vulgatus	abcdef
UniRef90_A0A3D9A664	abcdef
UniRef90_A0A3D9A664|g__Bacteroides.s__Bacteroides_vulgatus	abcdef
UniRef90_E5X3T8	abcdef
UniRef90_E5X3T8|g__Bacteroides.s__Bacteroides_vulgatus	abcdef
UniRef90_A6KXF7	abcdef
UniRef90_A6KXF7|g__Bacteroides.s__Bacteroides_vulgatus	abcdef
UniRef90_A0A076J5B8	abcdef
UniRef90_A0A076J5B8|g__Bacteroides.s__Bacteroides_vulgatus	abcdef
UniRef90_A6KWM1	abcdef
UniRef90_A6KWM1|g__Bacteroides.s__Bacteroides_vulgatus	abcdef
UniRef90_F7LTM1	abcdef
UniRef90_F7LTM1|g__Bacteroides.s__Bacteroides_vulgatus	abcdef
UniRef90_S0F674	abcdef
UniRef90_S0F674|g__Bacteroides.s__Bacteroides_vulgatus	abcdef
UniRef90_A0A0P0M6J9	abcdef
UniRef90_A0A0P0M6J9|g__Bacteroides.s__Bacteroides_vulgatus	abcdef
UniRef90_A0A076INF6	abcdef
UniRef90_A0A076INF6|g__Bacteroides.s__Bacteroides_vulgatus	abcdef
UniRef90_A0A076IW30	abcdef
UniRef90_A0A076IW30|g__Bacteroides.s__Bacteroides_vulgatus	abcdef
UniRef90_A0A0K2HFA0	abcdef
UniRef90_A0A0K2HFA0|g__Bacteroides.s__Bacteroides_vulgatus	abcdef
UniRef90_A0A0N7J703	abcdef
UniRef90_A0A0N7J703|g__Bacteroides.s__Bacteroides_vulgatus	abcdef
UniRef90_A0A076J4I6	abcdef
UniRef90_A0A076J4I6|g__Bacteroides.s__Bacteroides_vulgatus	abcdef
UniRef90_A0A1Q6IDU2	abcdef
UniRef90_A0A1Q6IDU2|g__Bacteroides.s__Bacteroides_vulgatus	abcdef
UniRef90_A0A3E4PLD2	abcdef
UniRef90_A0A3E4PLD2|g__Bacteroides.s__Bacteroides_vulgatus	abcdef
UniRef90_B6VTD9	abcdef
UniRef90_B6VTD9|g__Bacteroides.s__Bacteroides_vulgatus	abcdef
UniRef90_A0A0P0LP45	abcdef
UniRef90_A0A0P0LP45|g__Bacteroides.s__Bacteroides_vulgatus	abcdef
UniRef90_I8WCZ9	abcdef
UniRef90_I8WCZ9|g__Bacteroides.s__Bacteroides_vulgatus	abcdef
UniRef90_A0A076J2S9	abcdef
UniRef90_A0A076J2S9|g__Bacteroides.s__Bacteroides_vulgatus	abcdef
UniRef90_A0A076ITA9	abcdef
UniRef90_A0A076ITA9|g__Bacteroides.s__Bacteroides_vulgatus	abcdef
UniRef90_A0A0P0M3N9	abcdef
UniRef90_A0A0P0M3N9|g__Bacteroides.s__Bacteroides_vulgatus	abcdef
UniRef90_R6J7M6	abcdef
UniRef90_R6J7M6|g__Bacteroides.s__Bacteroides_vulgatus	abcdef
UniRef90_A0A174U119	abcdef
UniRef90_A0A174U119|g__Bacteroides.s__Bacteroides_vulgatus	abcdef
UniRef90_A0A0P0M5G4	abcdef
UniRef90_A0A0P0M5G4|g__Bacteroides.s__Bacteroides_vulgatus	abcdef
UniRef90_A0A076INP0	abcdef
UniRef90_A0A076INP0|g__Bacteroides.s__Bacteroides_vulgatus	abcdef
UniRef90_D4IN85	abcdef
UniRef90_D4IN85|g__Bacteroides.s__Bacteroides_vulgatus	abcdef
UniRef90_A0A174AYT0	abcdef
UniRef90_A0A174AYT0|g__Bacteroides.s__Bacteroides_vulgatus	abcdef
UniRef90_A0A076ISS3	abcdef
UniRef90_A0A076ISS3|g__Bacteroides.s__Bacteroides_vulgatus	abcdef
UniRef90_A7V7C4	abcdef
UniRef90_A7V7C4|g__Bacteroides.s__Bacteroides_vulgatus	abcdef
UniRef90_B3JFM7	abcdef
UniRef90_B3JFM7|g__Bacteroides.s__Bacteroides_vulgatus	abcdef
UniRef90_A0A0M1W407	abcdef
UniRef90_A0A0M1W407|g__Bacteroides.s__Bacteroides_vulgatus	abcdef
UniRef90_A0A174MM23	abcdef
UniRef90_A0A174MM23|g__Bacteroides.s__Bacteroides_vulgatus	abcdef
UniRef90_A0A0P0LHW5	abcdef
UniRef90_A0A0P0LHW5|g__Bacteroides.s__Bacteroides_vulgatus	abcdef
UniRef90_A0A396FE59	abcdef
UniRef90_A0A396FE59|g__Bacteroides.s__Bacteroides_vulgatus	abcdef
UniRef90_A0A0P0LIZ0	abcdef
UniRef90_A0A0P0LIZ0|g__Bacteroides.s__Bacteroides_vulgatus	abcdef
UniRef90_A0A0M1W6F3	abcdef
UniRef90_A0A0M1W6F3|g__Bacteroides.s__Bacteroides_vulgatus	abcdef
UniRef90_E5UND7	abcdef
UniRef90_E5UND7|g__Bacteroides.s__Bacteroides_vulgatus	abcdef
UniRef90_A0A016FI57	abcdef
UniRef90_A0A016FI57|g__Bacteroides.s__Bacteroides_vulgatus	abcdef
UniRef90_R6ZMG2	abcdef
UniRef90_R6ZMG2|g__Bacteroides.s__Bacteroides_vulgatus	abcdef
UniRef90_A0A396F2S3	abcdef
UniRef90_A0A396F2S3|g__Bacteroides.s__Bacteroides_vulgatus	abcdef
UniRef90_C3R9T7	abcdef
UniRef90_C3R9T7|g__Bacteroides.s__Bacteroides_vulgatus	abcdef
UniRef90_A0A076ITT2	abcdef
UniRef90_A0A076ITT2|g__Bacteroides.s__Bacteroides_vulgatus	abcdef
UniRef90_B6VVN3	abcdef
UniRef90_B6VVN3|g__Bacteroides.s__Bacteroides_vulgatus	abcdef
UniRef90_A0A1Q6IXI0	abcdef
UniRef90_A0A1Q6IXI0|g__Bacteroides.s__Bacteroides_vulgatus	abcdef
UniRef90_A0A1Q6I8J8	abcdef
UniRef90_A0A1Q6I8J8|g__Bacteroides.s__Bacteroides_vulgatus	abcdef
UniRef90_A0A3E5E638	abcdef
UniRef90_A0A3E5E638|g__Bacteroides.s__Bacteroides_vulgatus	abcdef
UniRef90_A0A0M1W292	abcdef
UniRef90_A0A0M1W292|g__Bacteroides.s__Bacteroides_vulgatus	abcdef
UniRef90_F9ZCR2	abcdef
UniRef90_F9ZCR2|g__Bacteroides.s__Bacteroides_vulgatus	abcdef
UniRef90_A0A076J8H6	abcdef
UniRef90_A0A076J8H6|g__Bacteroides.s__Bacteroides_vulgatus	abcdef
UniRef90_B6VXC1	abcdef
UniRef90_B6VXC1|g__Bacteroides.s__Bacteroides_vulgatus	abcdef
UniRef90_U6RJ00	abcdef
UniRef90_U6RJ00|g__Bacteroides.s__Bacteroides_vulgatus	abcdef
UniRef90_A0A397WJL1	abcdef
UniRef90_A0A397WJL1|g__Bacteroides.s__Bacteroides_vulgatus	abcdef
UniRef90_B6W141	abcdef
UniRef90_B6W141|g__Bacteroides.s__Bacteroides_vulgatus	abcdef
UniRef90_A0A174ULH9	abcdef
UniRef90_A0A174ULH9|g__Bacteroides.s__Bacteroides_vulgatus	abcdef
UniRef90_A0A1Q6JRH3	abcdef
UniRef90_A0A1Q6JRH3|g__Bacteroides.s__Bacteroides_vulgatus	abcdef
UniRef90_A0A380ZM27	abcdef
UniRef90_A0A380ZM27|g__Bacteroides.s__Bacteroides_vulgatus	abcdef
UniRef90_R6JK25	abcdef
UniRef90_R6JK25|g__Bacteroides.s__Bacteroides_vulgatus	abcdef
UniRef90_A0A0K2HEM0	abcdef
UniRef90_A0A0K2HEM0|g__Bacteroides.s__Bacteroides_vulgatus	abcdef
UniRef90_A0A395VSA3	abcdef
UniRef90_A0A395VSA3|g__Bacteroides.s__Bacteroides_vulgatus	abcdef
UniRef90_R5W221	abcdef
UniRef90_R5W221|g__Bacteroides.s__Bacteroides_vulgatus	abcdef
UniRef90_A0A076J4H3	abcdef
UniRef90_A0A076J4H3|g__Bacteroides.s__Bacteroides_vulgatus	abcdef
UniRef90_I9UBD0	abcdef
UniRef90_I9UBD0|g__Bacteroides.s__Bacteroides_vulgatus	abcdef
UniRef90_A0A076J8B0	abcdef
UniRef90_A0A076J8B0|g__Bacteroides.s__Bacteroides_vulgatus	abcdef
UniRef90_A0A078QNU1	abcdef
UniRef90_A0A078QNU1|g__Bacteroides.s__Bacteroides_vulgatus	abcdef
UniRef90_A0A076IHG6	abcdef
UniRef90_A0A076IHG6|g__Bacteroides.s__Bacteroides_vulgatus	abcdef
UniRef90_B6W235	abcdef
UniRef90_B6W235|g__Bacteroides.s__Bacteroides_vulgatus	abcdef
UniRef90_U6RGT5	abcdef
UniRef90_U6RGT5|g__Bacteroides.s__Bacteroides_vulgatus	abcdef
UniRef90_A0A076ISC1	abcdef
UniRef90_A0A076ISC1|g__Bacteroides.s__Bacteroides_vulgatus	abcdef
UniRef90_A6L3K7	abcdef
UniRef90_A6L3K7|g__Bacteroides.s__Bacteroides_vulgatus	abcdef
UniRef90_A0A174RVK1	abcdef
UniRef90_A0A174RVK1|g__Bacteroides.s__Bacteroides_vulgatus	abcdef
UniRef90_C3R6I8	abcdef
UniRef90_C3R6I8|g__Bacteroides.s__Bacteroides_vulgatus	abcdef
UniRef90_A6KZA8	abcdef
UniRef90_A6KZA8|g__Bacteroides.s__Bacteroides_vulgatus	abcdef
UniRef90_E4MEM1	abcdef
UniRef90_E4MEM1|g__Bacteroides.s__Bacteroides_vulgatus	abcdef
UniRef90_A0A174Q5I4	abcdef
UniRef90_A0A174Q5I4|g__Bacteroides.s__Bacteroides_vulgatus	abcdef
UniRef90_A0A076IUQ4	abcdef
UniRef90_A0A076IUQ4|g__Bacteroides.s__Bacteroides_vulgatus	abcdef
UniRef90_A0A0P0M688	abcdef
UniRef90_A0A0P0M688|g__Bacteroides.s__Bacteroides_vulgatus	abcdef
UniRef90_A0A076J5J6	abcdef
UniRef90_A0A076J5J6|g__Bacteroides.s__Bacteroides_vulgatus	abcdef
UniRef90_A6KWM0	abcdef
UniRef90_A6KWM0|g__Bacteroides.s__Bacteroides_vulgatus	abcdef
UniRef90_A0A076J443	abcdef
UniRef90_A0A076J443|g__Bacteroides.s__Bacteroides_vulgatus	abcdef
UniRef90_A0A0P0M0T3	abcdef
UniRef90_A0A0P0M0T3|g__Bacteroides.s__Bacteroides_vulgatus	abcdef
UniRef90_I9RAR8	abcdef
UniRef90_I9RAR8|g__Bacteroides.s__Bacteroides_vulgatus	abcdef
UniRef90_C6IUI6	abcdef
UniRef90_C6IUI6|g__Bacteroides.s__Bacteroides_vulgatus	abcdef
UniRef90_A0A396AT78	abcdef
UniRef90_A0A396AT78|g__Bacteroides.s__Bacteroides_vulgatus	abcdef
UniRef90_A0A076IUD6	abcdef
UniRef90_A0A076IUD6|g__Bacteroides.s__Bacteroides_vulgatus	abcdef
UniRef90_C3QQU0	abcdef
UniRef90_C3QQU0|g__Bacteroides.s__Bacteroides_vulgatus	abcdef
UniRef90_A0A0M1VZB7	abcdef
UniRef90_A0A0M1VZB7|g__Bacteroides.s__Bacteroides_vulgatus	abcdef
UniRef90_A0A396E3S1	abcdef
UniRef90_A0A396E3S1|g__Bacteroides.s__Bacteroides_vulgatus	abcdef
UniRef90_A0A076IHJ6	abcdef
UniRef90_A0A076IHJ6|g__Bacteroides.s__Bacteroides_vulgatus	abcdef
UniRef90_A6L175	abcdef
UniRef90_A6L175|g__Bacteroides.s__Bacteroides_vulgatus	abcdef
UniRef90_B6VZX1	abcdef
UniRef90_B6VZX1|g__Bacteroides.s__Bacteroides_vulgatus	abcdef
UniRef90_A0A0P0M5Q5	abcdef
UniRef90_A0A0P0M5Q5|g__Bacteroides.s__Bacteroides_vulgatus	abcdef
UniRef90_A0A076JA16	abcdef
UniRef90_A0A076JA16|g__Bacteroides.s__Bacteroides_vulgatus	abcdef
UniRef90_A0A076J0R6	abcdef
UniRef90_A0A076J0R6|g__Bacteroides.s__Bacteroides_vulgatus	abcdef
UniRef90_A0A1Y3ZLJ2	abcdef
UniRef90_A0A1Y3ZLJ2|g__Bacteroides.s__Bacteroides_vulgatus	abcdef
UniRef90_R9HPY0	abcdef
UniRef90_R9HPY0|g__Bacteroides.s__Bacteroides_vulgatus	abcdef
UniRef90_A0A076IL10	abcdef
UniRef90_A0A076IL10|g__Bacteroides.s__Bacteroides_vulgatus	abcdef
UniRef90_A6L169	abcdef
UniRef90_A6L169|g__Bacteroides.s__Bacteroides_vulgatus	abcdef
UniRef90_A0A076ILZ8	abcdef
UniRef90_A0A076ILZ8|g__Bacteroides.s__Bacteroides_vulgatus	abcdef
UniRef90_A0A395UR53	abcdef
UniRef90_A0A395UR53|g__Bacteroides.s__Bacteroides_vulgatus	abcdef
UniRef90_B0NQJ5	abcdef
UniRef90_B0NQJ5|g__Bacteroides.s__Bacteroides_vulgatus	abcdef
UniRef90_A0A076J0W8	abcdef
UniRef90_A0A076J0W8|g__Bacteroides.s__Bacteroides_vulgatus	abcdef
UniRef90_B4UUJ6	abcdef
UniRef90_B4UUJ6|g__Bacteroides.s__Bacteroides_vulgatus	abcdef
UniRef90_A0A174QEA0	abcdef
UniRef90_A0A174QEA0|g__Bacteroides.s__Bacteroides_vulgatus	abcdef
UniRef90_A0A076IKY2	abcdef
UniRef90_A0A076IKY2|g__Bacteroides.s__Bacteroides_vulgatus	abcdef
UniRef90_A0A076IY52	abcdef
UniRef90_A0A076IY52|g__Bacteroides.s__Bacteroides_vulgatus	abcdef
UniRef90_K6A8K3	abcdef
UniRef90_K6A8K3|g__Bacteroides.s__Bacteroides_vulgatus	abcdef
UniRef90_I9FHZ1	abcdef
UniRef90_I9FHZ1|g__Bacteroides.s__Bacteroides_vulgatus	abcdef
UniRef90_A6L4M4	abcdef
UniRef90_A6L4M4|g__Bacteroides.s__Bacteroides_vulgatus	abcdef
UniRef90_E5UY21	abcdef
UniRef90_E5UY21|g__Bacteroides.s__Bacteroides_vulgatus	abcdef
UniRef90_A0A174G697	abcdef
UniRef90_A0A174G697|g__Bacteroides.s__Bacteroides_vulgatus	abcdef
UniRef90_A0A076ISJ7	abcdef
UniRef90_A0A076ISJ7|g__Bacteroides.s__Bacteroides_vulgatus	abcdef
UniRef90_I8W766	abcdef
UniRef90_I8W766|g__Bacteroides.s__Bacteroides_vulgatus	abcdef
UniRef90_U6RGU2	abcdef
UniRef90_U6RGU2|g__Bacteroides.s__Bacteroides_vulgatus	abcdef
UniRef90_A0A076IRR2	abcdef
UniRef90_A0A076IRR2|g__Bacteroides.s__Bacteroides_vulgatus	abcdef
UniRef90_A6KZV1	abcdef
UniRef90_A6KZV1|g__Bacteroides.s__Bacteroides_vulgatus	abcdef
UniRef90_A0A076J1K6	abcdef
UniRef90_A0A076J1K6|g__Bacteroides.s__Bacteroides_vulgatus	abcdef
UniRef90_A0A174FKR7	abcdef
UniRef90_A0A174FKR7|g__Bacteroides.s__Bacteroides_vulgatus	abcdef
UniRef90_A0A174L7W1	abcdef
UniRef90_A0A174L7W1|g__Bacteroides.s__Bacteroides_vulgatus	abcdef
UniRef90_B5CTJ4	abcdef
UniRef90_B5CTJ4|g__Bacteroides.s__Bacteroides_vulgatus	abcdef
UniRef90_A0A076IY28	abcdef
UniRef90_A0A076IY28|g__Bacteroides.s__Bacteroides_vulgatus	abcdef
UniRef90_A0A0P0M3X7	abcdef
UniRef90_A0A0P0M3X7|g__Bacteroides.s__Bacteroides_vulgatus	abcdef
UniRef90_A0A069SE00	abcdef
UniRef90_A0A069SE00|g__Bacteroides.s__Bacteroides_vulgatus	abcdef
UniRef90_A6KWQ7	abcdef
UniRef90_A6KWQ7|g__Bacteroides.s__Bacteroides_vulgatus	abcdef
UniRef90_C3R8W1	abcdef
UniRef90_C3R8W1|g__Bacteroides.s__Bacteroides_vulgatus	abcdef
UniRef90_A6L198	abcdef
UniRef90_A6L198|g__Bacteroides.s__Bacteroides_vulgatus	abcdef
UniRef90_A0A076J7U9	abcdef
UniRef90_A0A076J7U9|g__Bacteroides.s__Bacteroides_vulgatus	abcdef
UniRef90_A0A397WMH6	abcdef
UniRef90_A0A397WMH6|g__Bacteroides.s__Bacteroides_vulgatus	abcdef
UniRef90_A0A076ITU8	abcdef
UniRef90_A0A076ITU8|g__Bacteroides.s__Bacteroides_vulgatus	abcdef
UniRef90_A0A0P0M534	abcdef
UniRef90_A0A0P0M534|g__Bacteroides.s__Bacteroides_vulgatus	abcdef
UniRef90_D4IN49	abcdef
UniRef90_D4IN49|g__Bacteroides.s__Bacteroides_vulgatus	abcdef
UniRef90_A6KZK0	abcdef
UniRef90_A6KZK0|g__Bacteroides.s__Bacteroides_vulgatus	abcdef
UniRef90_D1K1G9	abcdef
UniRef90_D1K1G9|g__Bacteroides.s__Bacteroides_vulgatus	abcdef
UniRef90_A6L078	abcdef
UniRef90_A6L078|g__Bacteroides.s__Bacteroides_vulgatus	abcdef
UniRef90_R5K610	abcdef
UniRef90_R5K610|g__Bacteroides.s__Bacteroides_vulgatus	abcdef
UniRef90_R6CPE5	abcdef
UniRef90_R6CPE5|g__Bacteroides.s__Bacteroides_vulgatus	abcdef
UniRef90_A6L1Z2	abcdef
UniRef90_A6L1Z2|g__Bacteroides.s__Bacteroides_vulgatus	abcdef
UniRef90_A0A395UQZ5	abcdef
UniRef90_A0A395UQZ5|g__Bacteroides.s__Bacteroides_vulgatus	abcdef
UniRef90_S0F6E1	abcdef
UniRef90_S0F6E1|g__Bacteroides.s__Bacteroides_vulgatus	abcdef
UniRef90_A0A078SUV6	abcdef
UniRef90_A0A078SUV6|g__Bacteroides.s__Bacteroides_vulgatus	abcdef
UniRef90_A6L171	abcdef
UniRef90_A6L171|g__Bacteroides.s__Bacteroides_vulgatus	abcdef
UniRef90_I8VLN7	abcdef
UniRef90_I8VLN7|g__Bacteroides.s__Bacteroides_vulgatus	abcdef
UniRef90_I8Z1J8	abcdef
UniRef90_I8Z1J8|g__Bacteroides.s__Bacteroides_vulgatus	abcdef
UniRef90_D4V9H7	abcdef
UniRef90_D4V9H7|g__Bacteroides.s__Bacteroides_vulgatus	abcdef
UniRef90_A0A076J277	abcdef
UniRef90_A0A076J277|g__Bacteroides.s__Bacteroides_vulgatus	abcdef
UniRef90_A0A0P0LMJ9	abcdef
UniRef90_A0A0P0LMJ9|g__Bacteroides.s__Bacteroides_vulgatus	abcdef
UniRef90_A0A0P0LCP3	abcdef
UniRef90_A0A0P0LCP3|g__Bacteroides.s__Bacteroides_vulgatus	abcdef
UniRef90_A0A396F406	abcdef
UniRef90_A0A396F406|g__Bacteroides.s__Bacteroides_vulgatus	abcdef
UniRef90_A0A076ILU1	abcdef
UniRef90_A0A076ILU1|g__Bacteroides.s__Bacteroides_vulgatus	abcdef
UniRef90_A0A0P0LCQ4	abcdef
UniRef90_A0A0P0LCQ4|g__Bacteroides.s__Bacteroides_vulgatus	abcdef
UniRef90_A0A076IWQ2	abcdef
UniRef90_A0A076IWQ2|g__Bacteroides.s__Bacteroides_vulgatus	abcdef
UniRef90_A0A0N7J704	abcdef
UniRef90_A0A0N7J704|g__Bacteroides.s__Bacteroides_vulgatus	abcdef
UniRef90_D4VC73	abcdef
UniRef90_D4VC73|g__Bacteroides.s__Bacteroides_vulgatus	abcdef
UniRef90_A0A3E4JRG9	abcdef
UniRef90_A0A3E4JRG9|g__Bacteroides.s__Bacteroides_vulgatus	abcdef
UniRef90_A0A0P0M0U6	abcdef
UniRef90_A0A0P0M0U6|g__Bacteroides.s__Bacteroides_vulgatus	abcdef
UniRef90_A6KZZ5	abcdef
UniRef90_A6KZZ5|g__Bacteroides.s__Bacteroides_vulgatus	abcdef
UniRef90_F7LTK8	abcdef
UniRef90_F7LTK8|g__Bacteroides.s__Bacteroides_vulgatus	abcdef
UniRef90_A0A174G281	abcdef
UniRef90_A0A174G281|g__Bacteroides.s__Bacteroides_vulgatus	abcdef
UniRef90_A0A0M1VZG1	abcdef
UniRef90_A0A0M1VZG1|g__Bacteroides.s__Bacteroides_vulgatus	abcdef
UniRef90_A0A381D8P7	abcdef
UniRef90_A0A381D8P7|g__Bacteroides.s__Bacteroides_vulgatus	abcdef
UniRef90_A0A0K2HHQ5	abcdef
UniRef90_A0A0K2HHQ5|g__Bacteroides.s__Bacteroides_vulgatus	abcdef
UniRef90_I9R4C5	abcdef
UniRef90_I9R4C5|g__Bacteroides.s__Bacteroides_vulgatus	abcdef
UniRef90_A0A174JI66	abcdef
UniRef90_A0A174JI66|g__Bacteroides.s__Bacteroides_vulgatus	abcdef
UniRef90_A0A3E5DLS5	abcdef
UniRef90_A0A3E5DLS5|g__Bacteroides.s__Bacteroides_vulgatus	abcdef
UniRef90_A0A0P0M580	abcdef
UniRef90_A0A0P0M580|g__Bacteroides.s__Bacteroides_vulgatus	abcdef
UniRef90_B6VVT2	abcdef
UniRef90_B6VVT2|g__Bacteroides.s__Bacteroides_vulgatus	abcdef
UniRef90_A0A076IZX2	abcdef
UniRef90_A0A076IZX2|g__Bacteroides.s__Bacteroides_vulgatus	abcdef
UniRef90_A0A076IQC5	abcdef
UniRef90_A0A076IQC5|g__Bacteroides.s__Bacteroides_vulgatus	abcdef
UniRef90_A0A174W8K2	abcdef
UniRef90_A0A174W8K2|g__Bacteroides.s__Bacteroides_vulgatus	abcdef
UniRef90_A0A127SQY3	abcdef
UniRef90_A0A127SQY3|g__Bacteroides.s__Bacteroides_vulgatus	abcdef
UniRef90_Q8A6P8	abcdef
UniRef90_Q8A6P8|g__Bacteroides.s__Bacteroides_vulgatus	abcdef
UniRef90_A0A0P0EVZ2	abcdef
UniRef90_A0A0P0EVZ2|g__Bacteroides.s__Bacteroides_vulgatus	abcdef
UniRef90_A0A0P0L2N8	abcdef
UniRef90_A0A0P0L2N8|g__Bacteroides.s__Bacteroides_vulgatus	abcdef
UniRef90_A0A076IRW6	abcdef
UniRef90_A0A076IRW6|g__Bacteroides.s__Bacteroides_vulgatus	abcdef
UniRef90_A0A0P0M3Q6	abcdef
UniRef90_A0A0P0M3Q6|g__Bacteroides.s__Bacteroides_vulgatus	abcdef
UniRef90_A6L5E7	abcdef
UniRef90_A6L5E7|g__Bacteroides.s__Bacteroides_vulgatus	abcdef
UniRef90_I9EZE0	abcdef
UniRef90_I9EZE0|g__Bacteroides.s__Bacteroides_vulgatus	abcdef
UniRef90_D7IKE4	abcdef
UniRef90_D7IKE4|g__Bacteroides.s__Bacteroides_vulgatus	abcdef
UniRef90_A0A396ATB7	abcdef
UniRef90_A0A396ATB7|g__Bacteroides.s__Bacteroides_vulgatus	abcdef
UniRef90_A0A174LZ35	abcdef
UniRef90_A0A174LZ35|g__Bacteroides.s__Bacteroides_vulgatus	abcdef
UniRef90_C3RFL6	abcdef
UniRef90_C3RFL6|g__Bacteroides.s__Bacteroides_vulgatus	abcdef
UniRef90_A0A174SEK7	abcdef
UniRef90_A0A174SEK7|g__Bacteroides.s__Bacteroides_vulgatus	abcdef
UniRef90_A0A174QBD4	abcdef
UniRef90_A0A174QBD4|g__Bacteroides.s__Bacteroides_vulgatus	abcdef
UniRef90_A0A0P0M4T8	abcdef
UniRef90_A0A0P0M4T8|g__Bacteroides.s__Bacteroides_vulgatus	abcdef
UniRef90_A0A076J0X0	abcdef
UniRef90_A0A076J0X0|g__Bacteroides.s__Bacteroides_vulgatus	abcdef
UniRef90_A6KWS3	abcdef
UniRef90_A6KWS3|g__Bacteroides.s__Bacteroides_vulgatus	abcdef
UniRef90_A6L6H7	abcdef
UniRef90_A6L6H7|g__Bacteroides.s__Bacteroides_vulgatus	abcdef
UniRef90_A0A380ZP89	abcdef
UniRef90_A0A380ZP89|g__Bacteroides.s__Bacteroides_vulgatus	abcdef
UniRef90_A0A076IXV9	abcdef
UniRef90_A0A076IXV9|g__Bacteroides.s__Bacteroides_vulgatus	abcdef
UniRef90_A0A076JAM2	abcdef
UniRef90_A0A076JAM2|g__Bacteroides.s__Bacteroides_vulgatus	abcdef
UniRef90_C3R7A7	abcdef
UniRef90_C3R7A7|g__Bacteroides.s__Bacteroides_vulgatus	abcdef
UniRef90_A0A0P0LDE8	abcdef
UniRef90_A0A0P0LDE8|g__Bacteroides.s__Bacteroides_vulgatus	abcdef
UniRef90_A0A396B2Z4	abcdef
UniRef90_A0A396B2Z4|g__Bacteroides.s__Bacteroides_vulgatus	abcdef
UniRef90_I8WFL2	abcdef
UniRef90_I8WFL2|g__Bacteroides.s__Bacteroides_vulgatus	abcdef
UniRef90_A0A076IQU9	abcdef
UniRef90_A0A076IQU9|g__Bacteroides.s__Bacteroides_vulgatus	abcdef
UniRef90_C6YZH3	abcdef
UniRef90_C6YZH3|g__Bacteroides.s__Bacteroides_vulgatus	abcdef
UniRef90_D1JXS4	abcdef
UniRef90_D1JXS4|g__Bacteroides.s__Bacteroides_vulgatus	abcdef
UniRef90_A0A174S849	abcdef
UniRef90_A0A174S849|g__Bacteroides.s__Bacteroides_vulgatus	abcdef
UniRef90_A0A076J6G0	abcdef
UniRef90_A0A076J6G0|g__Bacteroides.s__Bacteroides_vulgatus	abcdef
UniRef90_F0R8V1	abcdef
UniRef90_F0R8V1|g__Bacteroides.s__Bacteroides_vulgatus	abcdef
UniRef90_A0A3E4G680	abcdef
UniRef90_A0A3E4G680|g__Bacteroides.s__Bacteroides_vulgatus	abcdef
UniRef90_A0A173XN64	abcdef
UniRef90_A0A173XN64|g__Bacteroides.s__Bacteroides_vulgatus	abcdef
UniRef90_A0A174MX71	abcdef
UniRef90_A0A174MX71|g__Bacteroides.s__Bacteroides_vulgatus	abcdef
UniRef90_A0A1Q6JPX4	abcdef
UniRef90_A0A1Q6JPX4|g__Bacteroides.s__Bacteroides_vulgatus	abcdef
UniRef90_A6KZJ9	abcdef
UniRef90_A6KZJ9|g__Bacteroides.s__Bacteroides_vulgatus	abcdef
UniRef90_A6L7Q8	abcdef
UniRef90_A6L7Q8|g__Bacteroides.s__Bacteroides_vulgatus	abcdef
UniRef90_U6REW2	abcdef
UniRef90_U6REW2|g__Bacteroides.s__Bacteroides_vulgatus	abcdef
UniRef90_I0PXX6	abcdef
UniRef90_I0PXX6|g__Bacteroides.s__Bacteroides_vulgatus	abcdef
UniRef90_A0A0P0L9Z5	abcdef
UniRef90_A0A0P0L9Z5|g__Bacteroides.s__Bacteroides_vulgatus	abcdef
UniRef90_A0A174N2M4	abcdef
UniRef90_A0A174N2M4|g__Bacteroides.s__Bacteroides_vulgatus	abcdef
UniRef90_A0A397WGQ8	abcdef
UniRef90_A0A397WGQ8|g__Bacteroides.s__Bacteroides_vulgatus	abcdef
UniRef90_A0A076J819	abcdef
UniRef90_A0A076J819|g__Bacteroides.s__Bacteroides_vulgatus	abcdef
UniRef90_L1PB72	abcdef
UniRef90_L1PB72|g__Bacteroides.s__Bacteroides_vulgatus	abcdef
UniRef90_R7P1E3	abcdef
UniRef90_R7P1E3|g__Bacteroides.s__Bacteroides_vulgatus	abcdef
UniRef90_A0A0M1W865	abcdef
UniRef90_A0A0M1W865|g__Bacteroides.s__Bacteroides_vulgatus	abcdef
UniRef90_A0A076ILN2	abcdef
UniRef90_A0A076ILN2|g__Bacteroides.s__Bacteroides_vulgatus	abcdef
UniRef90_A0A0F5JSQ2	abcdef
UniRef90_A0A0F5JSQ2|g__Bacteroides.s__Bacteroides_vulgatus	abcdef
UniRef90_D1JZ97	abcdef
UniRef90_D1JZ97|g__Bacteroides.s__Bacteroides_vulgatus	abcdef
UniRef90_A6L071	abcdef
UniRef90_A6L071|g__Bacteroides.s__Bacteroides_vulgatus	abcdef
UniRef90_A0A174X753	abcdef
UniRef90_A0A174X753|g__Bacteroides.s__Bacteroides_vulgatus	abcdef
UniRef90_A0A396EZT3	abcdef
UniRef90_A0A396EZT3|g__Bacteroides.s__Bacteroides_vulgatus	abcdef
UniRef90_A0A076J2E9	abcdef
UniRef90_A0A076J2E9|g__Bacteroides.s__Bacteroides_vulgatus	abcdef
UniRef90_A6L585	abcdef
UniRef90_A6L585|g__Bacteroides.s__Bacteroides_vulgatus	abcdef
UniRef90_A0A076IS94	abcdef
UniRef90_A0A076IS94|g__Bacteroides.s__Bacteroides_vulgatus	abcdef
UniRef90_A0A0P0LJ92	abcdef
UniRef90_A0A0P0LJ92|g__Bacteroides.s__Bacteroides_vulgatus	abcdef
UniRef90_A0A0P0LGH4	abcdef
UniRef90_A0A0P0LGH4|g__Bacteroides.s__Bacteroides_vulgatus	abcdef
UniRef90_B5D0K1	abcdef
UniRef90_B5D0K1|g__Bacteroides.s__Bacteroides_vulgatus	abcdef
UniRef90_R6JG40	abcdef
UniRef90_R6JG40|g__Bacteroides.s__Bacteroides_vulgatus	abcdef
UniRef90_A0A396ASE2	abcdef
UniRef90_A0A396ASE2|g__Bacteroides.s__Bacteroides_vulgatus	abcdef
UniRef90_B6W139	abcdef
UniRef90_B6W139|g__Bacteroides.s__Bacteroides_vulgatus	abcdef
UniRef90_A6LFQ4	abcdef
UniRef90_A6LFQ4|g__Bacteroides.s__Bacteroides_vulgatus	abcdef
UniRef90_A0A0P0M3T4	abcdef
UniRef90_A0A0P0M3T4|g__Bacteroides.s__Bacteroides_vulgatus	abcdef
UniRef90_A0A1Y3ZLI2	abcdef
UniRef90_A0A1Y3ZLI2|g__Bacteroides.s__Bacteroides_vulgatus	abcdef
UniRef90_D0TH60	abcdef
UniRef90_D0TH60|g__Bacteroides.s__Bacteroides_vulgatus	abcdef
UniRef90_A0A076IV89	abcdef
UniRef90_A0A076IV89|g__Bacteroides.s__Bacteroides_vulgatus	abcdef
UniRef90_A0A127SVB4	abcdef
UniRef90_A0A127SVB4|g__Bacteroides.s__Bacteroides_vulgatus	abcdef
UniRef90_A0A0P0M486	abcdef
UniRef90_A0A0P0M486|g__Bacteroides.s__Bacteroides_vulgatus	abcdef
UniRef90_A0A3E4I9R6	abcdef
UniRef90_A0A3E4I9R6|g__Bacteroides.s__Bacteroides_vulgatus	abcdef
UniRef90_A6L6D2	abcdef
UniRef90_A6L6D2|g__Bacteroides.s__Bacteroides_vulgatus	abcdef
UniRef90_D1K2J1	abcdef
UniRef90_D1K2J1|g__Bacteroides.s__Bacteroides_vulgatus	abcdef
UniRef90_A0A076J8I6	abcdef
UniRef90_A0A076J8I6|g__Bacteroides.s__Bacteroides_vulgatus	abcdef
UniRef90_U6RK63	abcdef
UniRef90_U6RK63|g__Bacteroides.s__Bacteroides_vulgatus	abcdef
UniRef90_B6VTP3	abcdef
UniRef90_B6VTP3|g__Bacteroides.s__Bacteroides_vulgatus	abcdef
UniRef90_A0A0P0M503	abcdef
UniRef90_A0A0P0M503|g__Bacteroides.s__Bacteroides_vulgatus	abcdef
UniRef90_A0A0P0M6A8	abcdef
UniRef90_A0A0P0M6A8|g__Bacteroides.s__Bacteroides_vulgatus	abcdef
UniRef90_A0A174NAX3	abcdef
UniRef90_A0A174NAX3|g__Bacteroides.s__Bacteroides_vulgatus	abcdef
UniRef90_A0A396ERU4	abcdef
UniRef90_A0A396ERU4|g__Bacteroides.s__Bacteroides_vulgatus	abcdef
UniRef90_A0A1H7FY75	abcdef
UniRef90_A0A1H7FY75|g__Bacteroides.s__Bacteroides_vulgatus	abcdef
UniRef90_D4VDD1	abcdef
UniRef90_D4VDD1|g__Bacteroides.s__Bacteroides_vulgatus	abcdef
UniRef90_R9H058	abcdef
UniRef90_R9H058|g__Bacteroides.s__Bacteroides_vulgatus	abcdef
UniRef90_A0A395VV85	abcdef
UniRef90_A0A395VV85|g__Bacteroides.s__Bacteroides_vulgatus	abcdef
UniRef90_A0A396EPH8	abcdef
UniRef90_A0A396EPH8|g__Bacteroides.s__Bacteroides_vulgatus	abcdef
UniRef90_A0A0P0M3J6	abcdef
UniRef90_A0A0P0M3J6|g__Bacteroides.s__Bacteroides_vulgatus	abcdef
UniRef90_A0A076J1V1	abcdef
UniRef90_A0A076J1V1|g__Bacteroides.s__Bacteroides_vulgatus	abcdef
UniRef90_A0A395VMH7	abcdef
UniRef90_A0A395VMH7|g__Bacteroides.s__Bacteroides_vulgatus	abcdef
UniRef90_A0A174T3G0	abcdef
UniRef90_A0A174T3G0|g__Bacteroides.s__Bacteroides_vulgatus	abcdef
UniRef90_B6W1I5	abcdef
UniRef90_B6W1I5|g__Bacteroides.s__Bacteroides_vulgatus	abcdef
UniRef90_A0A380ZJI0	abcdef
UniRef90_A0A380ZJI0|g__Bacteroides.s__Bacteroides_vulgatus	abcdef
UniRef90_A0A396F7M2	abcdef
UniRef90_A0A396F7M2|g__Bacteroides.s__Bacteroides_vulgatus	abcdef
UniRef90_A6L0A5	abcdef
UniRef90_A6L0A5|g__Bacteroides.s__Bacteroides_vulgatus	abcdef
UniRef90_A0A0P0M132	abcdef
UniRef90_A0A0P0M132|g__Bacteroides.s__Bacteroides_vulgatus	abcdef
UniRef90_A6L1U8	abcdef
UniRef90_A6L1U8|g__Bacteroides.s__Bacteroides_vulgatus	abcdef
UniRef90_E5UU61	abcdef
UniRef90_E5UU61|g__Bacteroides.s__Bacteroides_vulgatus	abcdef
UniRef90_B5D0P3	abcdef
UniRef90_B5D0P3|g__Bacteroides.s__Bacteroides_vulgatus	abcdef
UniRef90_A0A0P0M1F8	abcdef
UniRef90_A0A0P0M1F8|g__Bacteroides.s__Bacteroides_vulgatus	abcdef
UniRef90_A0A397WCY9	abcdef
UniRef90_A0A397WCY9|g__Bacteroides.s__Bacteroides_vulgatus	abcdef
UniRef90_A0A396ALX3	abcdef
UniRef90_A0A396ALX3|g__Bacteroides.s__Bacteroides_vulgatus	abcdef
UniRef90_A0A0K2HFZ2	abcdef
UniRef90_A0A0K2HFZ2|g__Bacteroides.s__Bacteroides_vulgatus	abcdef
UniRef90_A0A0P0M2R7	abcdef
UniRef90_A0A0P0M2R7|g__Bacteroides.s__Bacteroides_vulgatus	abcdef
UniRef90_A0A0P0LJQ7	abcdef
UniRef90_A0A0P0LJQ7|g__Bacteroides.s__Bacteroides_vulgatus	abcdef
UniRef90_A0A397WGT0	abcdef
UniRef90_A0A397WGT0|g__Bacteroides.s__Bacteroides_vulgatus	abcdef
UniRef90_A0A076IT92	abcdef
UniRef90_A0A076IT92|g__Bacteroides.s__Bacteroides_vulgatus	abcdef
UniRef90_E4MB74	abcdef
UniRef90_E4MB74|g__Bacteroides.s__Bacteroides_vulgatus	abcdef
UniRef90_A0A0M1W4C5	abcdef
UniRef90_A0A0M1W4C5|g__Bacteroides.s__Bacteroides_vulgatus	abcdef
UniRef90_A0A396API9	abcdef
UniRef90_A0A396API9|g__Bacteroides.s__Bacteroides_vulgatus	abcdef
UniRef90_A0A076JBK6	abcdef
UniRef90_A0A076JBK6|g__Bacteroides.s__Bacteroides_vulgatus	abcdef
UniRef90_A0A0P0M1X4	abcdef
UniRef90_A0A0P0M1X4|g__Bacteroides.s__Bacteroides_vulgatus	abcdef
UniRef90_A0A0K2HNB1	abcdef
UniRef90_A0A0K2HNB1|g__Bacteroides.s__Bacteroides_vulgatus	abcdef
UniRef90_A0A1Y4PM44	abcdef
UniRef90_A0A1Y4PM44|g__Bacteroides.s__Bacteroides_vulgatus	abcdef
UniRef90_I3YJ03	abcdef
UniRef90_I3YJ03|g__Bacteroides.s__Bacteroides_vulgatus	abcdef
UniRef90_A0A1Y4PKT0	abcdef
UniRef90_A0A1Y4PKT0|g__Bacteroides.s__Bacteroides_vulgatus	abcdef
UniRef90_A0A076J8B4	abcdef
UniRef90_A0A076J8B4|g__Bacteroides.s__Bacteroides_vulgatus	abcdef
UniRef90_G9S0F6	abcdef
UniRef90_G9S0F6|g__Bacteroides.s__Bacteroides_vulgatus	abcdef
UniRef90_A6L6X6	abcdef
UniRef90_A6L6X6|g__Bacteroides.s__Bacteroides_vulgatus	abcdef
UniRef90_A6L6X1	abcdef
UniRef90_A6L6X1|g__Bacteroides.s__Bacteroides_vulgatus	abcdef
UniRef90_A6KZT2	abcdef
UniRef90_A6KZT2|g__Bacteroides.s__Bacteroides_vulgatus	abcdef
UniRef90_A0A0P0M440	abcdef
UniRef90_A0A0P0M440|g__Bacteroides.s__Bacteroides_vulgatus	abcdef
UniRef90_A0A1Q6I9Y0	abcdef
UniRef90_A0A1Q6I9Y0|g__Bacteroides.s__Bacteroides_vulgatus	abcdef
UniRef90_A0A0P0M178	abcdef
UniRef90_A0A0P0M178|g__Bacteroides.s__Bacteroides_vulgatus	abcdef
UniRef90_D4V546	abcdef
UniRef90_D4V546|g__Bacteroides.s__Bacteroides_vulgatus	abcdef
UniRef90_A0A0N7J7M4	abcdef
UniRef90_A0A0N7J7M4|g__Bacteroides.s__Bacteroides_vulgatus	abcdef
UniRef90_A0A3E5E5Z2	abcdef
UniRef90_A0A3E5E5Z2|g__Bacteroides.s__Bacteroides_vulgatus	abcdef
UniRef90_A0A076J0V1	abcdef
UniRef90_A0A076J0V1|g__Bacteroides.s__Bacteroides_vulgatus	abcdef
UniRef90_A0A173X1R1	abcdef
UniRef90_A0A173X1R1|g__Bacteroides.s__Bacteroides_vulgatus	abcdef
UniRef90_A0A017N007	abcdef
UniRef90_A0A017N007|g__Bacteroides.s__Bacteroides_vulgatus	abcdef
UniRef90_A0A076J5E7	abcdef
UniRef90_A0A076J5E7|g__Bacteroides.s__Bacteroides_vulgatus	abcdef
UniRef90_A0A396F7I8	abcdef
UniRef90_A0A396F7I8|g__Bacteroides.s__Bacteroides_vulgatus	abcdef
UniRef90_A0A076J710	abcdef
UniRef90_A0A076J710|g__Bacteroides.s__Bacteroides_vulgatus	abcdef
UniRef90_U6RP94	abcdef
UniRef90_U6RP94|g__Bacteroides.s__Bacteroides_vulgatus	abcdef
UniRef90_B5D0L5	abcdef
UniRef90_B5D0L5|g__Bacteroides.s__Bacteroides_vulgatus	abcdef
UniRef90_A0A0P0M4N3	abcdef
UniRef90_A0A0P0M4N3|g__Bacteroides.s__Bacteroides_vulgatus	abcdef
UniRef90_A0A174PHW9	abcdef
UniRef90_A0A174PHW9|g__Bacteroides.s__Bacteroides_vulgatus	abcdef
UniRef90_A0A395VSR3	abcdef
UniRef90_A0A395VSR3|g__Bacteroides.s__Bacteroides_vulgatus	abcdef
UniRef90_A0A3E5DXA0	abcdef
UniRef90_A0A3E5DXA0|g__Bacteroides.s__Bacteroides_vulgatus	abcdef
UniRef90_A0A397WDI7	abcdef
UniRef90_A0A397WDI7|g__Bacteroides.s__Bacteroides_vulgatus	abcdef
UniRef90_A0A076J7P6	abcdef
UniRef90_A0A076J7P6|g__Bacteroides.s__Bacteroides_vulgatus	abcdef
UniRef90_D4V880	abcdef
UniRef90_D4V880|g__Bacteroides.s__Bacteroides_vulgatus	abcdef
UniRef90_I9F0V9	abcdef
UniRef90_I9F0V9|g__Bacteroides.s__Bacteroides_vulgatus	abcdef
UniRef90_A6L5X6	abcdef
UniRef90_A6L5X6|g__Bacteroides.s__Bacteroides_vulgatus	abcdef
UniRef90_A0A396FE52	abcdef
UniRef90_A0A396FE52|g__Bacteroides.s__Bacteroides_vulgatus	abcdef
UniRef90_UPI0009B5BC86	abcdef
UniRef90_UPI0009B5BC86|g__Bacteroides.s__Bacteroides_vulgatus	abcdef
UniRef90_A0A0K2HET7	abcdef
UniRef90_A0A0K2HET7|g__Bacteroides.s__Bacteroides_vulgatus	abcdef
UniRef90_A0A174S1C1	abcdef
UniRef90_A0A174S1C1|g__Bacteroides.s__Bacteroides_vulgatus	abcdef
UniRef90_A0A174QTU0	abcdef
UniRef90_A0A174QTU0|g__Bacteroides.s__Bacteroides_vulgatus	abcdef
UniRef90_A0A3E5H739	abcdef
UniRef90_A0A3E5H739|g__Bacteroides.s__Bacteroides_vulgatus	abcdef
UniRef90_A0A396BBP9	abcdef
UniRef90_A0A396BBP9|g__Bacteroides.s__Bacteroides_vulgatus	abcdef
UniRef90_A0A0M1VZJ5	abcdef
UniRef90_A0A0M1VZJ5|g__Bacteroides.s__Bacteroides_vulgatus	abcdef
UniRef90_A6L3G7	abcdef
UniRef90_A6L3G7|g__Bacteroides.s__Bacteroides_vulgatus	abcdef
UniRef90_A0A174PZ91	abcdef
UniRef90_A0A174PZ91|g__Bacteroides.s__Bacteroides_vulgatus	abcdef
UniRef90_A0A0P0M677	abcdef
UniRef90_A0A0P0M677|g__Bacteroides.s__Bacteroides_vulgatus	abcdef
UniRef90_I9RE41	abcdef
UniRef90_I9RE41|g__Bacteroides.s__Bacteroides_vulgatus	abcdef
UniRef90_A0A076IV27	abcdef
UniRef90_A0A076IV27|g__Bacteroides.s__Bacteroides_vulgatus	abcdef
UniRef90_D4V9M7	abcdef
UniRef90_D4V9M7|g__Bacteroides.s__Bacteroides_vulgatus	abcdef
UniRef90_A0A380ZD55	abcdef
UniRef90_A0A380ZD55|g__Bacteroides.s__Bacteroides_vulgatus	abcdef
UniRef90_A0A069S8Q5	abcdef
UniRef90_A0A069S8Q5|g__Bacteroides.s__Bacteroides_vulgatus	abcdef
UniRef90_D1JZU2	abcdef
UniRef90_D1JZU2|g__Bacteroides.s__Bacteroides_vulgatus	abcdef
UniRef90_A0A0P0LAY1	abcdef
UniRef90_A0A0P0LAY1|g__Bacteroides.s__Bacteroides_vulgatus	abcdef
UniRef90_I9QCP3	abcdef
UniRef90_I9QCP3|g__Bacteroides.s__Bacteroides_vulgatus	abcdef
UniRef90_B6VS45	abcdef
UniRef90_B6VS45|g__Bacteroides.s__Bacteroides_vulgatus	abcdef
UniRef90_A0A1H7FY66	abcdef
UniRef90_A0A1H7FY66|g__Bacteroides.s__Bacteroides_vulgatus	abcdef
UniRef90_B5D3F5	abcdef
UniRef90_B5D3F5|g__Bacteroides.s__Bacteroides_vulgatus	abcdef
UniRef90_A0A076ITC1	abcdef
UniRef90_A0A076ITC1|g__Bacteroides.s__Bacteroides_vulgatus	abcdef
UniRef90_A0A3E4KIM1	abcdef
UniRef90_A0A3E4KIM1|g__Bacteroides.s__Bacteroides_vulgatus	abcdef
UniRef90_A0A395VIK7	abcdef
UniRef90_A0A395VIK7|g__Bacteroides.s__Bacteroides_vulgatus	abcdef
UniRef90_C3RAI3	abcdef
UniRef90_C3RAI3|g__Bacteroides.s__Bacteroides_vulgatus	abcdef
UniRef90_D4V3X9	abcdef
UniRef90_D4V3X9|g__Bacteroides.s__Bacteroides_vulgatus	abcdef
UniRef90_A6L1E7	abcdef
UniRef90_A6L1E7|g__Bacteroides.s__Bacteroides_vulgatus	abcdef
UniRef90_A0A0K2HG58	abcdef
UniRef90_A0A0K2HG58|g__Bacteroides.s__Bacteroides_vulgatus	abcdef
UniRef90_A0A174ANF9	abcdef
UniRef90_A0A174ANF9|g__Bacteroides.s__Bacteroides_vulgatus	abcdef
UniRef90_D4V565	abcdef
UniRef90_D4V565|g__Bacteroides.s__Bacteroides_vulgatus	abcdef
UniRef90_A6L532	abcdef
UniRef90_A6L532|g__Bacteroides.s__Bacteroides_vulgatus	abcdef
UniRef90_A0A0P0M4G1	abcdef
UniRef90_A0A0P0M4G1|g__Bacteroides.s__Bacteroides_vulgatus	abcdef
UniRef90_Q89Z59	abcdef
UniRef90_Q89Z59|g__Bacteroides.s__Bacteroides_vulgatus	abcdef
UniRef90_A0A078RBJ1	abcdef
UniRef90_A0A078RBJ1|g__Bacteroides.s__Bacteroides_vulgatus	abcdef
UniRef90_A0A0M1W2F8	abcdef
UniRef90_A0A0M1W2F8|g__Bacteroides.s__Bacteroides_vulgatus	abcdef
UniRef90_A0A3E4IFI0	abcdef
UniRef90_A0A3E4IFI0|g__Bacteroides.s__Bacteroides_vulgatus	abcdef
UniRef90_A0A076IMS7	abcdef
UniRef90_A0A076IMS7|g__Bacteroides.s__Bacteroides_vulgatus	abcdef
UniRef90_A0A397WK36	abcdef
UniRef90_A0A397WK36|g__Bacteroides.s__Bacteroides_vulgatus	abcdef
UniRef90_D1K675	abcdef
UniRef90_D1K675|g__Bacteroides.s__Bacteroides_vulgatus	abcdef
UniRef90_A0A0P0M5S4	abcdef
UniRef90_A0A0P0M5S4|g__Bacteroides.s__Bacteroides_vulgatus	abcdef
UniRef90_B5D0J2	abcdef
UniRef90_B5D0J2|g__Bacteroides.s__Bacteroides_vulgatus	abcdef
UniRef90_A0A174VI51	abcdef
UniRef90_A0A174VI51|g__Bacteroides.s__Bacteroides_vulgatus	abcdef
UniRef90_A0A078RCT4	abcdef
UniRef90_A0A078RCT4|g__Bacteroides.s__Bacteroides_vulgatus	abcdef
UniRef90_R6C410	abcdef
UniRef90_R6C410|g__Bacteroides.s__Bacteroides_vulgatus	abcdef
UniRef90_A0A174SFB0	abcdef
UniRef90_A0A174SFB0|g__Bacteroides.s__Bacteroides_vulgatus	abcdef
UniRef90_A0A076J1V0	abcdef
UniRef90_A0A076J1V0|g__Bacteroides.s__Bacteroides_vulgatus	abcdef
UniRef90_B0NSG7	abcdef
UniRef90_B0NSG7|g__Bacteroides.s__Bacteroides_vulgatus	abcdef
UniRef90_A0A0P0M4D2	abcdef
UniRef90_A0A0P0M4D2|g__Bacteroides.s__Bacteroides_vulgatus	abcdef
UniRef90_A0A0P0LGN9	abcdef
UniRef90_A0A0P0LGN9|g__Bacteroides.s__Bacteroides_vulgatus	abcdef
UniRef90_A0A015TKW0	abcdef
UniRef90_A0A015TKW0|g__Bacteroides.s__Bacteroides_vulgatus	abcdef
UniRef90_I8VTE5	abcdef
UniRef90_I8VTE5|g__Bacteroides.s__Bacteroides_vulgatus	abcdef
UniRef90_C3QT85	abcdef
UniRef90_C3QT85|g__Bacteroides.s__Bacteroides_vulgatus	abcdef
UniRef90_A0A1Y4PM15	abcdef
UniRef90_A0A1Y4PM15|g__Bacteroides.s__Bacteroides_vulgatus	abcdef
UniRef90_A0A1Y4PDW8	abcdef
UniRef90_A0A1Y4PDW8|g__Bacteroides.s__Bacteroides_vulgatus	abcdef
UniRef90_A6KYC8	abcdef
UniRef90_A6KYC8|g__Bacteroides.s__Bacteroides_vulgatus	abcdef
UniRef90_A0A397WER9	abcdef
UniRef90_A0A397WER9|g__Bacteroides.s__Bacteroides_vulgatus	abcdef
UniRef90_A0A0N7J7Z6	abcdef
UniRef90_A0A0N7J7Z6|g__Bacteroides.s__Bacteroides_vulgatus	abcdef
UniRef90_C3R4L3	abcdef
UniRef90_C3R4L3|g__Bacteroides.s__Bacteroides_vulgatus	abcdef
UniRef90_A0A174VCF6	abcdef
UniRef90_A0A174VCF6|g__Bacteroides.s__Bacteroides_vulgatus	abcdef
UniRef90_A6L070	abcdef
UniRef90_A6L070|g__Bacteroides.s__Bacteroides_vulgatus	abcdef
UniRef90_A0A395VSG6	abcdef
UniRef90_A0A395VSG6|g__Bacteroides.s__Bacteroides_vulgatus	abcdef
UniRef90_A0A396EQ60	abcdef
UniRef90_A0A396EQ60|g__Bacteroides.s__Bacteroides_vulgatus	abcdef
UniRef90_D4V3Y1	abcdef
UniRef90_D4V3Y1|g__Bacteroides.s__Bacteroides_vulgatus	abcdef
UniRef90_A0A0P0L2L4	abcdef
UniRef90_A0A0P0L2L4|g__Bacteroides.s__Bacteroides_vulgatus	abcdef
UniRef90_A0A174LYN9	abcdef
UniRef90_A0A174LYN9|g__Bacteroides.s__Bacteroides_vulgatus	abcdef
UniRef90_A0A396AP31	abcdef
UniRef90_A0A396AP31|g__Bacteroides.s__Bacteroides_vulgatus	abcdef
UniRef90_D4V593	abcdef
UniRef90_D4V593|g__Bacteroides.s__Bacteroides_vulgatus	abcdef
UniRef90_A0A0P0L7X4	abcdef
UniRef90_A0A0P0L7X4|g__Bacteroides.s__Bacteroides_vulgatus	abcdef
UniRef90_A0A395VTA3	abcdef
UniRef90_A0A395VTA3|g__Bacteroides.s__Bacteroides_vulgatus	abcdef
UniRef90_A0A076IQ70	abcdef
UniRef90_A0A076IQ70|g__Bacteroides.s__Bacteroides_vulgatus	abcdef
UniRef90_A0A076IUQ2	abcdef
UniRef90_A0A076IUQ2|g__Bacteroides.s__Bacteroides_vulgatus	abcdef
UniRef90_C3RG82	abcdef
UniRef90_C3RG82|g__Bacteroides.s__Bacteroides_vulgatus	abcdef
UniRef90_A0A1H7KR90	abcdef
UniRef90_A0A1H7KR90|g__Bacteroides.s__Bacteroides_vulgatus	abcdef
UniRef90_U6RBT0	abcdef
UniRef90_U6RBT0|g__Bacteroides.s__Bacteroides_vulgatus	abcdef
UniRef90_A0A1Q6I8W2	abcdef
UniRef90_A0A1Q6I8W2|g__Bacteroides.s__Bacteroides_vulgatus	abcdef
UniRef90_C3R6B4	abcdef
UniRef90_C3R6B4|g__Bacteroides.s__Bacteroides_vulgatus	abcdef
UniRef90_A0A396AQX7	abcdef
UniRef90_A0A396AQX7|g__Bacteroides.s__Bacteroides_vulgatus	abcdef
UniRef90_A0A0N7J733	abcdef
UniRef90_A0A0N7J733|g__Bacteroides.s__Bacteroides_vulgatus	abcdef
UniRef90_A0A0P0L8Z7	abcdef
UniRef90_A0A0P0L8Z7|g__Bacteroides.s__Bacteroides_vulgatus	abcdef
UniRef90_C6Z6H7	abcdef
UniRef90_C6Z6H7|g__Bacteroides.s__Bacteroides_vulgatus	abcdef
UniRef90_A0A133PU47	abcdef
UniRef90_A0A133PU47|g__Bacteroides.s__Bacteroides_vulgatus	abcdef
UniRef90_A6KZQ5	abcdef
UniRef90_A6KZQ5|g__Bacteroides.s__Bacteroides_vulgatus	abcdef
UniRef90_A0A076IXF0	abcdef
UniRef90_A0A076IXF0|g__Bacteroides.s__Bacteroides_vulgatus	abcdef
UniRef90_A0A0K2HQ54	abcdef
UniRef90_A0A0K2HQ54|g__Bacteroides.s__Bacteroides_vulgatus	abcdef
UniRef90_A0A174SCL4	abcdef
UniRef90_A0A174SCL4|g__Bacteroides.s__Bacteroides_vulgatus	abcdef
UniRef90_C3R8W0	abcdef
UniRef90_C3R8W0|g__Bacteroides.s__Bacteroides_vulgatus	abcdef
UniRef90_A0A0P0L4I7	abcdef
UniRef90_A0A0P0L4I7|g__Bacteroides.s__Bacteroides_vulgatus	abcdef
UniRef90_A0A0M1W6U9	abcdef
UniRef90_A0A0M1W6U9|g__Bacteroides.s__Bacteroides_vulgatus	abcdef
UniRef90_A0A076IYL7	abcdef
UniRef90_A0A076IYL7|g__Bacteroides.s__Bacteroides_vulgatus	abcdef
UniRef90_A0A174S253	abcdef
UniRef90_A0A174S253|g__Bacteroides.s__Bacteroides_vulgatus	abcdef
UniRef90_I9FIN4	abcdef
UniRef90_I9FIN4|g__Bacteroides.s__Bacteroides_vulgatus	abcdef
UniRef90_C9KVC5	abcdef
UniRef90_C9KVC5|g__Bacteroides.s__Bacteroides_vulgatus	abcdef
UniRef90_A0A076ISZ3	abcdef
UniRef90_A0A076ISZ3|g__Bacteroides.s__Bacteroides_vulgatus	abcdef
UniRef90_A0A078QXB4	abcdef
UniRef90_A0A078QXB4|g__Bacteroides.s__Bacteroides_vulgatus	abcdef
UniRef90_A6KZL1	abcdef
UniRef90_A6KZL1|g__Bacteroides.s__Bacteroides_vulgatus	abcdef
UniRef90_A0A076ISB8	abcdef
UniRef90_A0A076ISB8|g__Bacteroides.s__Bacteroides_vulgatus	abcdef
UniRef90_A0A015XDU1	abcdef
UniRef90_A0A015XDU1|g__Bacteroides.s__Bacteroides_vulgatus	abcdef
UniRef90_A0A0P0LJZ6	abcdef
UniRef90_A0A0P0LJZ6|g__Bacteroides.s__Bacteroides_vulgatus	abcdef
UniRef90_A0A0K2HP50	abcdef
UniRef90_A0A0K2HP50|g__Bacteroides.s__Bacteroides_vulgatus	abcdef
UniRef90_A0A0P0L0H0	abcdef
UniRef90_A0A0P0L0H0|g__Bacteroides.s__Bacteroides_vulgatus	abcdef
UniRef90_W6NZG1	abcdef
UniRef90_W6NZG1|g__Bacteroides.s__Bacteroides_vulgatus	abcdef
UniRef90_A6KZJ8	abcdef
UniRef90_A6KZJ8|g__Bacteroides.s__Bacteroides_vulgatus	abcdef
UniRef90_A0A396ASJ6	abcdef
UniRef90_A0A396ASJ6|g__Bacteroides.s__Bacteroides_vulgatus	abcdef
UniRef90_A6KXU3	abcdef
UniRef90_A6KXU3|g__Bacteroides.s__Bacteroides_vulgatus	abcdef
UniRef90_A0A076ISU9	abcdef
UniRef90_A0A076ISU9|g__Bacteroides.s__Bacteroides_vulgatus	abcdef
UniRef90_A0A380Z4D5	abcdef
UniRef90_A0A380Z4D5|g__Bacteroides.s__Bacteroides_vulgatus	abcdef
UniRef90_A0A0P0M501	abcdef
UniRef90_A0A0P0M501|g__Bacteroides.s__Bacteroides_vulgatus	abcdef
UniRef90_A0A3E4JG82	abcdef
UniRef90_A0A3E4JG82|g__Bacteroides.s__Bacteroides_vulgatus	abcdef
UniRef90_A0A0M1W1V6	abcdef
UniRef90_A0A0M1W1V6|g__Bacteroides.s__Bacteroides_vulgatus	abcdef
UniRef90_A0A397WBS2	abcdef
UniRef90_A0A397WBS2|g__Bacteroides.s__Bacteroides_vulgatus	abcdef
UniRef90_A0A0P0M4K3	abcdef
UniRef90_A0A0P0M4K3|g__Bacteroides.s__Bacteroides_vulgatus	abcdef
UniRef90_A0A078PLC9	abcdef
UniRef90_A0A078PLC9|g__Bacteroides.s__Bacteroides_vulgatus	abcdef
UniRef90_A0A0P0M2S1	abcdef
UniRef90_A0A0P0M2S1|g__Bacteroides.s__Bacteroides_vulgatus	abcdef
UniRef90_C6IUJ3	abcdef
UniRef90_C6IUJ3|g__Bacteroides.s__Bacteroides_vulgatus	abcdef
UniRef90_D4V8X0	abcdef
UniRef90_D4V8X0|g__Bacteroides.s__Bacteroides_vulgatus	abcdef
UniRef90_I9TY61	abcdef
UniRef90_I9TY61|g__Bacteroides.s__Bacteroides_vulgatus	abcdef
UniRef90_A0A076J215	abcdef
UniRef90_A0A076J215|g__Bacteroides.s__Bacteroides_vulgatus	abcdef
UniRef90_A0A0M1VZN2	abcdef
UniRef90_A0A0M1VZN2|g__Bacteroides.s__Bacteroides_vulgatus	abcdef
UniRef90_A0A076IQW0	abcdef
UniRef90_A0A076IQW0|g__Bacteroides.s__Bacteroides_vulgatus	abcdef
UniRef90_A0A016GBY6	abcdef
UniRef90_A0A016GBY6|g__Bacteroides.s__Bacteroides_vulgatus	abcdef
UniRef90_A0A0K2HQB2	abcdef
UniRef90_A0A0K2HQB2|g__Bacteroides.s__Bacteroides_vulgatus	abcdef
UniRef90_A6L4L7	abcdef
UniRef90_A6L4L7|g__Bacteroides.s__Bacteroides_vulgatus	abcdef
UniRef90_A0A395VJY0	abcdef
UniRef90_A0A395VJY0|g__Bacteroides.s__Bacteroides_vulgatus	abcdef
UniRef90_C3R4H6	abcdef
UniRef90_C3R4H6|g__Bacteroides.s__Bacteroides_vulgatus	abcdef
UniRef90_D4V3D6	abcdef
UniRef90_D4V3D6|g__Bacteroides.s__Bacteroides_vulgatus	abcdef
UniRef90_B6VZI2	abcdef
UniRef90_B6VZI2|g__Bacteroides.s__Bacteroides_vulgatus	abcdef
UniRef90_A6L313	abcdef
UniRef90_A6L313|g__Bacteroides.s__Bacteroides_vulgatus	abcdef
UniRef90_R6CCE8	abcdef
UniRef90_R6CCE8|g__Bacteroides.s__Bacteroides_vulgatus	abcdef
UniRef90_C3RGN1	abcdef
UniRef90_C3RGN1|g__Bacteroides.s__Bacteroides_vulgatus	abcdef
UniRef90_D1JXT2	abcdef
UniRef90_D1JXT2|g__Bacteroides.s__Bacteroides_vulgatus	abcdef
UniRef90_A0A076ILH5	abcdef
UniRef90_A0A076ILH5|g__Bacteroides.s__Bacteroides_vulgatus	abcdef
UniRef90_C3R6C8	abcdef
UniRef90_C3R6C8|g__Bacteroides.s__Bacteroides_vulgatus	abcdef
UniRef90_A0A078RC18	abcdef
UniRef90_A0A078RC18|g__Bacteroides.s__Bacteroides_vulgatus	abcdef
UniRef90_A0A0P0L6G4	abcdef
UniRef90_A0A0P0L6G4|g__Bacteroides.s__Bacteroides_vulgatus	abcdef
UniRef90_A0A076IYP6	abcdef
UniRef90_A0A076IYP6|g__Bacteroides.s__Bacteroides_vulgatus	abcdef
UniRef90_U6R932	abcdef
UniRef90_U6R932|g__Bacteroides.s__Bacteroides_vulgatus	abcdef
UniRef90_A0A174K803	abcdef
UniRef90_A0A174K803|g__Bacteroides.s__Bacteroides_vulgatus	abcdef
UniRef90_A0A174NM17	abcdef
UniRef90_A0A174NM17|g__Bacteroides.s__Bacteroides_vulgatus	abcdef
UniRef90_C3R8I0	abcdef
UniRef90_C3R8I0|g__Bacteroides.s__Bacteroides_vulgatus	abcdef
UniRef90_A0A0P0LA17	abcdef
UniRef90_A0A0P0LA17|g__Bacteroides.s__Bacteroides_vulgatus	abcdef
UniRef90_B0MZA3	abcdef
UniRef90_B0MZA3|g__Bacteroides.s__Bacteroides_vulgatus	abcdef
UniRef90_P30899	abcdef
UniRef90_P30899|g__Bacteroides.s__Bacteroides_vulgatus	abcdef
UniRef90_I9FMQ5	abcdef
UniRef90_I9FMQ5|g__Bacteroides.s__Bacteroides_vulgatus	abcdef
UniRef90_A0A0M1W0Y9	abcdef
UniRef90_A0A0M1W0Y9|g__Bacteroides.s__Bacteroides_vulgatus	abcdef
UniRef90_A0A397WLU0	abcdef
UniRef90_A0A397WLU0|g__Bacteroides.s__Bacteroides_vulgatus	abcdef
UniRef90_A0A1Q6IQ53	abcdef
UniRef90_A0A1Q6IQ53|g__Bacteroides.s__Bacteroides_vulgatus	abcdef
UniRef90_A0A076J288	abcdef
UniRef90_A0A076J288|g__Bacteroides.s__Bacteroides_vulgatus	abcdef
UniRef90_A0A0K2HHG8	abcdef
UniRef90_A0A0K2HHG8|g__Bacteroides.s__Bacteroides_vulgatus	abcdef
UniRef90_A0A1Y4PR89	abcdef
UniRef90_A0A1Y4PR89|g__Bacteroides.s__Bacteroides_vulgatus	abcdef
UniRef90_C6IUI8	abcdef
UniRef90_C6IUI8|g__Bacteroides.s__Bacteroides_vulgatus	abcdef
UniRef90_B6VZ21	abcdef
UniRef90_B6VZ21|g__Bacteroides.s__Bacteroides_vulgatus	abcdef
UniRef90_F3PL25	abcdef
UniRef90_F3PL25|g__Bacteroides.s__Bacteroides_vulgatus	abcdef
UniRef90_A0A0K2HNA3	abcdef
UniRef90_A0A0K2HNA3|g__Bacteroides.s__Bacteroides_vulgatus	abcdef
UniRef90_A0A0M1W4C3	abcdef
UniRef90_A0A0M1W4C3|g__Bacteroides.s__Bacteroides_vulgatus	abcdef
UniRef90_I3YLF4	abcdef
UniRef90_I3YLF4|g__Bacteroides.s__Bacteroides_vulgatus	abcdef
UniRef90_A0A1L5KFI3	abcdef
UniRef90_A0A1L5KFI3|g__Bacteroides.s__Bacteroides_vulgatus	abcdef
UniRef90_A0A076INE9	abcdef
UniRef90_A0A076INE9|g__Bacteroides.s__Bacteroides_vulgatus	abcdef
UniRef90_A0A076IQS3	abcdef
UniRef90_A0A076IQS3|g__Bacteroides.s__Bacteroides_vulgatus	abcdef
UniRef90_A0A0N7J6S6	abcdef
UniRef90_A0A0N7J6S6|g__Bacteroides.s__Bacteroides_vulgatus	abcdef
UniRef90_C3R8X1	abcdef
UniRef90_C3R8X1|g__Bacteroides.s__Bacteroides_vulgatus	abcdef
UniRef90_A0A0P0LRE5	abcdef
UniRef90_A0A0P0LRE5|g__Bacteroides.s__Bacteroides_vulgatus	abcdef
UniRef90_A0A397WKY4	abcdef
UniRef90_A0A397WKY4|g__Bacteroides.s__Bacteroides_vulgatus	abcdef
UniRef90_A0A395UTD2	abcdef
UniRef90_A0A395UTD2|g__Bacteroides.s__Bacteroides_vulgatus	abcdef
UniRef90_A0A139JRM5	abcdef
UniRef90_A0A139JRM5|g__Bacteroides.s__Bacteroides_vulgatus	abcdef
UniRef90_A0A076J4G7	abcdef
UniRef90_A0A076J4G7|g__Bacteroides.s__Bacteroides_vulgatus	abcdef
UniRef90_A0A396EIK9	abcdef
UniRef90_A0A396EIK9|g__Bacteroides.s__Bacteroides_vulgatus	abcdef
UniRef90_A0A076IUS6	abcdef
UniRef90_A0A076IUS6|g__Bacteroides.s__Bacteroides_vulgatus	abcdef
UniRef90_A0A0N7J7I0	abcdef
UniRef90_A0A0N7J7I0|g__Bacteroides.s__Bacteroides_vulgatus	abcdef
UniRef90_A0A3E4JEG1	abcdef
UniRef90_A0A3E4JEG1|g__Bacteroides.s__Bacteroides_vulgatus	abcdef
UniRef90_E5UQL1	abcdef
UniRef90_E5UQL1|g__Bacteroides.s__Bacteroides_vulgatus	abcdef
UniRef90_D4V3P4	abcdef
UniRef90_D4V3P4|g__Bacteroides.s__Bacteroides_vulgatus	abcdef
UniRef90_A0A3E4XTM5	abcdef
UniRef90_A0A3E4XTM5|g__Bacteroides.s__Bacteroides_vulgatus	abcdef
UniRef90_A0A395VR68	abcdef
UniRef90_A0A395VR68|g__Bacteroides.s__Bacteroides_vulgatus	abcdef
UniRef90_A0A0K2HG35	abcdef
UniRef90_A0A0K2HG35|g__Bacteroides.s__Bacteroides_vulgatus	abcdef
UniRef90_A0A076J254	abcdef
UniRef90_A0A076J254|g__Bacteroides.s__Bacteroides_vulgatus	abcdef
UniRef90_A0A0N7J7Z5	abcdef
UniRef90_A0A0N7J7Z5|g__Bacteroides.s__Bacteroides_vulgatus	abcdef
UniRef90_A0A174KY93	abcdef
UniRef90_A0A174KY93|g__Bacteroides.s__Bacteroides_vulgatus	abcdef
UniRef90_A0A380ZJH4	abcdef
UniRef90_A0A380ZJH4|g__Bacteroides.s__Bacteroides_vulgatus	abcdef
UniRef90_A0A174J9C9	abcdef
UniRef90_A0A174J9C9|g__Bacteroides.s__Bacteroides_vulgatus	abcdef
UniRef90_A0A3E4I8G8	abcdef
UniRef90_A0A3E4I8G8|g__Bacteroides.s__Bacteroides_vulgatus	abcdef
UniRef90_A0A397WBK9	abcdef
UniRef90_A0A397WBK9|g__Bacteroides.s__Bacteroides_vulgatus	abcdef
UniRef90_A0A1D6XS85	abcdef
UniRef90_A0A1D6XS85|g__Bacteroides.s__Bacteroides_vulgatus	abcdef
UniRef90_A0A076J5W5	abcdef
UniRef90_A0A076J5W5|g__Bacteroides.s__Bacteroides_vulgatus	abcdef
UniRef90_A0A380ZGV8	abcdef
UniRef90_A0A380ZGV8|g__Bacteroides.s__Bacteroides_vulgatus	abcdef
UniRef90_A0A3E5ECU5	abcdef
UniRef90_A0A3E5ECU5|g__Bacteroides.s__Bacteroides_vulgatus	abcdef
UniRef90_A0A174TWT2	abcdef
UniRef90_A0A174TWT2|g__Bacteroides.s__Bacteroides_vulgatus	abcdef
UniRef90_A0A173WTQ6	abcdef
UniRef90_A0A173WTQ6|g__Bacteroides.s__Bacteroides_vulgatus	abcdef
UniRef90_Q8A2S4	abcdef
UniRef90_Q8A2S4|g__Bacteroides.s__Bacteroides_vulgatus	abcdef
UniRef90_A0A0P0M0K4	abcdef
UniRef90_A0A0P0M0K4|g__Bacteroides.s__Bacteroides_vulgatus	abcdef
UniRef90_A0A0P0LPP0	abcdef
UniRef90_A0A0P0LPP0|g__Bacteroides.s__Bacteroides_vulgatus	abcdef
UniRef90_A0A076IR60	abcdef
UniRef90_A0A076IR60|g__Bacteroides.s__Bacteroides_vulgatus	abcdef
UniRef90_I9T843	abcdef
UniRef90_I9T843|g__Bacteroides.s__Bacteroides_vulgatus	abcdef
UniRef90_K6AE66	abcdef
UniRef90_K6AE66|g__Bacteroides.s__Bacteroides_vulgatus	abcdef
UniRef90_A6L3B5	abcdef
UniRef90_A6L3B5|g__Bacteroides.s__Bacteroides_vulgatus	abcdef
UniRef90_A0A076J702	abcdef
UniRef90_A0A076J702|g__Bacteroides.s__Bacteroides_vulgatus	abcdef
UniRef90_D4VCT1	abcdef
UniRef90_D4VCT1|g__Bacteroides.s__Bacteroides_vulgatus	abcdef
UniRef90_A0A3E4T9A4	abcdef
UniRef90_A0A3E4T9A4|g__Bacteroides.s__Bacteroides_vulgatus	abcdef
UniRef90_A0A1G1TVY5	abcdef
UniRef90_A0A1G1TVY5|g__Bacteroides.s__Bacteroides_vulgatus	abcdef
UniRef90_A0A0P0LIK6	abcdef
UniRef90_A0A0P0LIK6|g__Bacteroides.s__Bacteroides_vulgatus	abcdef
UniRef90_A0A0N7J7N2	abcdef
UniRef90_A0A0N7J7N2|g__Bacteroides.s__Bacteroides_vulgatus	abcdef
UniRef90_K5Z4K3	abcdef
UniRef90_K5Z4K3|g__Bacteroides.s__Bacteroides_vulgatus	abcdef
UniRef90_A0A0E2TFE3	abcdef
UniRef90_A0A0E2TFE3|g__Bacteroides.s__Bacteroides_vulgatus	abcdef
UniRef90_A6KYK4	abcdef
UniRef90_A6KYK4|g__Bacteroides.s__Bacteroides_vulgatus	abcdef
UniRef90_C6IQD9	abcdef
UniRef90_C6IQD9|g__Bacteroides.s__Bacteroides_vulgatus	abcdef
UniRef90_A0A374Q4U9	abcdef
UniRef90_A0A374Q4U9|g__Bacteroides.s__Bacteroides_vulgatus	abcdef
UniRef90_A0A174WBC9	abcdef
UniRef90_A0A174WBC9|g__Bacteroides.s__Bacteroides_vulgatus	abcdef
UniRef90_A0A174BPA4	abcdef
UniRef90_A0A174BPA4|g__Bacteroides.s__Bacteroides_vulgatus	abcdef
UniRef90_A0A0P0M4E9	abcdef
UniRef90_A0A0P0M4E9|g__Bacteroides.s__Bacteroides_vulgatus	abcdef
UniRef90_A0A0P0LDL7	abcdef
UniRef90_A0A0P0LDL7|g__Bacteroides.s__Bacteroides_vulgatus	abcdef
UniRef90_D4VAA1	abcdef
UniRef90_D4VAA1|g__Bacteroides.s__Bacteroides_vulgatus	abcdef
UniRef90_A0A174TTJ1	abcdef
UniRef90_A0A174TTJ1|g__Bacteroides.s__Bacteroides_vulgatus	abcdef
UniRef90_A0A0P0LE09	abcdef
UniRef90_A0A0P0LE09|g__Bacteroides.s__Bacteroides_vulgatus	abcdef
UniRef90_A0A076IS10	abcdef
UniRef90_A0A076IS10|g__Bacteroides.s__Bacteroides_vulgatus	abcdef
UniRef90_A0A1H7MMS0	abcdef
UniRef90_A0A1H7MMS0|g__Bacteroides.s__Bacteroides_vulgatus	abcdef
UniRef90_A0A0P0M2I3	abcdef
UniRef90_A0A0P0M2I3|g__Bacteroides.s__Bacteroides_vulgatus	abcdef
UniRef90_A6KXU8	abcdef
UniRef90_A6KXU8|g__Bacteroides.s__Bacteroides_vulgatus	abcdef
UniRef90_A6L170	abcdef
UniRef90_A6L170|g__Bacteroides.s__Bacteroides_vulgatus	abcdef
UniRef90_A0A0P0M3U1	abcdef
UniRef90_A0A0P0M3U1|g__Bacteroides.s__Bacteroides_vulgatus	abcdef
UniRef90_D1K7C8	abcdef
UniRef90_D1K7C8|g__Bacteroides.s__Bacteroides_vulgatus	abcdef
UniRef90_A0A076IVW3	abcdef
UniRef90_A0A076IVW3|g__Bacteroides.s__Bacteroides_vulgatus	abcdef
UniRef90_A0A0P0GM51	abcdef
UniRef90_A0A0P0GM51|g__Bacteroides.s__Bacteroides_vulgatus	abcdef
UniRef90_E5UT54	abcdef
UniRef90_E5UT54|g__Bacteroides.s__Bacteroides_vulgatus	abcdef
UniRef90_E5UXH4	abcdef
UniRef90_E5UXH4|g__Bacteroides.s__Bacteroides_vulgatus	abcdef
UniRef90_A0A0K2HE84	abcdef
UniRef90_A0A0K2HE84|g__Bacteroides.s__Bacteroides_vulgatus	abcdef
UniRef90_A0A174TCX1	abcdef
UniRef90_A0A174TCX1|g__Bacteroides.s__Bacteroides_vulgatus	abcdef
UniRef90_A6KYH0	abcdef
UniRef90_A6KYH0|g__Bacteroides.s__Bacteroides_vulgatus	abcdef
UniRef90_A0A076IWV6	abcdef
UniRef90_A0A076IWV6|g__Bacteroides.s__Bacteroides_vulgatus	abcdef
UniRef90_A0A0P0LPT7	abcdef
UniRef90_A0A0P0LPT7|g__Bacteroides.s__Bacteroides_vulgatus	abcdef
UniRef90_A0A0K2HL46	abcdef
UniRef90_A0A0K2HL46|g__Bacteroides.s__Bacteroides_vulgatus	abcdef
UniRef90_R5M2H2	abcdef
UniRef90_R5M2H2|g__Bacteroides.s__Bacteroides_vulgatus	abcdef
UniRef90_A0A0P0M403	abcdef
UniRef90_A0A0P0M403|g__Bacteroides.s__Bacteroides_vulgatus	abcdef
UniRef90_I9RA95	abcdef
UniRef90_I9RA95|g__Bacteroides.s__Bacteroides_vulgatus	abcdef
UniRef90_A0A078RB19	abcdef
UniRef90_A0A078RB19|g__Bacteroides.s__Bacteroides_vulgatus	abcdef
UniRef90_A6L645	abcdef
UniRef90_A6L645|g__Bacteroides.s__Bacteroides_vulgatus	abcdef
UniRef90_A0A069SK66	abcdef
UniRef90_A0A069SK66|g__Bacteroides.s__Bacteroides_vulgatus	abcdef
UniRef90_A0A0P0L4L1	abcdef
UniRef90_A0A0P0L4L1|g__Bacteroides.s__Bacteroides_vulgatus	abcdef
UniRef90_A0A396EL80	abcdef
UniRef90_A0A396EL80|g__Bacteroides.s__Bacteroides_vulgatus	abcdef
UniRef90_E5UQ06	abcdef
UniRef90_E5UQ06|g__Bacteroides.s__Bacteroides_vulgatus	abcdef
UniRef90_A0A397WD19	abcdef
UniRef90_A0A397WD19|g__Bacteroides.s__Bacteroides_vulgatus	abcdef
UniRef90_A0A076IRS7	abcdef
UniRef90_A0A076IRS7|g__Bacteroides.s__Bacteroides_vulgatus	abcdef
UniRef90_R5JME6	abcdef
UniRef90_R5JME6|g__Bacteroides.s__Bacteroides_vulgatus	abcdef
UniRef90_D4VBD5	abcdef
UniRef90_D4VBD5|g__Bacteroides.s__Bacteroides_vulgatus	abcdef
UniRef90_Q8A155	abcdef
UniRef90_Q8A155|g__Bacteroides.s__Bacteroides_vulgatus	abcdef
UniRef90_A0A396F9T7	abcdef
UniRef90_A0A396F9T7|g__Bacteroides.s__Bacteroides_vulgatus	abcdef
UniRef90_A0A396AT32	abcdef
UniRef90_A0A396AT32|g__Bacteroides.s__Bacteroides_vulgatus	abcdef
UniRef90_A0A1Y4PFB7	abcdef
UniRef90_A0A1Y4PFB7|g__Bacteroides.s__Bacteroides_vulgatus	abcdef
UniRef90_A0A174WXU9	abcdef
UniRef90_A0A174WXU9|g__Bacteroides.s__Bacteroides_vulgatus	abcdef
UniRef90_A0A173WIK6	abcdef
UniRef90_A0A173WIK6|g__Bacteroides.s__Bacteroides_vulgatus	abcdef
UniRef90_A0A076INR1	abcdef
UniRef90_A0A076INR1|g__Bacteroides.s__Bacteroides_vulgatus	abcdef
UniRef90_A0A174IEZ6	abcdef
UniRef90_A0A174IEZ6|g__Bacteroides.s__Bacteroides_vulgatus	abcdef
UniRef90_A0A3E4JUG9	abcdef
UniRef90_A0A3E4JUG9|g__Bacteroides.s__Bacteroides_vulgatus	abcdef
UniRef90_C3RBF3	abcdef
UniRef90_C3RBF3|g__Bacteroides.s__Bacteroides_vulgatus	abcdef
UniRef90_A0A0P0M5P5	abcdef
UniRef90_A0A0P0M5P5|g__Bacteroides.s__Bacteroides_vulgatus	abcdef
UniRef90_A0A076IZ47	abcdef
UniRef90_A0A076IZ47|g__Bacteroides.s__Bacteroides_vulgatus	abcdef
UniRef90_A0A0P0M0H9	abcdef
UniRef90_A0A0P0M0H9|g__Bacteroides.s__Bacteroides_vulgatus	abcdef
UniRef90_A0A076IQH4	abcdef
UniRef90_A0A076IQH4|g__Bacteroides.s__Bacteroides_vulgatus	abcdef
UniRef90_A0A1H7MMN1	abcdef
UniRef90_A0A1H7MMN1|g__Bacteroides.s__Bacteroides_vulgatus	abcdef
UniRef90_A0A174Q601	abcdef
UniRef90_A0A174Q601|g__Bacteroides.s__Bacteroides_vulgatus	abcdef
UniRef90_A0A076J543	abcdef
UniRef90_A0A076J543|g__Bacteroides.s__Bacteroides_vulgatus	abcdef
UniRef90_B5CXZ6	abcdef
UniRef90_B5CXZ6|g__Bacteroides.s__Bacteroides_vulgatus	abcdef
UniRef90_A0A0K2HP99	abcdef
UniRef90_A0A0K2HP99|g__Bacteroides.s__Bacteroides_vulgatus	abcdef
UniRef90_C6Z3U6	abcdef
UniRef90_C6Z3U6|g__Bacteroides.s__Bacteroides_vulgatus	abcdef
UniRef90_A0A078RHS1	abcdef
UniRef90_A0A078RHS1|g__Bacteroides.s__Bacteroides_vulgatus	abcdef
UniRef90_Q89YW6	abcdef
UniRef90_Q89YW6|g__Bacteroides.s__Bacteroides_vulgatus	abcdef
UniRef90_A0A0F5JR45	abcdef
UniRef90_A0A0F5JR45|g__Bacteroides.s__Bacteroides_vulgatus	abcdef
UniRef90_A0A1Y4PC68	abcdef
UniRef90_A0A1Y4PC68|g__Bacteroides.s__Bacteroides_vulgatus	abcdef
UniRef90_A0A174SQD9	abcdef
UniRef90_A0A174SQD9|g__Bacteroides.s__Bacteroides_vulgatus	abcdef
UniRef90_A0A174NSG4	abcdef
UniRef90_A0A174NSG4|g__Bacteroides.s__Bacteroides_vulgatus	abcdef
UniRef90_A0A396ALC3	abcdef
UniRef90_A0A396ALC3|g__Bacteroides.s__Bacteroides_vulgatus	abcdef
UniRef90_A0A0P0FT12	abcdef
UniRef90_A0A0P0FT12|g__Bacteroides.s__Bacteroides_vulgatus	abcdef
UniRef90_A0A395UNU1	abcdef
UniRef90_A0A395UNU1|g__Bacteroides.s__Bacteroides_vulgatus	abcdef
UniRef90_D4WAD6	abcdef
UniRef90_D4WAD6|g__Bacteroides.s__Bacteroides_vulgatus	abcdef
UniRef90_A0A0M1W597	abcdef
UniRef90_A0A0M1W597|g__Bacteroides.s__Bacteroides_vulgatus	abcdef
UniRef90_A6KWF6	abcdef
UniRef90_A6KWF6|g__Bacteroides.s__Bacteroides_vulgatus	abcdef
UniRef90_A0A076J1W8	abcdef
UniRef90_A0A076J1W8|g__Bacteroides.s__Bacteroides_vulgatus	abcdef
UniRef90_A0A076J997	abcdef
UniRef90_A0A076J997|g__Bacteroides.s__Bacteroides_vulgatus	abcdef
UniRef90_A0A0P0L7F8	abcdef
UniRef90_A0A0P0L7F8|g__Bacteroides.s__Bacteroides_vulgatus	abcdef
UniRef90_B5CXN6	abcdef
UniRef90_B5CXN6|g__Bacteroides.s__Bacteroides_vulgatus	abcdef
UniRef90_A0A174TWV3	abcdef
UniRef90_A0A174TWV3|g__Bacteroides.s__Bacteroides_vulgatus	abcdef
UniRef90_A0A0P0M5Z5	abcdef
UniRef90_A0A0P0M5Z5|g__Bacteroides.s__Bacteroides_vulgatus	abcdef
UniRef90_A0A3E5E6D9	abcdef
UniRef90_A0A3E5E6D9|g__Bacteroides.s__Bacteroides_vulgatus	abcdef
UniRef90_A0A174J5J5	abcdef
UniRef90_A0A174J5J5|g__Bacteroides.s__Bacteroides_vulgatus	abcdef
UniRef90_A0A396FAT6	abcdef
UniRef90_A0A396FAT6|g__Bacteroides.s__Bacteroides_vulgatus	abcdef
UniRef90_A0A396F8P0	abcdef
UniRef90_A0A396F8P0|g__Bacteroides.s__Bacteroides_vulgatus	abcdef
UniRef90_A0A078QWE8	abcdef
UniRef90_A0A078QWE8|g__Bacteroides.s__Bacteroides_vulgatus	abcdef
UniRef90_A6L686	abcdef
UniRef90_A6L686|g__Bacteroides.s__Bacteroides_vulgatus	abcdef
UniRef90_C6Z6H8	abcdef
UniRef90_C6Z6H8|g__Bacteroides.s__Bacteroides_vulgatus	abcdef
UniRef90_K5ZRE6	abcdef
UniRef90_K5ZRE6|g__Bacteroides.s__Bacteroides_vulgatus	abcdef
UniRef90_A0A0P0M192	abcdef
UniRef90_A0A0P0M192|g__Bacteroides.s__Bacteroides_vulgatus	abcdef
UniRef90_A0A0M1W3W6	abcdef
UniRef90_A0A0M1W3W6|g__Bacteroides.s__Bacteroides_vulgatus	abcdef
UniRef90_A0A174RUP9	abcdef
UniRef90_A0A174RUP9|g__Bacteroides.s__Bacteroides_vulgatus	abcdef
UniRef90_A0A0P0L886	abcdef
UniRef90_A0A0P0L886|g__Bacteroides.s__Bacteroides_vulgatus	abcdef
UniRef90_A0A395VEZ8	abcdef
UniRef90_A0A395VEZ8|g__Bacteroides.s__Bacteroides_vulgatus	abcdef
UniRef90_A0A0N7J7G2	abcdef
UniRef90_A0A0N7J7G2|g__Bacteroides.s__Bacteroides_vulgatus	abcdef
UniRef90_A0A0P0M152	abcdef
UniRef90_A0A0P0M152|g__Bacteroides.s__Bacteroides_vulgatus	abcdef
UniRef90_S0F7Y5	abcdef
UniRef90_S0F7Y5|g__Bacteroides.s__Bacteroides_vulgatus	abcdef
UniRef90_UPI0002E0A599	abcdef
UniRef90_UPI0002E0A599|g__Bacteroides.s__Bacteroides_vulgatus	abcdef
UniRef90_D1QWA5	abcdef
UniRef90_D1QWA5|g__Bacteroides.s__Bacteroides_vulgatus	abcdef
UniRef90_K6AK01	abcdef
UniRef90_K6AK01|g__Bacteroides.s__Bacteroides_vulgatus	abcdef
UniRef90_A0A1Y3ZSD5	abcdef
UniRef90_A0A1Y3ZSD5|g__Bacteroides.s__Bacteroides_vulgatus	abcdef
UniRef90_R6F3Y1	abcdef
UniRef90_R6F3Y1|g__Bacteroides.s__Bacteroides_vulgatus	abcdef
UniRef90_A0A0P0M586	abcdef
UniRef90_A0A0P0M586|g__Bacteroides.s__Bacteroides_vulgatus	abcdef
UniRef90_D4VBS8	abcdef
UniRef90_D4VBS8|g__Bacteroides.s__Bacteroides_vulgatus	abcdef
UniRef90_A0A0M1W198	abcdef
UniRef90_A0A0M1W198|g__Bacteroides.s__Bacteroides_vulgatus	abcdef
UniRef90_A0A3E4T9B7	abcdef
UniRef90_A0A3E4T9B7|g__Bacteroides.s__Bacteroides_vulgatus	abcdef
UniRef90_A0A0P0LIQ9	abcdef
UniRef90_A0A0P0LIQ9|g__Bacteroides.s__Bacteroides_vulgatus	abcdef
UniRef90_D1JY20	abcdef
UniRef90_D1JY20|g__Bacteroides.s__Bacteroides_vulgatus	abcdef
UniRef90_A0A1Y4PQ59	abcdef
UniRef90_A0A1Y4PQ59|g__Bacteroides.s__Bacteroides_vulgatus	abcdef
UniRef90_A0A397WCE7	abcdef
UniRef90_A0A397WCE7|g__Bacteroides.s__Bacteroides_vulgatus	abcdef
UniRef90_A0A0P0M394	abcdef
UniRef90_A0A0P0M394|g__Bacteroides.s__Bacteroides_vulgatus	abcdef
UniRef90_A0A0P0M606	abcdef
UniRef90_A0A0P0M606|g__Bacteroides.s__Bacteroides_vulgatus	abcdef
UniRef90_D1JU88	abcdef
UniRef90_D1JU88|g__Bacteroides.s__Bacteroides_vulgatus	abcdef
UniRef90_D4VCM7	abcdef
UniRef90_D4VCM7|g__Bacteroides.s__Bacteroides_vulgatus	abcdef
UniRef90_A0A3E4HFL8	abcdef
UniRef90_A0A3E4HFL8|g__Bacteroides.s__Bacteroides_vulgatus	abcdef
UniRef90_A0A076IR50	abcdef
UniRef90_A0A076IR50|g__Bacteroides.s__Bacteroides_vulgatus	abcdef
UniRef90_D4V8X4	abcdef
UniRef90_D4V8X4|g__Bacteroides.s__Bacteroides_vulgatus	abcdef
UniRef90_I9A5F6	abcdef
UniRef90_I9A5F6|g__Bacteroides.s__Bacteroides_vulgatus	abcdef
UniRef90_A0A1H7IVI3	abcdef
UniRef90_A0A1H7IVI3|g__Bacteroides.s__Bacteroides_vulgatus	abcdef
UniRef90_C3QQR7	abcdef
UniRef90_C3QQR7|g__Bacteroides.s__Bacteroides_vulgatus	abcdef
UniRef90_A0A3E5EMN9	abcdef
UniRef90_A0A3E5EMN9|g__Bacteroides.s__Bacteroides_vulgatus	abcdef
UniRef90_I9RFL3	abcdef
UniRef90_I9RFL3|g__Bacteroides.s__Bacteroides_vulgatus	abcdef
UniRef90_A0A1Q6JNB2	abcdef
UniRef90_A0A1Q6JNB2|g__Bacteroides.s__Bacteroides_vulgatus	abcdef
UniRef90_A0A395VSK8	abcdef
UniRef90_A0A395VSK8|g__Bacteroides.s__Bacteroides_vulgatus	abcdef
UniRef90_D7INU4	abcdef
UniRef90_D7INU4|g__Bacteroides.s__Bacteroides_vulgatus	abcdef
UniRef90_A0A0P0L6Q3	abcdef
UniRef90_A0A0P0L6Q3|g__Bacteroides.s__Bacteroides_vulgatus	abcdef
UniRef90_A0A396EVR0	abcdef
UniRef90_A0A396EVR0|g__Bacteroides.s__Bacteroides_vulgatus	abcdef
UniRef90_UPI000E432A7C	abcdef
UniRef90_UPI000E432A7C|g__Bacteroides.s__Bacteroides_vulgatus	abcdef
UniRef90_A0A380Z5C7	abcdef
UniRef90_A0A380Z5C7|g__Bacteroides.s__Bacteroides_vulgatus	abcdef
